temporada,torneo,jornada,fecha,hora,local,visitante,goles_local,goles_visitante,penales,pen_local,pen_visitante,
2010/11,Apertura,1,2010-07-23,20:10,Estudiantes Tecos,Cruz Azul,0,3,FALSE,,,
2010/11,Apertura,1,2010-07-24,17:00,Jaguares Chiapas,Necaxa,1,1,FALSE,,,
2010/11,Apertura,1,2010-07-24,19:00,Pachuca,America,3,0,FALSE,,,
2010/11,Apertura,1,2010-07-24,,UANL,Querétaro,0,1,FALSE,,,
2010/11,Apertura,1,2010-07-24,,Guadalajara,Puebla,0,0,FALSE,,,
2010/11,Apertura,1,2010-07-24,20:45,Club San Luis,Monterrey,1,1,FALSE,,,
2010/11,Apertura,1,2010-07-24,21:00,Atlante,Santos Laguna,1,4,FALSE,,,
2010/11,Apertura,1,2010-07-25,12:00,Monarcas Morelia,Atlas,1,0,FALSE,,,
2010/11,Apertura,1,2010-07-25,,UNAM,Toluca,2,1,FALSE,,,
2010/11,Apertura,2,2010-07-30,20:10,Necaxa,UANL,0,2,FALSE,,,
2010/11,Apertura,2,2010-07-31,17:00,Cruz Azul,Atlante,2,0,FALSE,,,
2010/11,Apertura,2,2010-07-31,,Querétaro,Atlas,2,1,FALSE,,,
2010/11,Apertura,2,2010-07-31,19:00,Monterrey,Estudiantes Tecos,3,2,FALSE,,,
2010/11,Apertura,2,2010-07-31,,Santos Laguna,UNAM,4,0,FALSE,,,
2010/11,Apertura,2,2010-08-01,12:00,Toluca,Pachuca,1,1,FALSE,,,
2010/11,Apertura,2,2010-08-01,,Puebla,Club San Luis,2,1,FALSE,,,
2010/11,Apertura,2,2010-08-01,16:30,America,Jaguares Chiapas,3,0,FALSE,,,
2010/11,Apertura,2,2010-10-06,20:45,Guadalajara,Monarcas Morelia,0,1,FALSE,,,
2010/11,Apertura,3,2010-08-07,17:00,Jaguares Chiapas,Toluca,1,1,FALSE,,,
2010/11,Apertura,3,2010-08-07,19:00,Pachuca,Santos Laguna,0,3,FALSE,,,
2010/11,Apertura,3,2010-08-07,,UANL,America,1,1,FALSE,,,
2010/11,Apertura,3,2010-08-07,20:45,Atlas,Necaxa,0,1,FALSE,,,
2010/11,Apertura,3,2010-08-07,,Club San Luis,Guadalajara,0,1,FALSE,,,
2010/11,Apertura,3,2010-08-07,21:00,Atlante,Monterrey,1,2,FALSE,,,
2010/11,Apertura,3,2010-08-08,12:00,Monarcas Morelia,Querétaro,6,0,FALSE,,,
2010/11,Apertura,3,2010-08-08,,UNAM,Cruz Azul,2,0,FALSE,,,
2010/11,Apertura,3,2010-08-08,17:00,Estudiantes Tecos,Puebla,1,3,FALSE,,,
2010/11,Apertura,4,2010-08-13,20:10,Necaxa,Querétaro,1,1,FALSE,,,
2010/11,Apertura,4,2010-08-14,17:00,Cruz Azul,Pachuca,4,1,FALSE,,,
2010/11,Apertura,4,2010-08-14,19:00,Monterrey,UNAM,5,2,FALSE,,,
2010/11,Apertura,4,2010-08-14,,Santos Laguna,Jaguares Chiapas,1,0,FALSE,,,
2010/11,Apertura,4,2010-08-14,20:45,Club San Luis,Monarcas Morelia,1,0,FALSE,,,
2010/11,Apertura,4,2010-08-15,12:00,Toluca,UANL,1,1,FALSE,,,
2010/11,Apertura,4,2010-08-15,,Puebla,Atlante,1,1,FALSE,,,
2010/11,Apertura,4,2010-08-15,16:30,America,Atlas,1,1,FALSE,,,
2010/11,Apertura,4,2010-09-05,18:00,Guadalajara,Estudiantes Tecos,3,0,FALSE,,,
2010/11,Apertura,5,2010-08-20,20:10,Estudiantes Tecos,Club San Luis,3,2,FALSE,,,
2010/11,Apertura,5,2010-08-21,17:00,Jaguares Chiapas,Cruz Azul,2,3,FALSE,,,
2010/11,Apertura,5,2010-08-21,19:00,Pachuca,Monterrey,2,2,FALSE,,,
2010/11,Apertura,5,2010-08-21,,UANL,Santos Laguna,1,0,FALSE,,,
2010/11,Apertura,5,2010-08-21,20:45,Atlas,Toluca,0,1,FALSE,,,
2010/11,Apertura,5,2010-08-21,21:00,Atlante,Guadalajara,2,1,FALSE,,,
2010/11,Apertura,5,2010-08-22,12:00,Monarcas Morelia,Necaxa,1,0,FALSE,,,
2010/11,Apertura,5,2010-08-22,,UNAM,Puebla,4,1,FALSE,,,
2010/11,Apertura,5,2010-08-22,16:30,Querétaro,America,0,1,FALSE,,,
2010/11,Apertura,6,2010-08-27,20:10,Estudiantes Tecos,Monarcas Morelia,1,1,FALSE,,,
2010/11,Apertura,6,2010-08-28,17:00,Cruz Azul,UANL,3,2,FALSE,,,
2010/11,Apertura,6,2010-08-28,19:00,Monterrey,Jaguares Chiapas,1,1,FALSE,,,
2010/11,Apertura,6,2010-08-28,,Santos Laguna,Atlas,3,1,FALSE,,,
2010/11,Apertura,6,2010-08-28,,Guadalajara,UNAM,0,0,FALSE,,,
2010/11,Apertura,6,2010-08-28,20:45,Club San Luis,Atlante,2,1,FALSE,,,
2010/11,Apertura,6,2010-08-29,12:00,Toluca,Querétaro,2,0,FALSE,,,
2010/11,Apertura,6,2010-08-29,,Puebla,Pachuca,3,1,FALSE,,,
2010/11,Apertura,6,2010-08-29,16:30,America,Necaxa,1,1,FALSE,,,
2010/11,Apertura,7,2010-09-10,20:10,Necaxa,Toluca,1,1,FALSE,,,
2010/11,Apertura,7,2010-09-11,17:00,Querétaro,Santos Laguna,5,2,FALSE,,,
2010/11,Apertura,7,2010-09-11,,Jaguares Chiapas,Puebla,4,0,FALSE,,,
2010/11,Apertura,7,2010-09-11,19:00,Pachuca,Guadalajara,1,1,FALSE,,,
2010/11,Apertura,7,2010-09-11,,UANL,Monterrey,0,1,FALSE,,,
2010/11,Apertura,7,2010-09-11,20:45,Atlas,Cruz Azul,1,3,FALSE,,,
2010/11,Apertura,7,2010-09-11,21:00,Atlante,Estudiantes Tecos,0,1,FALSE,,,
2010/11,Apertura,7,2010-09-12,12:00,Monarcas Morelia,America,0,2,FALSE,,,
2010/11,Apertura,7,2010-09-12,,UNAM,Club San Luis,0,1,FALSE,,,
2010/11,Apertura,8,2010-09-17,20:10,Estudiantes Tecos,UNAM,2,2,FALSE,,,
2010/11,Apertura,8,2010-09-18,17:00,Cruz Azul,Querétaro,3,0,FALSE,,,
2010/11,Apertura,8,2010-09-18,19:00,Monterrey,Atlas,2,0,FALSE,,,
2010/11,Apertura,8,2010-09-18,,Santos Laguna,Necaxa,2,1,FALSE,,,
2010/11,Apertura,8,2010-09-18,,Guadalajara,Jaguares Chiapas,0,3,FALSE,,,
2010/11,Apertura,8,2010-09-18,,Club San Luis,Pachuca,1,0,FALSE,,,
2010/11,Apertura,8,2010-09-18,21:00,Atlante,Monarcas Morelia,2,0,FALSE,,,
2010/11,Apertura,8,2010-09-19,12:00,Toluca,America,2,1,FALSE,,,
2010/11,Apertura,8,2010-09-19,,Puebla,UANL,1,3,FALSE,,,
2010/11,Apertura,9,2010-09-24,20:10,Necaxa,Cruz Azul,2,1,FALSE,,,
2010/11,Apertura,9,2010-09-25,17:00,Querétaro,Monterrey,0,0,FALSE,,,
2010/11,Apertura,9,2010-09-25,,Jaguares Chiapas,Club San Luis,2,1,FALSE,,,
2010/11,Apertura,9,2010-09-25,19:00,Pachuca,Estudiantes Tecos,3,1,FALSE,,,
2010/11,Apertura,9,2010-09-25,20:45,Atlas,Puebla,1,0,FALSE,,,
2010/11,Apertura,9,2010-09-26,12:00,UANL,Guadalajara,1,1,FALSE,,,
2010/11,Apertura,9,2010-09-26,,Monarcas Morelia,Toluca,1,2,FALSE,,,
2010/11,Apertura,9,2010-09-26,,UNAM,Atlante,2,2,FALSE,,,
2010/11,Apertura,9,2010-09-26,17:00,America,Santos Laguna,3,2,FALSE,,,
2010/11,Apertura,10,2010-10-01,20:10,Estudiantes Tecos,Jaguares Chiapas,0,0,FALSE,,,
2010/11,Apertura,10,2010-10-02,19:00,Monterrey,Necaxa,2,1,FALSE,,,
2010/11,Apertura,10,2010-10-02,,Santos Laguna,Toluca,2,0,FALSE,,,
2010/11,Apertura,10,2010-10-02,,Club San Luis,UANL,1,0,FALSE,,,
2010/11,Apertura,10,2010-10-02,21:00,Atlante,Pachuca,1,3,FALSE,,,
2010/11,Apertura,10,2010-10-03,12:00,UNAM,Monarcas Morelia,1,0,FALSE,,,
2010/11,Apertura,10,2010-10-03,,Puebla,Querétaro,2,0,FALSE,,,
2010/11,Apertura,10,2010-10-03,16:30,Cruz Azul,America,1,0,FALSE,,,
2010/11,Apertura,10,2010-10-03,,Guadalajara,Atlas,2,2,FALSE,,,
2010/11,Apertura,11,2010-10-08,20:10,Necaxa,Puebla,1,0,FALSE,,,
2010/11,Apertura,11,2010-10-09,17:00,Querétaro,Guadalajara,2,2,FALSE,,,
2010/11,Apertura,11,2010-10-09,,Jaguares Chiapas,Atlante,2,0,FALSE,,,
2010/11,Apertura,11,2010-10-09,19:00,Pachuca,UNAM,3,2,FALSE,,,
2010/11,Apertura,11,2010-10-09,,UANL,Estudiantes Tecos,5,0,FALSE,,,
2010/11,Apertura,11,2010-10-09,20:45,Atlas,Club San Luis,2,1,FALSE,,,
2010/11,Apertura,11,2010-10-10,12:00,Monarcas Morelia,Santos Laguna,0,0,FALSE,,,
2010/11,Apertura,11,2010-10-10,,Toluca,Cruz Azul,0,0,FALSE,,,
2010/11,Apertura,11,2010-10-10,16:00,America,Monterrey,0,0,FALSE,,,
2010/11,Apertura,12,2010-10-15,20:10,Estudiantes Tecos,Atlas,2,1,FALSE,,,
2010/11,Apertura,12,2010-10-16,17:00,Cruz Azul,Santos Laguna,3,0,FALSE,,,
2010/11,Apertura,12,2010-10-16,,Club San Luis,Querétaro,3,2,FALSE,,,
2010/11,Apertura,12,2010-10-16,19:00,Pachuca,Monarcas Morelia,1,1,FALSE,,,
2010/11,Apertura,12,2010-10-16,,Guadalajara,Necaxa,1,0,FALSE,,,
2010/11,Apertura,12,2010-10-16,21:00,Monterrey,Toluca,2,0,FALSE,,,
2010/11,Apertura,12,2010-10-16,,Atlante,UANL,1,1,FALSE,,,
2010/11,Apertura,12,2010-10-17,12:00,UNAM,Jaguares Chiapas,1,0,FALSE,,,
2010/11,Apertura,12,2010-10-17,,Puebla,America,2,2,FALSE,,,
2010/11,Apertura,13,2010-10-22,20:10,Necaxa,Club San Luis,0,2,FALSE,,,
2010/11,Apertura,13,2010-10-23,17:00,Querétaro,Estudiantes Tecos,1,0,FALSE,,,
2010/11,Apertura,13,2010-10-23,,Jaguares Chiapas,Pachuca,2,0,FALSE,,,
2010/11,Apertura,13,2010-10-23,19:00,Santos Laguna,Monterrey,1,2,FALSE,,,
2010/11,Apertura,13,2010-10-23,,UANL,UNAM,2,0,FALSE,,,
2010/11,Apertura,13,2010-10-23,20:45,Atlas,Atlante,3,1,FALSE,,,
2010/11,Apertura,13,2010-10-24,12:00,Monarcas Morelia,Cruz Azul,1,1,FALSE,,,
2010/11,Apertura,13,2010-10-24,,Toluca,Puebla,2,1,FALSE,,,
2010/11,Apertura,13,2010-10-24,17:00,America,Guadalajara,0,0,FALSE,,,
2010/11,Apertura,14,2010-10-26,20:00,Pachuca,UANL,2,3,FALSE,,,
2010/11,Apertura,14,2010-10-26,21:00,UNAM,Atlas,1,1,FALSE,,,
2010/11,Apertura,14,2010-10-27,18:00,Estudiantes Tecos,Necaxa,0,2,FALSE,,,
2010/11,Apertura,14,2010-10-27,20:00,Jaguares Chiapas,Monarcas Morelia,0,0,FALSE,,,
2010/11,Apertura,14,2010-10-27,,Puebla,Santos Laguna,0,1,FALSE,,,
2010/11,Apertura,14,2010-10-27,20:30,Guadalajara,Toluca,0,0,FALSE,,,
2010/11,Apertura,14,2010-10-27,21:00,Atlante,Querétaro,1,0,FALSE,,,
2010/11,Apertura,14,2010-10-27,,Monterrey,Cruz Azul,2,4,FALSE,,,
2010/11,Apertura,14,2010-10-28,20:30,Club San Luis,America,1,2,FALSE,,,
2010/11,Apertura,15,2010-10-30,17:00,Cruz Azul,Puebla,1,0,FALSE,,,
2010/11,Apertura,15,2010-10-30,,Querétaro,UNAM,2,1,FALSE,,,
2010/11,Apertura,15,2010-10-30,19:00,Santos Laguna,Guadalajara,1,1,FALSE,,,
2010/11,Apertura,15,2010-10-30,,UANL,Jaguares Chiapas,0,0,FALSE,,,
2010/11,Apertura,15,2010-10-30,19:45,Atlas,Pachuca,1,2,FALSE,,,
2010/11,Apertura,15,2010-10-31,12:00,Monarcas Morelia,Monterrey,0,2,FALSE,,,
2010/11,Apertura,15,2010-10-31,,Toluca,Club San Luis,1,2,FALSE,,,
2010/11,Apertura,15,2010-10-31,17:00,Necaxa,Atlante,1,2,FALSE,,,
2010/11,Apertura,15,2010-10-31,,America,Estudiantes Tecos,4,1,FALSE,,,
2010/11,Apertura,16,2010-11-05,20:10,Estudiantes Tecos,Toluca,4,2,FALSE,,,
2010/11,Apertura,16,2010-11-06,17:00,Jaguares Chiapas,Atlas,2,1,FALSE,,,
2010/11,Apertura,16,2010-11-06,,Club San Luis,Santos Laguna,1,1,FALSE,,,
2010/11,Apertura,16,2010-11-06,19:00,Pachuca,Querétaro,2,1,FALSE,,,
2010/11,Apertura,16,2010-11-06,,UANL,Monarcas Morelia,0,1,FALSE,,,
2010/11,Apertura,16,2010-11-06,,Guadalajara,Cruz Azul,0,0,FALSE,,,
2010/11,Apertura,16,2010-11-06,21:00,Atlante,America,0,1,FALSE,,,
2010/11,Apertura,16,2010-11-07,12:00,UNAM,Necaxa,2,0,FALSE,,,
2010/11,Apertura,16,2010-11-07,,Puebla,Monterrey,2,0,FALSE,,,
2010/11,Apertura,17,2010-11-12,20:10,Necaxa,Pachuca,1,2,FALSE,,,
2010/11,Apertura,17,2010-11-13,17:00,Cruz Azul,Club San Luis,1,0,FALSE,,,
2010/11,Apertura,17,2010-11-13,,Querétaro,Jaguares Chiapas,1,1,FALSE,,,
2010/11,Apertura,17,2010-11-13,,Monterrey,Guadalajara,2,3,FALSE,,,
2010/11,Apertura,17,2010-11-13,19:00,Santos Laguna,Estudiantes Tecos,1,0,FALSE,,,
2010/11,Apertura,17,2010-11-13,20:45,Atlas,UANL,2,2,FALSE,,,
2010/11,Apertura,17,2010-11-14,12:00,Monarcas Morelia,Puebla,3,3,FALSE,,,
2010/11,Apertura,17,2010-11-14,,Toluca,Atlante,1,1,FALSE,,,
2010/11,Apertura,17,2010-11-14,16:30,America,UNAM,0,1,FALSE,,,
2010/11,Apertura,17,2010-11-17,19:00,Club San Luis,America,0,0,FALSE,,,
2010/11,Apertura,17,2010-11-17,21:00,UNAM,Cruz Azul,1,2,FALSE,,,
2010/11,Apertura,17,2010-11-18,18:00,Pachuca,Monterrey,1,1,FALSE,,,
2010/11,Apertura,17,2010-11-18,20:00,Jaguares Chiapas,Santos Laguna,1,1,FALSE,,,
2010/11,Apertura,17,2010-11-20,17:00,Cruz Azul,UNAM,0,2,FALSE,,,
2010/11,Apertura,17,2010-11-20,19:00,America,Club San Luis,4,1,FALSE,,,
2010/11,Apertura,17,2010-11-21,16:00,Monterrey,Pachuca,3,3,FALSE,,,
2010/11,Apertura,17,2010-11-21,18:00,Santos Laguna,Jaguares Chiapas,1,0,FALSE,,,
2010/11,Apertura,17,2010-11-25,19:00,America,Santos Laguna,1,2,FALSE,,,
2010/11,Apertura,17,2010-11-25,21:00,UNAM,Monterrey,0,0,FALSE,,,
2010/11,Apertura,17,2010-11-28,18:00,Santos Laguna,America,3,3,FALSE,,,
2010/11,Apertura,17,2010-11-28,20:00,Monterrey,UNAM,2,0,FALSE,,,
2010/11,Apertura,17,2010-12-02,20:00,Santos Laguna,Monterrey,3,2,FALSE,,,
2010/11,Apertura,17,2010-12-05,18:00,Monterrey,Santos Laguna,3,0,FALSE,,,
2010/11,Clausura,1,2011-01-07,20:10,Necaxa,Jaguares Chiapas,0,1,FALSE,,,
2010/11,Clausura,1,2011-01-08,17:00,Monterrey,Club San Luis,0,2,FALSE,,,
2010/11,Clausura,1,2011-01-08,,Querétaro,UANL,2,2,FALSE,,,
2010/11,Clausura,1,2011-01-08,,Cruz Azul,Estudiantes Tecos,4,1,FALSE,,,
2010/11,Clausura,1,2011-01-08,19:00,Santos Laguna,Atlante,2,1,FALSE,,,
2010/11,Clausura,1,2011-01-08,20:45,Atlas,Monarcas Morelia,5,0,FALSE,,,
2010/11,Clausura,1,2011-01-09,12:00,Puebla,Guadalajara,1,1,FALSE,,,
2010/11,Clausura,1,2011-01-09,,Toluca,UNAM,1,1,FALSE,,,
2010/11,Clausura,1,2011-01-09,16:00,America,Pachuca,0,2,FALSE,,,
2010/11,Clausura,2,2011-01-14,20:10,Estudiantes Tecos,Monterrey,3,2,FALSE,,,
2010/11,Clausura,2,2011-01-15,17:00,Jaguares Chiapas,America,2,2,FALSE,,,
2010/11,Clausura,2,2011-01-15,,Club San Luis,Puebla,3,0,FALSE,,,
2010/11,Clausura,2,2011-01-15,19:00,UANL,Necaxa,1,0,FALSE,,,
2010/11,Clausura,2,2011-01-15,,Pachuca,Toluca,0,0,FALSE,,,
2010/11,Clausura,2,2011-01-15,20:45,Atlas,Querétaro,2,1,FALSE,,,
2010/11,Clausura,2,2011-01-15,21:00,Atlante,Cruz Azul,3,0,FALSE,,,
2010/11,Clausura,2,2011-01-16,12:00,UNAM,Santos Laguna,2,0,FALSE,,,
2010/11,Clausura,2,2011-01-16,,Monarcas Morelia,Guadalajara,1,1,FALSE,,,
2010/11,Clausura,3,2011-01-21,20:10,Necaxa,Atlas,0,1,FALSE,,,
2010/11,Clausura,3,2011-01-22,17:00,Monterrey,Atlante,1,0,FALSE,,,
2010/11,Clausura,3,2011-01-22,,Querétaro,Monarcas Morelia,0,3,FALSE,,,
2010/11,Clausura,3,2011-01-22,,Cruz Azul,UNAM,3,3,FALSE,,,
2010/11,Clausura,3,2011-01-22,19:00,Guadalajara,Club San Luis,1,1,FALSE,,,
2010/11,Clausura,3,2011-01-22,,Santos Laguna,Pachuca,1,1,FALSE,,,
2010/11,Clausura,3,2011-01-23,12:00,Puebla,Estudiantes Tecos,2,0,FALSE,,,
2010/11,Clausura,3,2011-01-23,,Toluca,Jaguares Chiapas,2,0,FALSE,,,
2010/11,Clausura,3,2011-01-23,16:00,America,UANL,1,2,FALSE,,,
2010/11,Clausura,4,2011-01-28,20:10,Estudiantes Tecos,Guadalajara,1,0,FALSE,,,
2010/11,Clausura,4,2011-01-29,17:00,Jaguares Chiapas,Santos Laguna,1,2,FALSE,,,
2010/11,Clausura,4,2011-01-29,,Querétaro,Necaxa,1,0,FALSE,,,
2010/11,Clausura,4,2011-01-29,19:00,UANL,Toluca,0,1,FALSE,,,
2010/11,Clausura,4,2011-01-29,,Pachuca,Cruz Azul,0,4,FALSE,,,
2010/11,Clausura,4,2011-01-29,20:45,Atlas,America,0,2,FALSE,,,
2010/11,Clausura,4,2011-01-29,21:00,Atlante,Puebla,2,0,FALSE,,,
2010/11,Clausura,4,2011-01-30,12:00,UNAM,Monterrey,3,2,FALSE,,,
2010/11,Clausura,4,2011-01-30,,Monarcas Morelia,Club San Luis,3,3,FALSE,,,
2010/11,Clausura,5,2011-02-04,20:10,Necaxa,Monarcas Morelia,0,0,FALSE,,,
2010/11,Clausura,5,2011-02-05,17:00,Monterrey,Pachuca,2,0,FALSE,,,
2010/11,Clausura,5,2011-02-05,19:00,Cruz Azul,Jaguares Chiapas,2,0,FALSE,,,
2010/11,Clausura,5,2011-02-05,,Guadalajara,Atlante,2,0,FALSE,,,
2010/11,Clausura,5,2011-02-05,,Santos Laguna,UANL,0,2,FALSE,,,
2010/11,Clausura,5,2011-02-05,20:45,Club San Luis,Estudiantes Tecos,3,2,FALSE,,,
2010/11,Clausura,5,2011-02-06,12:00,Puebla,UNAM,0,1,FALSE,,,
2010/11,Clausura,5,2011-02-06,,Toluca,Atlas,0,0,FALSE,,,
2010/11,Clausura,5,2011-02-06,16:00,America,Querétaro,3,1,FALSE,,,
2010/11,Clausura,6,2011-02-11,20:10,Necaxa,America,1,0,FALSE,,,
2010/11,Clausura,6,2011-02-12,17:00,Jaguares Chiapas,Monterrey,1,4,FALSE,,,
2010/11,Clausura,6,2011-02-12,,Querétaro,Toluca,0,5,FALSE,,,
2010/11,Clausura,6,2011-02-12,19:00,UANL,Cruz Azul,2,0,FALSE,,,
2010/11,Clausura,6,2011-02-12,,Pachuca,Puebla,1,0,FALSE,,,
2010/11,Clausura,6,2011-02-12,20:45,Atlas,Santos Laguna,1,2,FALSE,,,
2010/11,Clausura,6,2011-02-12,21:00,Atlante,Club San Luis,0,0,FALSE,,,
2010/11,Clausura,6,2011-02-13,12:00,UNAM,Guadalajara,1,1,FALSE,,,
2010/11,Clausura,6,2011-02-13,,Monarcas Morelia,Estudiantes Tecos,4,1,FALSE,,,
2010/11,Clausura,7,2011-02-18,20:10,Estudiantes Tecos,Atlante,0,1,FALSE,,,
2010/11,Clausura,7,2011-02-18,20:30,Club San Luis,UNAM,0,1,FALSE,,,
2010/11,Clausura,7,2011-02-19,17:00,Monterrey,UANL,0,0,FALSE,,,
2010/11,Clausura,7,2011-02-19,,Cruz Azul,Atlas,2,1,FALSE,,,
2010/11,Clausura,7,2011-02-19,19:00,Guadalajara,Pachuca,4,1,FALSE,,,
2010/11,Clausura,7,2011-02-19,,Santos Laguna,Querétaro,0,2,FALSE,,,
2010/11,Clausura,7,2011-02-20,12:00,Puebla,Jaguares Chiapas,1,0,FALSE,,,
2010/11,Clausura,7,2011-02-20,,Toluca,Necaxa,2,3,FALSE,,,
2010/11,Clausura,7,2011-02-20,16:00,America,Monarcas Morelia,1,2,FALSE,,,
2010/11,Clausura,8,2011-02-25,20:10,Necaxa,Santos Laguna,1,0,FALSE,,,
2010/11,Clausura,8,2011-02-26,17:00,Jaguares Chiapas,Guadalajara,1,0,FALSE,,,
2010/11,Clausura,8,2011-02-26,,Querétaro,Cruz Azul,1,1,FALSE,,,
2010/11,Clausura,8,2011-02-26,19:00,UANL,Puebla,3,0,FALSE,,,
2010/11,Clausura,8,2011-02-26,,Pachuca,Club San Luis,0,0,FALSE,,,
2010/11,Clausura,8,2011-02-26,20:45,Atlas,Monterrey,1,0,FALSE,,,
2010/11,Clausura,8,2011-02-27,12:00,UNAM,Estudiantes Tecos,5,1,FALSE,,,
2010/11,Clausura,8,2011-02-27,,Monarcas Morelia,Atlante,2,1,FALSE,,,
2010/11,Clausura,8,2011-02-27,16:00,America,Toluca,4,3,FALSE,,,
2010/11,Clausura,9,2011-03-04,20:10,Estudiantes Tecos,Pachuca,1,0,FALSE,,,
2010/11,Clausura,9,2011-03-05,17:00,Monterrey,Querétaro,2,0,FALSE,,,
2010/11,Clausura,9,2011-03-05,,Cruz Azul,Necaxa,0,0,FALSE,,,
2010/11,Clausura,9,2011-03-05,19:00,Guadalajara,UANL,0,0,FALSE,,,
2010/11,Clausura,9,2011-03-05,,Santos Laguna,America,2,3,FALSE,,,
2010/11,Clausura,9,2011-03-05,20:45,Club San Luis,Jaguares Chiapas,0,0,FALSE,,,
2010/11,Clausura,9,2011-03-05,21:00,Atlante,UNAM,0,2,FALSE,,,
2010/11,Clausura,9,2011-03-06,12:00,Puebla,Atlas,2,0,FALSE,,,
2010/11,Clausura,9,2011-03-06,,Toluca,Monarcas Morelia,1,6,FALSE,,,
2010/11,Clausura,10,2011-03-11,20:10,Necaxa,Monterrey,0,1,FALSE,,,
2010/11,Clausura,10,2011-03-12,17:00,Jaguares Chiapas,Estudiantes Tecos,0,2,FALSE,,,
2010/11,Clausura,10,2011-03-12,,Querétaro,Puebla,2,1,FALSE,,,
2010/11,Clausura,10,2011-03-12,19:00,UANL,Club San Luis,1,1,FALSE,,,
2010/11,Clausura,10,2011-03-12,,Pachuca,Atlante,0,4,FALSE,,,
2010/11,Clausura,10,2011-03-12,20:45,Atlas,Guadalajara,1,1,FALSE,,,
2010/11,Clausura,10,2011-03-13,12:00,Toluca,Santos Laguna,3,1,FALSE,,,
2010/11,Clausura,10,2011-03-13,,Monarcas Morelia,UNAM,0,1,FALSE,,,
2010/11,Clausura,10,2011-03-13,18:00,America,Cruz Azul,0,2,FALSE,,,
2010/11,Clausura,11,2011-03-18,20:10,Estudiantes Tecos,UANL,0,0,FALSE,,,
2010/11,Clausura,11,2011-03-19,17:00,Monterrey,America,2,1,FALSE,,,
2010/11,Clausura,11,2011-03-19,,Cruz Azul,Toluca,1,0,FALSE,,,
2010/11,Clausura,11,2011-03-19,19:00,Guadalajara,Querétaro,2,0,FALSE,,,
2010/11,Clausura,11,2011-03-19,,Santos Laguna,Monarcas Morelia,0,1,FALSE,,,
2010/11,Clausura,11,2011-03-19,20:45,Club San Luis,Atlas,1,1,FALSE,,,
2010/11,Clausura,11,2011-03-19,21:00,Atlante,Jaguares Chiapas,5,1,FALSE,,,
2010/11,Clausura,11,2011-03-20,12:00,Puebla,Necaxa,1,0,FALSE,,,
2010/11,Clausura,11,2011-03-20,,UNAM,Pachuca,0,0,FALSE,,,
2010/11,Clausura,12,2011-04-01,20:10,Necaxa,Guadalajara,1,2,FALSE,,,
2010/11,Clausura,12,2011-04-02,17:00,Jaguares Chiapas,UNAM,3,1,FALSE,,,
2010/11,Clausura,12,2011-04-02,,Querétaro,Club San Luis,3,2,FALSE,,,
2010/11,Clausura,12,2011-04-02,19:00,UANL,Atlante,2,0,FALSE,,,
2010/11,Clausura,12,2011-04-02,,Santos Laguna,Cruz Azul,3,0,FALSE,,,
2010/11,Clausura,12,2011-04-02,20:45,Atlas,Estudiantes Tecos,1,1,FALSE,,,
2010/11,Clausura,12,2011-04-03,12:00,Toluca,Monterrey,1,1,FALSE,,,
2010/11,Clausura,12,2011-04-03,,Monarcas Morelia,Pachuca,1,3,FALSE,,,
2010/11,Clausura,12,2011-04-03,18:00,America,Puebla,5,4,FALSE,,,
2010/11,Clausura,13,2011-04-08,20:10,Estudiantes Tecos,Querétaro,0,0,FALSE,,,
2010/11,Clausura,13,2011-04-09,17:00,Cruz Azul,Monarcas Morelia,2,3,FALSE,,,
2010/11,Clausura,13,2011-04-09,19:00,Monterrey,Santos Laguna,1,1,FALSE,,,
2010/11,Clausura,13,2011-04-09,,Pachuca,Jaguares Chiapas,3,0,FALSE,,,
2010/11,Clausura,13,2011-04-09,,Club San Luis,Necaxa,0,0,FALSE,,,
2010/11,Clausura,13,2011-04-09,21:00,Atlante,Atlas,3,1,FALSE,,,
2010/11,Clausura,13,2011-04-10,12:00,Puebla,Toluca,1,1,FALSE,,,
2010/11,Clausura,13,2011-04-10,,UNAM,UANL,2,0,FALSE,,,
2010/11,Clausura,13,2011-04-10,18:00,Guadalajara,America,3,0,FALSE,,,
2010/11,Clausura,14,2011-02-02,20:30,America,Club San Luis,3,0,FALSE,,,
2010/11,Clausura,14,2011-04-12,20:30,Monarcas Morelia,Jaguares Chiapas,2,1,FALSE,,,
2010/11,Clausura,14,2011-04-13,19:00,Santos Laguna,Puebla,4,0,FALSE,,,
2010/11,Clausura,14,2011-04-13,,Toluca,Guadalajara,1,2,FALSE,,,
2010/11,Clausura,14,2011-04-13,,Necaxa,Estudiantes Tecos,2,2,FALSE,,,
2010/11,Clausura,14,2011-04-13,20:00,Querétaro,Atlante,1,4,FALSE,,,
2010/11,Clausura,14,2011-04-13,20:30,Cruz Azul,Monterrey,3,0,FALSE,,,
2010/11,Clausura,14,2011-04-13,20:45,UANL,Pachuca,4,2,FALSE,,,
2010/11,Clausura,14,2011-04-13,,Atlas,UNAM,0,0,FALSE,,,
2010/11,Clausura,15,2011-04-16,17:00,Jaguares Chiapas,UANL,0,1,FALSE,,,
2010/11,Clausura,15,2011-04-16,19:00,Monterrey,Monarcas Morelia,1,1,FALSE,,,
2010/11,Clausura,15,2011-04-16,,Guadalajara,Santos Laguna,0,1,FALSE,,,
2010/11,Clausura,15,2011-04-16,,Pachuca,Atlas,1,2,FALSE,,,
2010/11,Clausura,15,2011-04-16,,Atlante,Necaxa,1,1,FALSE,,,
2010/11,Clausura,15,2011-04-16,,Puebla,Cruz Azul,2,0,FALSE,,,
2010/11,Clausura,15,2011-04-16,20:45,Club San Luis,Toluca,1,2,FALSE,,,
2010/11,Clausura,15,2011-04-17,12:00,UNAM,Querétaro,3,0,FALSE,,,
2010/11,Clausura,15,2011-04-17,17:00,Estudiantes Tecos,America,1,3,FALSE,,,
2010/11,Clausura,16,2011-04-22,20:10,Necaxa,UNAM,0,1,FALSE,,,
2010/11,Clausura,16,2011-04-23,17:00,Querétaro,Pachuca,1,1,FALSE,,,
2010/11,Clausura,16,2011-04-23,,Cruz Azul,Guadalajara,1,1,FALSE,,,
2010/11,Clausura,16,2011-04-23,19:00,Monterrey,Puebla,1,1,FALSE,,,
2010/11,Clausura,16,2011-04-23,,Santos Laguna,Club San Luis,1,3,FALSE,,,
2010/11,Clausura,16,2011-04-23,20:45,Atlas,Jaguares Chiapas,2,0,FALSE,,,
2010/11,Clausura,16,2011-04-24,12:00,Toluca,Estudiantes Tecos,4,4,FALSE,,,
2010/11,Clausura,16,2011-04-24,,Monarcas Morelia,UANL,0,3,FALSE,,,
2010/11,Clausura,16,2011-04-24,17:00,America,Atlante,1,1,FALSE,,,
2010/11,Clausura,17,2011-04-29,20:10,Estudiantes Tecos,Santos Laguna,1,3,FALSE,,,
2010/11,Clausura,17,2011-04-30,17:00,Jaguares Chiapas,Querétaro,4,1,FALSE,,,
2010/11,Clausura,17,2011-04-30,19:00,Guadalajara,Monterrey,2,3,FALSE,,,
2010/11,Clausura,17,2011-04-30,,UANL,Atlas,3,0,FALSE,,,
2010/11,Clausura,17,2011-04-30,,Pachuca,Necaxa,1,1,FALSE,,,
2010/11,Clausura,17,2011-04-30,20:45,Club San Luis,Cruz Azul,0,0,FALSE,,,
2010/11,Clausura,17,2011-04-30,21:00,Atlante,Toluca,2,1,FALSE,,,
2010/11,Clausura,17,2011-05-01,12:00,Puebla,Monarcas Morelia,0,2,FALSE,,,
2010/11,Clausura,17,2011-05-01,,UNAM,America,0,2,FALSE,,,
2010/11,Clausura,17,2011-05-04,19:00,Guadalajara,UANL,3,1,FALSE,,,
2010/11,Clausura,17,2011-05-04,21:00,Cruz Azul,Atlante,2,1,FALSE,,,
2010/11,Clausura,17,2011-05-05,19:00,Monterrey,UNAM,3,1,FALSE,,,
2010/11,Clausura,17,2011-05-05,21:00,America,Monarcas Morelia,1,2,FALSE,,,
2010/11,Clausura,17,2011-05-07,19:00,UANL,Guadalajara,1,1,FALSE,,,
2010/11,Clausura,17,2011-05-07,21:00,Atlante,Cruz Azul,0,0,FALSE,,,
2010/11,Clausura,17,2011-05-08,12:00,UNAM,Monterrey,2,0,FALSE,,,
2010/11,Clausura,17,2011-05-08,20:00,Monarcas Morelia,America,3,2,FALSE,,,
2010/11,Clausura,17,2011-05-12,19:00,Guadalajara,UNAM,1,1,FALSE,,,
2010/11,Clausura,17,2011-05-12,21:00,Cruz Azul,Monarcas Morelia,2,0,FALSE,,,
2010/11,Clausura,17,2011-05-15,12:00,UNAM,Guadalajara,2,0,FALSE,,,
2010/11,Clausura,17,2011-05-15,20:00,Monarcas Morelia,Cruz Azul,3,0,FALSE,,,
2010/11,Clausura,17,2011-05-19,20:30,Monarcas Morelia,UNAM,1,1,FALSE,,,
2010/11,Clausura,17,2011-05-22,12:00,UNAM,Monarcas Morelia,2,1,FALSE,,,
2011/12,Apertura,1,2011-07-22,20:10,Estudiantes Tecos,Toluca,1,2,FALSE,,,
2011/12,Apertura,1,2011-07-23,17:00,Pachuca,Santos Laguna,1,4,FALSE,,,
2011/12,Apertura,1,2011-07-23,19:00,UANL,Cruz Azul,1,1,FALSE,,,
2011/12,Apertura,1,2011-07-23,,Tijuana,Monarcas Morelia,1,2,FALSE,,,
2011/12,Apertura,1,2011-07-23,20:45,Atlas,Puebla,0,1,FALSE,,,
2011/12,Apertura,1,2011-07-23,21:00,Atlante,Guadalajara,0,2,FALSE,,,
2011/12,Apertura,1,2011-07-24,12:00,UNAM,Club San Luis,2,0,FALSE,,,
2011/12,Apertura,1,2011-07-24,16:00,America,Querétaro,2,1,FALSE,,,
2011/12,Apertura,1,2011-07-24,18:00,Jaguares Chiapas,Monterrey,1,4,FALSE,,,
2011/12,Apertura,2,2011-07-30,17:00,Cruz Azul,Atlas,2,1,FALSE,,,
2011/12,Apertura,2,2011-07-30,,Querétaro,UANL,0,0,FALSE,,,
2011/12,Apertura,2,2011-07-30,19:00,Monterrey,Tijuana,4,2,FALSE,,,
2011/12,Apertura,2,2011-07-30,,Santos Laguna,Atlante,3,0,FALSE,,,
2011/12,Apertura,2,2011-07-30,20:45,Club San Luis,Estudiantes Tecos,2,1,FALSE,,,
2011/12,Apertura,2,2011-07-31,12:00,Monarcas Morelia,UNAM,0,1,FALSE,,,
2011/12,Apertura,2,2011-07-31,,Puebla,Pachuca,2,2,FALSE,,,
2011/12,Apertura,2,2011-07-31,,Toluca,America,1,1,FALSE,,,
2011/12,Apertura,2,2011-07-31,17:00,Guadalajara,Jaguares Chiapas,2,1,FALSE,,,
2011/12,Apertura,3,2011-08-03,19:00,America,Estudiantes Tecos,1,2,FALSE,,,
2011/12,Apertura,3,2011-08-03,20:30,Pachuca,Cruz Azul,1,0,FALSE,,,
2011/12,Apertura,3,2011-08-03,20:45,Atlas,Querétaro,3,0,FALSE,,,
2011/12,Apertura,3,2011-08-03,,UANL,Toluca,2,2,FALSE,,,
2011/12,Apertura,3,2011-08-03,21:00,UNAM,Monterrey,2,1,FALSE,,,
2011/12,Apertura,3,2011-08-03,,Atlante,Puebla,5,1,FALSE,,,
2011/12,Apertura,3,2011-09-02,18:00,Tijuana,Guadalajara,0,1,FALSE,,,
2011/12,Apertura,3,2011-09-02,20:00,Jaguares Chiapas,Santos Laguna,3,2,FALSE,,,
2011/12,Apertura,3,2011-09-04,12:00,Club San Luis,Monarcas Morelia,2,3,FALSE,,,
2011/12,Apertura,4,2011-08-06,16:00,Cruz Azul,Atlante,2,1,FALSE,,,
2011/12,Apertura,4,2011-08-06,17:00,Querétaro,Pachuca,2,1,FALSE,,,
2011/12,Apertura,4,2011-08-06,19:00,Guadalajara,UNAM,0,0,FALSE,,,
2011/12,Apertura,4,2011-08-06,,Santos Laguna,Tijuana,1,3,FALSE,,,
2011/12,Apertura,4,2011-08-06,21:00,Monterrey,Monarcas Morelia,2,0,FALSE,,,
2011/12,Apertura,4,2011-08-07,12:00,Puebla,Jaguares Chiapas,1,2,FALSE,,,
2011/12,Apertura,4,2011-08-07,,Toluca,Atlas,0,0,FALSE,,,
2011/12,Apertura,4,2011-08-07,18:00,Estudiantes Tecos,UANL,0,1,FALSE,,,
2011/12,Apertura,4,2011-09-14,20:30,America,Club San Luis,2,2,FALSE,,,
2011/12,Apertura,5,2011-08-12,20:10,Monarcas Morelia,Guadalajara,1,2,FALSE,,,
2011/12,Apertura,5,2011-08-13,17:00,Club San Luis,Monterrey,1,0,FALSE,,,
2011/12,Apertura,5,2011-08-13,17:30,Jaguares Chiapas,Cruz Azul,1,1,FALSE,,,
2011/12,Apertura,5,2011-08-13,18:00,UANL,America,2,2,FALSE,,,
2011/12,Apertura,5,2011-08-13,19:00,Pachuca,Toluca,3,0,FALSE,,,
2011/12,Apertura,5,2011-08-13,20:45,Atlas,Estudiantes Tecos,0,2,FALSE,,,
2011/12,Apertura,5,2011-08-13,21:00,Atlante,Querétaro,1,3,FALSE,,,
2011/12,Apertura,5,2011-08-14,12:00,UNAM,Santos Laguna,1,1,FALSE,,,
2011/12,Apertura,5,2011-08-14,14:00,Tijuana,Puebla,1,1,FALSE,,,
2011/12,Apertura,6,2011-08-19,20:10,Estudiantes Tecos,Pachuca,2,1,FALSE,,,
2011/12,Apertura,6,2011-08-20,16:00,Cruz Azul,Tijuana,2,1,FALSE,,,
2011/12,Apertura,6,2011-08-20,17:00,Querétaro,Jaguares Chiapas,1,2,FALSE,,,
2011/12,Apertura,6,2011-08-20,19:00,Guadalajara,Monterrey,2,1,FALSE,,,
2011/12,Apertura,6,2011-08-20,,UANL,Club San Luis,1,0,FALSE,,,
2011/12,Apertura,6,2011-08-21,12:00,Puebla,UNAM,2,1,FALSE,,,
2011/12,Apertura,6,2011-08-21,,Toluca,Atlante,2,1,FALSE,,,
2011/12,Apertura,6,2011-08-21,16:00,America,Atlas,5,2,FALSE,,,
2011/12,Apertura,6,2011-11-01,20:30,Santos Laguna,Monarcas Morelia,0,2,FALSE,,,
2011/12,Apertura,7,2011-08-26,20:00,Jaguares Chiapas,Toluca,1,1,FALSE,,,
2011/12,Apertura,7,2011-08-27,19:00,Monterrey,Santos Laguna,2,0,FALSE,,,
2011/12,Apertura,7,2011-08-27,,Pachuca,America,2,0,FALSE,,,
2011/12,Apertura,7,2011-08-27,20:45,Atlas,UANL,0,1,FALSE,,,
2011/12,Apertura,7,2011-08-27,,Club San Luis,Guadalajara,2,0,FALSE,,,
2011/12,Apertura,7,2011-08-27,21:00,Atlante,Estudiantes Tecos,2,1,FALSE,,,
2011/12,Apertura,7,2011-08-28,12:00,UNAM,Cruz Azul,1,2,FALSE,,,
2011/12,Apertura,7,2011-08-28,14:00,Tijuana,Querétaro,1,1,FALSE,,,
2011/12,Apertura,7,2011-08-28,18:00,Monarcas Morelia,Puebla,0,0,FALSE,,,
2011/12,Apertura,8,2011-09-09,20:10,Estudiantes Tecos,Jaguares Chiapas,0,2,FALSE,,,
2011/12,Apertura,8,2011-09-10,17:00,Cruz Azul,Monarcas Morelia,0,1,FALSE,,,
2011/12,Apertura,8,2011-09-10,,Querétaro,UNAM,4,0,FALSE,,,
2011/12,Apertura,8,2011-09-10,19:00,Santos Laguna,Guadalajara,1,1,FALSE,,,
2011/12,Apertura,8,2011-09-10,,UANL,Pachuca,5,0,FALSE,,,
2011/12,Apertura,8,2011-09-10,20:45,Atlas,Club San Luis,1,1,FALSE,,,
2011/12,Apertura,8,2011-09-11,12:00,Puebla,Monterrey,3,3,FALSE,,,
2011/12,Apertura,8,2011-09-11,,Toluca,Tijuana,1,1,FALSE,,,
2011/12,Apertura,8,2011-09-11,16:00,America,Atlante,0,1,FALSE,,,
2011/12,Apertura,9,2011-09-17,17:00,Monterrey,Cruz Azul,1,2,FALSE,,,
2011/12,Apertura,9,2011-09-17,,Jaguares Chiapas,America,5,3,FALSE,,,
2011/12,Apertura,9,2011-09-17,19:00,Guadalajara,Puebla,1,4,FALSE,,,
2011/12,Apertura,9,2011-09-17,,Pachuca,Atlas,4,2,FALSE,,,
2011/12,Apertura,9,2011-09-17,20:45,Club San Luis,Santos Laguna,0,1,FALSE,,,
2011/12,Apertura,9,2011-09-17,21:00,Atlante,UANL,1,0,FALSE,,,
2011/12,Apertura,9,2011-09-18,12:00,UNAM,Toluca,4,1,FALSE,,,
2011/12,Apertura,9,2011-09-18,14:00,Tijuana,Estudiantes Tecos,0,2,FALSE,,,
2011/12,Apertura,9,2011-09-18,18:00,Monarcas Morelia,Querétaro,4,2,FALSE,,,
2011/12,Apertura,10,2011-09-24,17:00,Cruz Azul,Guadalajara,1,1,FALSE,,,
2011/12,Apertura,10,2011-09-24,,Querétaro,Monterrey,2,1,FALSE,,,
2011/12,Apertura,10,2011-09-24,19:00,Estudiantes Tecos,UNAM,1,2,FALSE,,,
2011/12,Apertura,10,2011-09-24,,UANL,Jaguares Chiapas,1,1,FALSE,,,
2011/12,Apertura,10,2011-09-24,,Pachuca,Club San Luis,1,1,FALSE,,,
2011/12,Apertura,10,2011-09-24,20:45,Atlas,Atlante,2,3,FALSE,,,
2011/12,Apertura,10,2011-09-25,12:00,Puebla,Santos Laguna,1,2,FALSE,,,
2011/12,Apertura,10,2011-09-25,,Toluca,Monarcas Morelia,2,1,FALSE,,,
2011/12,Apertura,10,2011-09-25,16:00,America,Tijuana,1,1,FALSE,,,
2011/12,Apertura,11,2011-09-30,19:45,Jaguares Chiapas,Atlas,1,1,FALSE,,,
2011/12,Apertura,11,2011-10-01,16:00,UNAM,America,1,0,FALSE,,,
2011/12,Apertura,11,2011-10-01,17:00,Monarcas Morelia,Estudiantes Tecos,0,2,FALSE,,,
2011/12,Apertura,11,2011-10-01,19:00,Monterrey,Toluca,0,0,FALSE,,,
2011/12,Apertura,11,2011-10-01,,Santos Laguna,Cruz Azul,1,0,FALSE,,,
2011/12,Apertura,11,2011-10-01,,Guadalajara,Querétaro,0,1,FALSE,,,
2011/12,Apertura,11,2011-10-01,20:45,Club San Luis,Puebla,2,1,FALSE,,,
2011/12,Apertura,11,2011-10-01,21:00,Atlante,Pachuca,0,1,FALSE,,,
2011/12,Apertura,11,2011-10-02,14:00,Tijuana,UANL,1,1,FALSE,,,
2011/12,Apertura,12,2011-10-07,20:10,Estudiantes Tecos,Monterrey,2,3,FALSE,,,
2011/12,Apertura,12,2011-10-08,17:00,Cruz Azul,Puebla,2,0,FALSE,,,
2011/12,Apertura,12,2011-10-08,,Querétaro,Santos Laguna,1,3,FALSE,,,
2011/12,Apertura,12,2011-10-08,19:00,UANL,UNAM,4,1,FALSE,,,
2011/12,Apertura,12,2011-10-08,,Pachuca,Jaguares Chiapas,1,0,FALSE,,,
2011/12,Apertura,12,2011-10-08,20:45,Atlas,Tijuana,2,2,FALSE,,,
2011/12,Apertura,12,2011-10-08,21:00,Atlante,Club San Luis,1,1,FALSE,,,
2011/12,Apertura,12,2011-10-09,12:00,Toluca,Guadalajara,0,0,FALSE,,,
2011/12,Apertura,12,2011-10-09,17:00,America,Monarcas Morelia,1,1,FALSE,,,
2011/12,Apertura,13,2011-10-14,18:00,Monarcas Morelia,UANL,2,0,FALSE,,,
2011/12,Apertura,13,2011-10-15,17:00,Monterrey,America,0,3,FALSE,,,
2011/12,Apertura,13,2011-10-15,,Jaguares Chiapas,Atlante,1,1,FALSE,,,
2011/12,Apertura,13,2011-10-15,19:00,Santos Laguna,Toluca,3,2,FALSE,,,
2011/12,Apertura,13,2011-10-15,,Guadalajara,Estudiantes Tecos,5,2,FALSE,,,
2011/12,Apertura,13,2011-10-15,,Tijuana,Pachuca,3,2,FALSE,,,
2011/12,Apertura,13,2011-10-15,20:45,Club San Luis,Cruz Azul,1,1,FALSE,,,
2011/12,Apertura,13,2011-10-16,12:00,Puebla,Querétaro,1,0,FALSE,,,
2011/12,Apertura,13,2011-10-16,,UNAM,Atlas,1,4,FALSE,,,
2011/12,Apertura,14,2011-10-22,17:00,Estudiantes Tecos,Santos Laguna,5,2,FALSE,,,
2011/12,Apertura,14,2011-10-22,,Querétaro,Cruz Azul,1,0,FALSE,,,
2011/12,Apertura,14,2011-10-22,,Jaguares Chiapas,Club San Luis,3,1,FALSE,,,
2011/12,Apertura,14,2011-10-22,19:00,UANL,Monterrey,0,0,FALSE,,,
2011/12,Apertura,14,2011-10-22,,Pachuca,UNAM,0,0,FALSE,,,
2011/12,Apertura,14,2011-10-22,20:45,Atlas,Monarcas Morelia,1,1,FALSE,,,
2011/12,Apertura,14,2011-10-22,21:00,Atlante,Tijuana,1,1,FALSE,,,
2011/12,Apertura,14,2011-10-23,12:00,Toluca,Puebla,4,3,FALSE,,,
2011/12,Apertura,14,2011-10-23,16:00,America,Guadalajara,1,3,FALSE,,,
2011/12,Apertura,15,2011-10-25,20:30,Monarcas Morelia,Pachuca,2,2,FALSE,,,
2011/12,Apertura,15,2011-10-26,19:00,Cruz Azul,Toluca,0,0,FALSE,,,
2011/12,Apertura,15,2011-10-26,20:00,Puebla,Estudiantes Tecos,2,1,FALSE,,,
2011/12,Apertura,15,2011-10-26,,Guadalajara,UANL,1,0,FALSE,,,
2011/12,Apertura,15,2011-10-26,,Monterrey,Atlas,2,0,FALSE,,,
2011/12,Apertura,15,2011-10-26,20:30,Club San Luis,Querétaro,2,1,FALSE,,,
2011/12,Apertura,15,2011-10-26,21:00,UNAM,Atlante,1,0,FALSE,,,
2011/12,Apertura,15,2011-10-26,,Santos Laguna,America,1,1,FALSE,,,
2011/12,Apertura,15,2011-10-26,22:00,Tijuana,Jaguares Chiapas,2,0,FALSE,,,
2011/12,Apertura,16,2011-10-29,16:00,Atlante,Monarcas Morelia,4,4,FALSE,,,
2011/12,Apertura,16,2011-10-29,17:00,Jaguares Chiapas,UNAM,4,0,FALSE,,,
2011/12,Apertura,16,2011-10-29,19:00,UANL,Santos Laguna,2,1,FALSE,,,
2011/12,Apertura,16,2011-10-29,,Pachuca,Monterrey,4,0,FALSE,,,
2011/12,Apertura,16,2011-10-29,19:45,Atlas,Guadalajara,1,1,FALSE,,,
2011/12,Apertura,16,2011-10-30,12:00,Estudiantes Tecos,Cruz Azul,0,2,FALSE,,,
2011/12,Apertura,16,2011-10-30,,Toluca,Querétaro,0,1,FALSE,,,
2011/12,Apertura,16,2011-10-30,13:00,Tijuana,Club San Luis,0,0,FALSE,,,
2011/12,Apertura,16,2011-10-30,16:00,America,Puebla,2,3,FALSE,,,
2011/12,Apertura,17,2011-11-04,20:00,Monarcas Morelia,Jaguares Chiapas,1,0,FALSE,,,
2011/12,Apertura,17,2011-11-05,17:00,Querétaro,Estudiantes Tecos,3,0,FALSE,,,
2011/12,Apertura,17,2011-11-05,,Monterrey,Atlante,3,2,FALSE,,,
2011/12,Apertura,17,2011-11-05,,Cruz Azul,America,3,1,FALSE,,,
2011/12,Apertura,17,2011-11-05,19:00,Santos Laguna,Atlas,3,0,FALSE,,,
2011/12,Apertura,17,2011-11-05,,Guadalajara,Pachuca,2,2,FALSE,,,
2011/12,Apertura,17,2011-11-05,20:45,Club San Luis,Toluca,5,1,FALSE,,,
2011/12,Apertura,17,2011-11-06,12:00,Puebla,UANL,0,1,FALSE,,,
2011/12,Apertura,17,2011-11-06,,UNAM,Tijuana,1,1,FALSE,,,
2011/12,Apertura,17,2011-11-19,17:00,Querétaro,Guadalajara,2,1,FALSE,,,
2011/12,Apertura,17,2011-11-19,19:00,Monarcas Morelia,Cruz Azul,2,1,FALSE,,,
2011/12,Apertura,17,2011-11-20,16:00,Jaguares Chiapas,Santos Laguna,2,2,FALSE,,,
2011/12,Apertura,17,2011-11-20,18:00,Pachuca,UANL,0,1,FALSE,,,
2011/12,Apertura,17,2011-11-26,17:00,Cruz Azul,Monarcas Morelia,1,2,FALSE,,,
2011/12,Apertura,17,2011-11-26,19:00,Guadalajara,Querétaro,0,0,FALSE,,,
2011/12,Apertura,17,2011-11-27,17:00,Santos Laguna,Jaguares Chiapas,2,1,FALSE,,,
2011/12,Apertura,17,2011-11-27,19:00,UANL,Pachuca,3,0,FALSE,,,
2011/12,Apertura,17,2011-11-30,20:30,Monarcas Morelia,Santos Laguna,2,1,FALSE,,,
2011/12,Apertura,17,2011-12-01,19:00,Querétaro,UANL,0,0,FALSE,,,
2011/12,Apertura,17,2011-12-03,19:00,Santos Laguna,Monarcas Morelia,3,2,FALSE,,,
2011/12,Apertura,17,2011-12-04,18:00,UANL,Querétaro,1,0,FALSE,,,
2011/12,Apertura,17,2011-12-08,20:30,Santos Laguna,UANL,0,1,FALSE,,,
2011/12,Apertura,17,2011-12-11,18:00,UANL,Santos Laguna,3,1,FALSE,,,
2011/12,Clausura,1,2012-01-06,20:10,Monarcas Morelia,Tijuana,1,1,FALSE,,,
2011/12,Clausura,1,2012-01-07,17:00,Monterrey,Jaguares Chiapas,2,1,FALSE,,,
2011/12,Clausura,1,2012-01-07,,Querétaro,America,0,2,FALSE,,,
2011/12,Clausura,1,2012-01-07,,Cruz Azul,UANL,1,1,FALSE,,,
2011/12,Clausura,1,2012-01-07,19:00,Santos Laguna,Pachuca,0,0,FALSE,,,
2011/12,Clausura,1,2012-01-07,,Guadalajara,Atlante,0,1,FALSE,,,
2011/12,Clausura,1,2012-01-07,20:45,Club San Luis,UNAM,1,0,FALSE,,,
2011/12,Clausura,1,2012-01-08,12:00,Toluca,Estudiantes Tecos,3,1,FALSE,,,
2011/12,Clausura,1,2012-01-08,,Puebla,Atlas,0,0,FALSE,,,
2011/12,Clausura,2,2012-01-13,20:10,Estudiantes Tecos,Club San Luis,0,2,FALSE,,,
2011/12,Clausura,2,2012-01-14,17:00,Jaguares Chiapas,Guadalajara,3,1,FALSE,,,
2011/12,Clausura,2,2012-01-14,19:00,UANL,Querétaro,1,0,FALSE,,,
2011/12,Clausura,2,2012-01-14,,Pachuca,Puebla,3,1,FALSE,,,
2011/12,Clausura,2,2012-01-14,20:00,Tijuana,Monterrey,1,0,FALSE,,,
2011/12,Clausura,2,2012-01-14,20:45,Atlas,Cruz Azul,0,2,FALSE,,,
2011/12,Clausura,2,2012-01-14,21:00,Atlante,Santos Laguna,1,2,FALSE,,,
2011/12,Clausura,2,2012-01-15,12:00,UNAM,Monarcas Morelia,3,0,FALSE,,,
2011/12,Clausura,2,2012-01-15,16:00,America,Toluca,1,1,FALSE,,,
2011/12,Clausura,3,2012-01-20,20:10,Estudiantes Tecos,America,1,1,FALSE,,,
2011/12,Clausura,3,2012-01-20,,Monarcas Morelia,Club San Luis,2,0,FALSE,,,
2011/12,Clausura,3,2012-01-21,17:00,Querétaro,Atlas,2,1,FALSE,,,
2011/12,Clausura,3,2012-01-21,,Cruz Azul,Pachuca,1,1,FALSE,,,
2011/12,Clausura,3,2012-01-21,,Monterrey,UNAM,1,1,FALSE,,,
2011/12,Clausura,3,2012-01-21,19:00,Santos Laguna,Jaguares Chiapas,1,0,FALSE,,,
2011/12,Clausura,3,2012-01-21,,Guadalajara,Tijuana,0,2,FALSE,,,
2011/12,Clausura,3,2012-01-22,12:00,Toluca,UANL,2,1,FALSE,,,
2011/12,Clausura,3,2012-01-22,,Puebla,Atlante,1,2,FALSE,,,
2011/12,Clausura,4,2012-01-27,20:10,Monarcas Morelia,Monterrey,0,0,FALSE,,,
2011/12,Clausura,4,2012-01-28,17:00,Jaguares Chiapas,Puebla,0,1,FALSE,,,
2011/12,Clausura,4,2012-01-28,19:00,UANL,Estudiantes Tecos,2,1,FALSE,,,
2011/12,Clausura,4,2012-01-28,,Pachuca,Querétaro,1,1,FALSE,,,
2011/12,Clausura,4,2012-01-28,20:45,Atlas,Toluca,1,0,FALSE,,,
2011/12,Clausura,4,2012-01-28,,Club San Luis,America,1,3,FALSE,,,
2011/12,Clausura,4,2012-01-28,21:00,Atlante,Cruz Azul,2,2,FALSE,,,
2011/12,Clausura,4,2012-01-29,12:00,UNAM,Guadalajara,0,0,FALSE,,,
2011/12,Clausura,4,2012-01-29,14:00,Tijuana,Santos Laguna,1,3,FALSE,,,
2011/12,Clausura,5,2012-02-03,20:10,Estudiantes Tecos,Atlas,0,0,FALSE,,,
2011/12,Clausura,5,2012-02-04,17:00,Querétaro,Atlante,2,3,FALSE,,,
2011/12,Clausura,5,2012-02-04,,Cruz Azul,Jaguares Chiapas,2,0,FALSE,,,
2011/12,Clausura,5,2012-02-04,,Monterrey,Club San Luis,3,0,FALSE,,,
2011/12,Clausura,5,2012-02-04,19:00,Guadalajara,Monarcas Morelia,1,2,FALSE,,,
2011/12,Clausura,5,2012-02-04,,Santos Laguna,UNAM,2,1,FALSE,,,
2011/12,Clausura,5,2012-02-05,12:00,Toluca,Pachuca,3,4,FALSE,,,
2011/12,Clausura,5,2012-02-05,,Puebla,Tijuana,1,1,FALSE,,,
2011/12,Clausura,5,2012-02-05,16:00,America,UANL,0,1,FALSE,,,
2011/12,Clausura,6,2012-02-10,20:10,Monarcas Morelia,Santos Laguna,3,1,FALSE,,,
2011/12,Clausura,6,2012-02-11,17:00,Jaguares Chiapas,Querétaro,3,0,FALSE,,,
2011/12,Clausura,6,2012-02-11,,Monterrey,Guadalajara,2,0,FALSE,,,
2011/12,Clausura,6,2012-02-11,19:00,Pachuca,Estudiantes Tecos,2,0,FALSE,,,
2011/12,Clausura,6,2012-02-11,,Club San Luis,UANL,0,2,FALSE,,,
2011/12,Clausura,6,2012-02-11,20:45,Atlas,America,1,1,FALSE,,,
2011/12,Clausura,6,2012-02-11,21:00,Atlante,Toluca,0,2,FALSE,,,
2011/12,Clausura,6,2012-02-12,12:00,UNAM,Puebla,0,2,FALSE,,,
2011/12,Clausura,6,2012-02-12,14:00,Tijuana,Cruz Azul,0,0,FALSE,,,
2011/12,Clausura,7,2012-02-17,20:10,Estudiantes Tecos,Atlante,2,1,FALSE,,,
2011/12,Clausura,7,2012-02-18,17:00,Cruz Azul,UNAM,1,1,FALSE,,,
2011/12,Clausura,7,2012-02-18,,Querétaro,Tijuana,0,2,FALSE,,,
2011/12,Clausura,7,2012-02-18,19:00,Santos Laguna,Monterrey,1,1,FALSE,,,
2011/12,Clausura,7,2012-02-18,,UANL,Atlas,0,0,FALSE,,,
2011/12,Clausura,7,2012-02-18,,Guadalajara,Club San Luis,0,0,FALSE,,,
2011/12,Clausura,7,2012-02-19,12:00,Toluca,Jaguares Chiapas,3,1,FALSE,,,
2011/12,Clausura,7,2012-02-19,,Puebla,Monarcas Morelia,1,2,FALSE,,,
2011/12,Clausura,7,2012-02-19,16:00,America,Pachuca,1,0,FALSE,,,
2011/12,Clausura,8,2012-02-25,17:00,Jaguares Chiapas,Estudiantes Tecos,1,0,FALSE,,,
2011/12,Clausura,8,2012-02-25,,Monterrey,Puebla,2,1,FALSE,,,
2011/12,Clausura,8,2012-02-25,19:00,Pachuca,UANL,1,1,FALSE,,,
2011/12,Clausura,8,2012-02-25,,Club San Luis,Atlas,0,1,FALSE,,,
2011/12,Clausura,8,2012-02-25,21:00,Atlante,America,0,4,FALSE,,,
2011/12,Clausura,8,2012-02-25,,Tijuana,Toluca,1,1,FALSE,,,
2011/12,Clausura,8,2012-02-26,12:00,Monarcas Morelia,Cruz Azul,2,0,FALSE,,,
2011/12,Clausura,8,2012-02-26,,UNAM,Querétaro,1,1,FALSE,,,
2011/12,Clausura,8,2012-02-26,16:00,Guadalajara,Santos Laguna,2,1,FALSE,,,
2011/12,Clausura,9,2012-03-02,20:10,Estudiantes Tecos,Tijuana,0,2,FALSE,,,
2011/12,Clausura,9,2012-03-03,17:00,Querétaro,Monarcas Morelia,0,3,FALSE,,,
2011/12,Clausura,9,2012-03-03,,Cruz Azul,Monterrey,4,3,FALSE,,,
2011/12,Clausura,9,2012-03-03,19:00,UANL,Atlante,1,0,FALSE,,,
2011/12,Clausura,9,2012-03-03,,Santos Laguna,Club San Luis,5,2,FALSE,,,
2011/12,Clausura,9,2012-03-03,20:45,Atlas,Pachuca,0,0,FALSE,,,
2011/12,Clausura,9,2012-03-04,12:00,Toluca,UNAM,0,2,FALSE,,,
2011/12,Clausura,9,2012-03-04,16:00,Puebla,Guadalajara,1,2,FALSE,,,
2011/12,Clausura,9,2012-03-04,,America,Jaguares Chiapas,2,0,FALSE,,,
2011/12,Clausura,10,2012-03-09,20:10,Monarcas Morelia,Toluca,1,2,FALSE,,,
2011/12,Clausura,10,2012-03-09,,Tijuana,America,1,1,FALSE,,,
2011/12,Clausura,10,2012-03-10,17:00,Jaguares Chiapas,UANL,2,2,FALSE,,,
2011/12,Clausura,10,2012-03-10,,Monterrey,Querétaro,4,1,FALSE,,,
2011/12,Clausura,10,2012-03-10,19:00,Guadalajara,Cruz Azul,2,1,FALSE,,,
2011/12,Clausura,10,2012-03-10,,Santos Laguna,Puebla,3,1,FALSE,,,
2011/12,Clausura,10,2012-03-10,20:45,Club San Luis,Pachuca,0,0,FALSE,,,
2011/12,Clausura,10,2012-03-10,21:00,Atlante,Atlas,0,0,FALSE,,,
2011/12,Clausura,10,2012-03-11,12:00,UNAM,Estudiantes Tecos,0,0,FALSE,,,
2011/12,Clausura,11,2012-03-16,20:10,Estudiantes Tecos,Monarcas Morelia,1,2,FALSE,,,
2011/12,Clausura,11,2012-03-17,17:00,Querétaro,Guadalajara,0,0,FALSE,,,
2011/12,Clausura,11,2012-03-17,19:00,Cruz Azul,Santos Laguna,0,1,FALSE,,,
2011/12,Clausura,11,2012-03-17,,Pachuca,Atlante,3,2,FALSE,,,
2011/12,Clausura,11,2012-03-17,,UANL,Tijuana,1,0,FALSE,,,
2011/12,Clausura,11,2012-03-17,20:45,Atlas,Jaguares Chiapas,0,3,FALSE,,,
2011/12,Clausura,11,2012-03-18,12:00,Toluca,Monterrey,1,1,FALSE,,,
2011/12,Clausura,11,2012-03-18,,Puebla,Club San Luis,0,1,FALSE,,,
2011/12,Clausura,11,2012-03-18,16:00,America,UNAM,2,1,FALSE,,,
2011/12,Clausura,12,2012-03-22,20:30,Jaguares Chiapas,Pachuca,3,2,FALSE,,,
2011/12,Clausura,12,2012-03-23,19:10,Monarcas Morelia,America,3,1,FALSE,,,
2011/12,Clausura,12,2012-03-24,17:00,Monterrey,Estudiantes Tecos,4,0,FALSE,,,
2011/12,Clausura,12,2012-03-24,19:00,Santos Laguna,Querétaro,2,0,FALSE,,,
2011/12,Clausura,12,2012-03-24,,Guadalajara,Toluca,2,0,FALSE,,,
2011/12,Clausura,12,2012-03-24,20:00,Tijuana,Atlas,2,0,FALSE,,,
2011/12,Clausura,12,2012-03-24,20:45,Club San Luis,Atlante,2,3,FALSE,,,
2011/12,Clausura,12,2012-03-25,12:00,UNAM,UANL,0,2,FALSE,,,
2011/12,Clausura,12,2012-03-25,,Puebla,Cruz Azul,1,1,FALSE,,,
2011/12,Clausura,13,2012-03-30,20:10,Pachuca,Tijuana,1,0,FALSE,,,
2011/12,Clausura,13,2012-03-31,16:30,Cruz Azul,Club San Luis,3,1,FALSE,,,
2011/12,Clausura,13,2012-03-31,17:00,Querétaro,Puebla,0,1,FALSE,,,
2011/12,Clausura,13,2012-03-31,19:00,UANL,Monarcas Morelia,4,1,FALSE,,,
2011/12,Clausura,13,2012-03-31,20:45,Atlas,UNAM,0,0,FALSE,,,
2011/12,Clausura,13,2012-03-31,21:00,Atlante,Jaguares Chiapas,2,2,FALSE,,,
2011/12,Clausura,13,2012-04-01,12:00,Toluca,Santos Laguna,1,3,FALSE,,,
2011/12,Clausura,13,2012-04-01,16:00,America,Monterrey,2,3,FALSE,,,
2011/12,Clausura,13,2012-04-01,18:00,Estudiantes Tecos,Guadalajara,1,0,FALSE,,,
2011/12,Clausura,14,2012-04-06,20:10,Monarcas Morelia,Atlas,0,0,FALSE,,,
2011/12,Clausura,14,2012-04-07,19:00,Santos Laguna,Estudiantes Tecos,1,1,FALSE,,,
2011/12,Clausura,14,2012-04-07,,Club San Luis,Jaguares Chiapas,2,3,FALSE,,,
2011/12,Clausura,14,2012-04-07,21:00,Monterrey,UANL,2,0,FALSE,,,
2011/12,Clausura,14,2012-04-07,,Tijuana,Atlante,2,1,FALSE,,,
2011/12,Clausura,14,2012-04-08,12:00,UNAM,Pachuca,0,1,FALSE,,,
2011/12,Clausura,14,2012-04-08,,Puebla,Toluca,2,1,FALSE,,,
2011/12,Clausura,14,2012-04-08,18:00,Cruz Azul,Querétaro,1,2,FALSE,,,
2011/12,Clausura,14,2012-04-08,,Guadalajara,America,0,1,FALSE,,,
2011/12,Clausura,15,2012-04-13,20:10,Estudiantes Tecos,Puebla,1,1,FALSE,,,
2011/12,Clausura,15,2012-04-13,,Jaguares Chiapas,Tijuana,0,0,FALSE,,,
2011/12,Clausura,15,2012-04-14,17:00,Querétaro,Club San Luis,2,2,FALSE,,,
2011/12,Clausura,15,2012-04-14,,America,Santos Laguna,3,1,FALSE,,,
2011/12,Clausura,15,2012-04-14,19:00,Pachuca,Monarcas Morelia,1,2,FALSE,,,
2011/12,Clausura,15,2012-04-14,,UANL,Guadalajara,2,1,FALSE,,,
2011/12,Clausura,15,2012-04-14,20:45,Atlas,Monterrey,1,0,FALSE,,,
2011/12,Clausura,15,2012-04-14,21:00,Atlante,UNAM,1,2,FALSE,,,
2011/12,Clausura,15,2012-04-15,12:00,Toluca,Cruz Azul,0,3,FALSE,,,
2011/12,Clausura,16,2012-04-20,20:10,Monarcas Morelia,Atlante,1,1,FALSE,,,
2011/12,Clausura,16,2012-04-21,17:00,Cruz Azul,Estudiantes Tecos,5,2,FALSE,,,
2011/12,Clausura,16,2012-04-21,,Querétaro,Toluca,2,2,FALSE,,,
2011/12,Clausura,16,2012-04-21,,Club San Luis,Tijuana,0,1,FALSE,,,
2011/12,Clausura,16,2012-04-21,19:00,Santos Laguna,UANL,3,0,FALSE,,,
2011/12,Clausura,16,2012-04-21,,Guadalajara,Atlas,0,1,FALSE,,,
2011/12,Clausura,16,2012-04-21,21:00,Monterrey,Pachuca,1,1,FALSE,,,
2011/12,Clausura,16,2012-04-22,12:00,UNAM,Jaguares Chiapas,0,3,FALSE,,,
2011/12,Clausura,16,2012-04-22,16:00,Puebla,America,2,3,FALSE,,,
2011/12,Clausura,17,2012-04-27,20:10,Estudiantes Tecos,Querétaro,1,1,FALSE,,,
2011/12,Clausura,17,2012-04-28,17:00,Jaguares Chiapas,Monarcas Morelia,1,0,FALSE,,,
2011/12,Clausura,17,2012-04-28,19:00,Pachuca,Guadalajara,3,1,FALSE,,,
2011/12,Clausura,17,2012-04-28,,UANL,Puebla,1,2,FALSE,,,
2011/12,Clausura,17,2012-04-28,20:45,Atlas,Santos Laguna,1,3,FALSE,,,
2011/12,Clausura,17,2012-04-28,21:00,Atlante,Monterrey,0,3,FALSE,,,
2011/12,Clausura,17,2012-04-29,12:00,Toluca,Club San Luis,2,1,FALSE,,,
2011/12,Clausura,17,2012-04-29,14:00,Tijuana,UNAM,1,1,FALSE,,,
2011/12,Clausura,17,2012-04-29,16:00,America,Cruz Azul,2,2,FALSE,,,
2011/12,Clausura,17,2012-05-02,20:30,Pachuca,America,1,3,FALSE,,,
2011/12,Clausura,17,2012-05-02,22:30,Tijuana,Monterrey,1,2,FALSE,,,
2011/12,Clausura,17,2012-05-03,19:00,Jaguares Chiapas,Santos Laguna,3,4,FALSE,,,
2011/12,Clausura,17,2012-05-03,21:00,UANL,Monarcas Morelia,1,0,FALSE,,,
2011/12,Clausura,17,2012-05-05,18:00,America,Pachuca,0,1,FALSE,,,
2011/12,Clausura,17,2012-05-05,20:00,Monterrey,Tijuana,2,2,FALSE,,,
2011/12,Clausura,17,2012-05-06,18:00,Santos Laguna,Jaguares Chiapas,2,1,FALSE,,,
2011/12,Clausura,17,2012-05-06,20:00,Monarcas Morelia,UANL,1,4,FALSE,,,
2011/12,Clausura,17,2012-05-09,21:00,America,Monterrey,0,0,FALSE,,,
2011/12,Clausura,17,2012-05-10,20:00,UANL,Santos Laguna,1,1,FALSE,,,
2011/12,Clausura,17,2012-05-12,21:00,Monterrey,America,2,0,FALSE,,,
2011/12,Clausura,17,2012-05-13,20:00,Santos Laguna,UANL,2,2,FALSE,,,
2011/12,Clausura,17,2012-05-17,21:00,Monterrey,Santos Laguna,1,1,FALSE,,,
2011/12,Clausura,17,2012-05-20,20:00,Santos Laguna,Monterrey,2,1,FALSE,,,
2012/13,Apertura,1,2012-07-20,19:30,Jaguares Chiapas,UANL,0,4,FALSE,,,
2012/13,Apertura,1,2012-07-20,21:30,Tijuana,Puebla,2,0,FALSE,,,
2012/13,Apertura,1,2012-07-21,17:00,Cruz Azul,Monarcas Morelia,0,0,FALSE,,,
2012/13,Apertura,1,2012-07-21,,Querétaro,Leon,0,2,FALSE,,,
2012/13,Apertura,1,2012-07-21,19:00,Monterrey,America,0,0,FALSE,,,
2012/13,Apertura,1,2012-07-21,,Santos Laguna,Club San Luis,2,1,FALSE,,,
2012/13,Apertura,1,2012-07-21,21:00,Atlas,UNAM,1,1,FALSE,,,
2012/13,Apertura,1,2012-07-22,12:00,Toluca,Guadalajara,2,1,FALSE,,,
2012/13,Apertura,1,2012-07-22,18:00,Atlante,Pachuca,0,0,FALSE,,,
2012/13,Apertura,2,2012-07-27,19:30,Monarcas Morelia,Monterrey,1,0,FALSE,,,
2012/13,Apertura,2,2012-07-27,21:30,Leon,Tijuana,4,0,FALSE,,,
2012/13,Apertura,2,2012-07-28,17:00,America,Jaguares Chiapas,4,2,FALSE,,,
2012/13,Apertura,2,2012-07-28,19:00,UANL,Atlante,2,1,FALSE,,,
2012/13,Apertura,2,2012-07-28,,Pachuca,Atlas,0,3,FALSE,,,
2012/13,Apertura,2,2012-07-28,21:00,Club San Luis,Cruz Azul,1,2,FALSE,,,
2012/13,Apertura,2,2012-07-29,12:00,UNAM,Querétaro,3,0,FALSE,,,
2012/13,Apertura,2,2012-07-29,,Puebla,Toluca,1,3,FALSE,,,
2012/13,Apertura,2,2012-07-29,17:00,Guadalajara,Santos Laguna,0,1,FALSE,,,
2012/13,Apertura,3,2012-08-03,19:00,Santos Laguna,Puebla,2,2,FALSE,,,
2012/13,Apertura,3,2012-08-03,19:30,Tijuana,UNAM,1,0,FALSE,,,
2012/13,Apertura,3,2012-08-03,21:30,Monarcas Morelia,Club San Luis,3,3,FALSE,,,
2012/13,Apertura,3,2012-08-04,17:00,Cruz Azul,Guadalajara,0,0,FALSE,,,
2012/13,Apertura,3,2012-08-04,,Querétaro,Pachuca,0,1,FALSE,,,
2012/13,Apertura,3,2012-08-04,19:00,Monterrey,Jaguares Chiapas,2,1,FALSE,,,
2012/13,Apertura,3,2012-08-04,21:00,Atlas,UANL,0,0,FALSE,,,
2012/13,Apertura,3,2012-08-05,12:00,Toluca,Leon,2,1,FALSE,,,
2012/13,Apertura,3,2012-08-05,18:00,Atlante,America,2,2,FALSE,,,
2012/13,Apertura,4,2012-08-10,19:30,Jaguares Chiapas,Atlante,1,2,FALSE,,,
2012/13,Apertura,4,2012-08-10,20:30,Leon,Santos Laguna,3,0,FALSE,,,
2012/13,Apertura,4,2012-08-11,17:00,America,Atlas,1,1,FALSE,,,
2012/13,Apertura,4,2012-08-11,19:00,Pachuca,Tijuana,2,2,FALSE,,,
2012/13,Apertura,4,2012-08-11,,UANL,Querétaro,2,2,FALSE,,,
2012/13,Apertura,4,2012-08-11,21:00,Club San Luis,Monterrey,1,1,FALSE,,,
2012/13,Apertura,4,2012-08-12,12:00,UNAM,Toluca,1,2,FALSE,,,
2012/13,Apertura,4,2012-08-12,,Puebla,Cruz Azul,0,1,FALSE,,,
2012/13,Apertura,4,2012-08-12,18:00,Guadalajara,Monarcas Morelia,1,1,FALSE,,,
2012/13,Apertura,5,2012-08-17,19:30,Tijuana,UANL,2,1,FALSE,,,
2012/13,Apertura,5,2012-08-17,21:30,Monarcas Morelia,Puebla,3,0,FALSE,,,
2012/13,Apertura,5,2012-08-17,,Cruz Azul,Leon,1,1,FALSE,,,
2012/13,Apertura,5,2012-08-18,17:00,Querétaro,America,0,4,FALSE,,,
2012/13,Apertura,5,2012-08-18,19:00,Santos Laguna,UNAM,1,2,FALSE,,,
2012/13,Apertura,5,2012-08-18,,Monterrey,Atlante,1,1,FALSE,,,
2012/13,Apertura,5,2012-08-18,21:00,Club San Luis,Guadalajara,0,1,FALSE,,,
2012/13,Apertura,5,2012-08-18,,Atlas,Jaguares Chiapas,1,1,FALSE,,,
2012/13,Apertura,5,2012-08-19,12:00,Toluca,Pachuca,1,0,FALSE,,,
2012/13,Apertura,6,2012-08-24,19:30,Jaguares Chiapas,Querétaro,2,1,FALSE,,,
2012/13,Apertura,6,2012-08-24,20:30,Leon,Monarcas Morelia,1,3,FALSE,,,
2012/13,Apertura,6,2012-08-25,17:00,America,Tijuana,0,1,FALSE,,,
2012/13,Apertura,6,2012-08-25,19:00,Pachuca,Santos Laguna,0,0,FALSE,,,
2012/13,Apertura,6,2012-08-25,,UANL,Toluca,1,1,FALSE,,,
2012/13,Apertura,6,2012-08-26,12:00,Puebla,Club San Luis,1,0,FALSE,,,
2012/13,Apertura,6,2012-08-26,,UNAM,Cruz Azul,0,1,FALSE,,,
2012/13,Apertura,6,2012-08-26,17:00,Guadalajara,Monterrey,1,2,FALSE,,,
2012/13,Apertura,6,2012-08-26,18:00,Atlante,Atlas,1,0,FALSE,,,
2012/13,Apertura,7,2012-08-31,19:30,Tijuana,Jaguares Chiapas,2,0,FALSE,,,
2012/13,Apertura,7,2012-08-31,21:30,Monarcas Morelia,UNAM,0,1,FALSE,,,
2012/13,Apertura,7,2012-09-01,17:00,Cruz Azul,Pachuca,1,1,FALSE,,,
2012/13,Apertura,7,2012-09-01,,Querétaro,Atlante,0,1,FALSE,,,
2012/13,Apertura,7,2012-09-01,19:00,Santos Laguna,UANL,3,1,FALSE,,,
2012/13,Apertura,7,2012-09-01,,Monterrey,Atlas,1,1,FALSE,,,
2012/13,Apertura,7,2012-09-01,21:00,Club San Luis,Leon,0,2,FALSE,,,
2012/13,Apertura,7,2012-09-02,12:00,Toluca,America,1,1,FALSE,,,
2012/13,Apertura,7,2012-09-02,17:00,Guadalajara,Puebla,1,1,FALSE,,,
2012/13,Apertura,8,2012-09-14,19:30,Jaguares Chiapas,Toluca,2,0,FALSE,,,
2012/13,Apertura,8,2012-09-14,,Pachuca,Monarcas Morelia,3,2,FALSE,,,
2012/13,Apertura,8,2012-09-14,21:30,Leon,Guadalajara,1,2,FALSE,,,
2012/13,Apertura,8,2012-09-15,17:00,America,Santos Laguna,2,0,FALSE,,,
2012/13,Apertura,8,2012-09-15,19:00,UANL,Cruz Azul,2,0,FALSE,,,
2012/13,Apertura,8,2012-09-15,21:00,Atlas,Querétaro,0,0,FALSE,,,
2012/13,Apertura,8,2012-09-16,12:00,Puebla,Monterrey,2,3,FALSE,,,
2012/13,Apertura,8,2012-09-16,,UNAM,Club San Luis,0,1,FALSE,,,
2012/13,Apertura,8,2012-09-16,18:00,Atlante,Tijuana,1,2,FALSE,,,
2012/13,Apertura,9,2012-09-21,19:30,Puebla,Leon,1,1,FALSE,,,
2012/13,Apertura,9,2012-09-21,21:30,Monarcas Morelia,UANL,1,1,FALSE,,,
2012/13,Apertura,9,2012-09-22,17:00,Cruz Azul,America,1,1,FALSE,,,
2012/13,Apertura,9,2012-09-22,19:00,Santos Laguna,Jaguares Chiapas,0,0,FALSE,,,
2012/13,Apertura,9,2012-09-22,,Monterrey,Querétaro,3,2,FALSE,,,
2012/13,Apertura,9,2012-09-22,,Club San Luis,Pachuca,1,0,FALSE,,,
2012/13,Apertura,9,2012-09-22,21:30,Tijuana,Atlas,1,1,FALSE,,,
2012/13,Apertura,9,2012-09-23,12:00,Toluca,Atlante,1,0,FALSE,,,
2012/13,Apertura,9,2012-09-23,17:00,Guadalajara,UNAM,0,0,FALSE,,,
2012/13,Apertura,10,2012-09-28,19:30,Jaguares Chiapas,Cruz Azul,1,0,FALSE,,,
2012/13,Apertura,10,2012-09-28,21:36,Leon,Monterrey,2,0,FALSE,,,
2012/13,Apertura,10,2012-09-29,17:00,America,Monarcas Morelia,1,1,FALSE,,,
2012/13,Apertura,10,2012-09-29,,Querétaro,Tijuana,0,1,FALSE,,,
2012/13,Apertura,10,2012-09-29,19:00,Pachuca,Guadalajara,1,0,FALSE,,,
2012/13,Apertura,10,2012-09-29,,UANL,Club San Luis,0,0,FALSE,,,
2012/13,Apertura,10,2012-09-29,21:00,Atlas,Toluca,1,3,FALSE,,,
2012/13,Apertura,10,2012-09-30,12:00,UNAM,Puebla,2,1,FALSE,,,
2012/13,Apertura,10,2012-09-30,18:00,Atlante,Santos Laguna,1,3,FALSE,,,
2012/13,Apertura,11,2012-10-02,19:00,Guadalajara,UANL,2,1,FALSE,,,
2012/13,Apertura,11,2012-10-02,20:30,Club San Luis,America,1,2,FALSE,,,
2012/13,Apertura,11,2012-10-03,19:00,Puebla,Pachuca,2,0,FALSE,,,
2012/13,Apertura,11,2012-10-03,,Toluca,Querétaro,4,1,FALSE,,,
2012/13,Apertura,11,2012-10-03,,Cruz Azul,Atlante,4,0,FALSE,,,
2012/13,Apertura,11,2012-10-03,20:00,Santos Laguna,Atlas,2,1,FALSE,,,
2012/13,Apertura,11,2012-10-03,20:36,Leon,UNAM,2,1,FALSE,,,
2012/13,Apertura,11,2012-10-03,21:00,Monterrey,Tijuana,1,1,FALSE,,,
2012/13,Apertura,11,2012-10-04,20:00,Monarcas Morelia,Jaguares Chiapas,1,1,FALSE,,,
2012/13,Apertura,12,2012-10-06,17:00,America,Guadalajara,1,3,FALSE,,,
2012/13,Apertura,12,2012-10-06,19:00,Querétaro,Santos Laguna,1,1,FALSE,,,
2012/13,Apertura,12,2012-10-06,,Pachuca,Leon,1,1,FALSE,,,
2012/13,Apertura,12,2012-10-06,,UANL,Puebla,1,2,FALSE,,,
2012/13,Apertura,12,2012-10-06,21:00,Atlas,Cruz Azul,1,1,FALSE,,,
2012/13,Apertura,12,2012-10-07,12:00,UNAM,Monterrey,3,2,FALSE,,,
2012/13,Apertura,12,2012-10-07,17:00,Jaguares Chiapas,Club San Luis,4,0,FALSE,,,
2012/13,Apertura,12,2012-10-07,18:00,Atlante,Monarcas Morelia,2,2,FALSE,,,
2012/13,Apertura,12,2012-10-07,20:00,Tijuana,Toluca,1,0,FALSE,,,
2012/13,Apertura,13,2012-10-13,17:00,Cruz Azul,Querétaro,3,2,FALSE,,,
2012/13,Apertura,13,2012-10-13,19:00,Leon,UANL,2,0,FALSE,,,
2012/13,Apertura,13,2012-10-13,,Santos Laguna,Tijuana,2,2,FALSE,,,
2012/13,Apertura,13,2012-10-13,,Club San Luis,Atlante,2,2,FALSE,,,
2012/13,Apertura,13,2012-10-14,12:00,UNAM,Pachuca,1,0,FALSE,,,
2012/13,Apertura,13,2012-10-14,17:00,Guadalajara,Jaguares Chiapas,1,1,FALSE,,,
2012/13,Apertura,13,2012-10-23,20:30,Monarcas Morelia,Atlas,2,0,FALSE,,,
2012/13,Apertura,13,2012-10-25,21:00,Puebla,America,0,1,FALSE,,,
2012/13,Apertura,13,2012-11-07,20:30,Monterrey,Toluca,2,2,FALSE,,,
2012/13,Apertura,14,2012-10-19,19:30,Jaguares Chiapas,Puebla,2,0,FALSE,,,
2012/13,Apertura,14,2012-10-19,21:30,Tijuana,Cruz Azul,2,2,FALSE,,,
2012/13,Apertura,14,2012-10-20,17:00,America,Leon,2,1,FALSE,,,
2012/13,Apertura,14,2012-10-20,,Querétaro,Monarcas Morelia,1,2,FALSE,,,
2012/13,Apertura,14,2012-10-20,19:00,UANL,UNAM,5,0,FALSE,,,
2012/13,Apertura,14,2012-10-20,,Pachuca,Monterrey,1,1,FALSE,,,
2012/13,Apertura,14,2012-10-20,21:00,Atlas,Club San Luis,2,3,FALSE,,,
2012/13,Apertura,14,2012-10-21,12:00,Toluca,Santos Laguna,4,1,FALSE,,,
2012/13,Apertura,14,2012-10-21,18:00,Atlante,Guadalajara,3,1,FALSE,,,
2012/13,Apertura,15,2012-10-26,21:36,Leon,Jaguares Chiapas,4,1,FALSE,,,
2012/13,Apertura,15,2012-10-27,17:00,Cruz Azul,Toluca,3,0,FALSE,,,
2012/13,Apertura,15,2012-10-27,,Club San Luis,Querétaro,0,0,FALSE,,,
2012/13,Apertura,15,2012-10-27,19:00,Monarcas Morelia,Tijuana,1,1,FALSE,,,
2012/13,Apertura,15,2012-10-27,,Monterrey,Santos Laguna,3,2,FALSE,,,
2012/13,Apertura,15,2012-10-27,,Pachuca,UANL,1,0,FALSE,,,
2012/13,Apertura,15,2012-10-28,12:00,Puebla,Atlante,1,2,FALSE,,,
2012/13,Apertura,15,2012-10-28,,UNAM,America,0,1,FALSE,,,
2012/13,Apertura,15,2012-10-28,17:00,Guadalajara,Atlas,2,0,FALSE,,,
2012/13,Apertura,16,2012-11-02,19:30,Jaguares Chiapas,UNAM,3,0,FALSE,,,
2012/13,Apertura,16,2012-11-02,21:30,Santos Laguna,Cruz Azul,2,1,FALSE,,,
2012/13,Apertura,16,2012-11-03,17:00,America,Pachuca,4,0,FALSE,,,
2012/13,Apertura,16,2012-11-03,,Querétaro,Guadalajara,0,1,FALSE,,,
2012/13,Apertura,16,2012-11-03,19:00,Monterrey,UANL,0,1,FALSE,,,
2012/13,Apertura,16,2012-11-03,20:30,Tijuana,Club San Luis,0,0,FALSE,,,
2012/13,Apertura,16,2012-11-04,12:00,Toluca,Monarcas Morelia,0,0,FALSE,,,
2012/13,Apertura,16,2012-11-04,16:00,Atlas,Puebla,2,2,FALSE,,,
2012/13,Apertura,16,2012-11-04,18:00,Atlante,Leon,2,3,FALSE,,,
2012/13,Apertura,17,2012-11-09,21:30,Leon,Atlas,3,1,FALSE,,,
2012/13,Apertura,17,2012-11-09,,Monarcas Morelia,Santos Laguna,2,0,FALSE,,,
2012/13,Apertura,17,2012-11-10,17:00,Cruz Azul,Monterrey,1,1,FALSE,,,
2012/13,Apertura,17,2012-11-10,19:00,UANL,America,1,1,FALSE,,,
2012/13,Apertura,17,2012-11-10,,Pachuca,Jaguares Chiapas,2,1,FALSE,,,
2012/13,Apertura,17,2012-11-10,21:00,Club San Luis,Toluca,0,2,FALSE,,,
2012/13,Apertura,17,2012-11-11,12:00,Puebla,Querétaro,0,1,FALSE,,,
2012/13,Apertura,17,2012-11-11,,UNAM,Atlante,3,2,FALSE,,,
2012/13,Apertura,17,2012-11-11,17:00,Guadalajara,Tijuana,0,2,FALSE,,,
2012/13,Apertura,17,2012-11-14,19:00,Cruz Azul,Leon,2,1,FALSE,,,
2012/13,Apertura,17,2012-11-14,21:00,Monarcas Morelia,America,0,2,FALSE,,,
2012/13,Apertura,17,2012-11-15,19:00,Monterrey,Tijuana,0,1,FALSE,,,
2012/13,Apertura,17,2012-11-15,21:00,Guadalajara,Toluca,1,2,FALSE,,,
2012/13,Apertura,17,2012-11-17,17:00,America,Monarcas Morelia,1,2,FALSE,,,
2012/13,Apertura,17,2012-11-17,19:00,Leon,Cruz Azul,3,0,FALSE,,,
2012/13,Apertura,17,2012-11-18,12:00,Toluca,Guadalajara,3,1,FALSE,,,
2012/13,Apertura,17,2012-11-18,18:30,Tijuana,Monterrey,1,1,FALSE,,,
2012/13,Apertura,17,2012-11-22,19:00,America,Toluca,0,2,FALSE,,,
2012/13,Apertura,17,2012-11-22,21:00,Leon,Tijuana,2,0,FALSE,,,
2012/13,Apertura,17,2012-11-25,12:00,Toluca,America,1,2,FALSE,,,
2012/13,Apertura,17,2012-11-25,18:30,Tijuana,Leon,3,0,FALSE,,,
2012/13,Apertura,17,2012-11-29,21:00,Tijuana,Toluca,2,1,FALSE,,,
2012/13,Apertura,17,2012-12-02,18:00,Toluca,Tijuana,0,2,FALSE,,,
2012/13,Clausura,1,2013-01-04,19:30,Monarcas Morelia,Cruz Azul,3,3,FALSE,,,
2012/13,Clausura,1,2013-01-05,17:00,America,Monterrey,2,1,FALSE,,,
2012/13,Clausura,1,2013-01-05,19:00,UANL,Jaguares Chiapas,3,0,FALSE,,,
2012/13,Clausura,1,2013-01-05,,Pachuca,Atlante,2,0,FALSE,,,
2012/13,Clausura,1,2013-01-05,20:06,Leon,Querétaro,2,2,FALSE,,,
2012/13,Clausura,1,2013-01-05,21:00,Club San Luis,Santos Laguna,1,1,FALSE,,,
2012/13,Clausura,1,2013-01-06,12:00,UNAM,Atlas,1,1,FALSE,,,
2012/13,Clausura,1,2013-01-06,16:00,Puebla,Tijuana,1,2,FALSE,,,
2012/13,Clausura,1,2013-01-06,17:00,Guadalajara,Toluca,1,1,FALSE,,,
2012/13,Clausura,2,2013-01-11,19:30,Jaguares Chiapas,America,0,2,FALSE,,,
2012/13,Clausura,2,2013-01-11,21:30,Santos Laguna,Guadalajara,2,0,FALSE,,,
2012/13,Clausura,2,2013-01-12,17:00,Cruz Azul,Club San Luis,2,1,FALSE,,,
2012/13,Clausura,2,2013-01-12,,Querétaro,UNAM,2,1,FALSE,,,
2012/13,Clausura,2,2013-01-12,19:00,Monterrey,Monarcas Morelia,1,0,FALSE,,,
2012/13,Clausura,2,2013-01-12,,Tijuana,Leon,1,0,FALSE,,,
2012/13,Clausura,2,2013-01-12,21:00,Atlas,Pachuca,2,0,FALSE,,,
2012/13,Clausura,2,2013-01-13,12:00,Toluca,Puebla,1,1,FALSE,,,
2012/13,Clausura,2,2013-01-13,18:00,Atlante,UANL,1,3,FALSE,,,
2012/13,Clausura,3,2013-01-18,19:30,Jaguares Chiapas,Monterrey,1,1,FALSE,,,
2012/13,Clausura,3,2013-01-18,20:36,Leon,Toluca,1,2,FALSE,,,
2012/13,Clausura,3,2013-01-19,17:00,America,Atlante,4,0,FALSE,,,
2012/13,Clausura,3,2013-01-19,19:00,Pachuca,Querétaro,1,1,FALSE,,,
2012/13,Clausura,3,2013-01-19,,UANL,Atlas,1,0,FALSE,,,
2012/13,Clausura,3,2013-01-19,21:00,Club San Luis,Monarcas Morelia,1,2,FALSE,,,
2012/13,Clausura,3,2013-01-20,12:00,Puebla,Santos Laguna,2,1,FALSE,,,
2012/13,Clausura,3,2013-01-20,,UNAM,Tijuana,1,2,FALSE,,,
2012/13,Clausura,3,2013-01-20,17:00,Guadalajara,Cruz Azul,1,1,FALSE,,,
2012/13,Clausura,4,2013-01-25,19:30,Monarcas Morelia,Guadalajara,1,1,FALSE,,,
2012/13,Clausura,4,2013-01-25,21:30,Santos Laguna,Leon,2,0,FALSE,,,
2012/13,Clausura,4,2013-01-26,17:00,Querétaro,UANL,0,2,FALSE,,,
2012/13,Clausura,4,2013-01-26,,Cruz Azul,Puebla,4,0,FALSE,,,
2012/13,Clausura,4,2013-01-26,19:00,Tijuana,Pachuca,2,0,FALSE,,,
2012/13,Clausura,4,2013-01-26,,Monterrey,Club San Luis,3,2,FALSE,,,
2012/13,Clausura,4,2013-01-26,21:00,Atlas,America,2,1,FALSE,,,
2012/13,Clausura,4,2013-01-27,12:00,Toluca,UNAM,0,1,FALSE,,,
2012/13,Clausura,4,2013-01-27,18:00,Atlante,Jaguares Chiapas,4,3,FALSE,,,
2012/13,Clausura,5,2013-02-01,19:30,Jaguares Chiapas,Atlas,1,2,FALSE,,,
2012/13,Clausura,5,2013-02-02,17:00,America,Querétaro,3,0,FALSE,,,
2012/13,Clausura,5,2013-02-02,19:00,Pachuca,Toluca,1,0,FALSE,,,
2012/13,Clausura,5,2013-02-02,,UANL,Tijuana,2,2,FALSE,,,
2012/13,Clausura,5,2013-02-02,20:06,Leon,Cruz Azul,2,2,FALSE,,,
2012/13,Clausura,5,2013-02-03,12:00,Puebla,Monarcas Morelia,3,1,FALSE,,,
2012/13,Clausura,5,2013-02-03,,UNAM,Santos Laguna,0,0,FALSE,,,
2012/13,Clausura,5,2013-02-03,,Guadalajara,Club San Luis,1,1,FALSE,,,
2012/13,Clausura,5,2013-02-03,18:00,Atlante,Monterrey,3,1,FALSE,,,
2012/13,Clausura,6,2013-02-08,19:30,Monarcas Morelia,Leon,1,0,FALSE,,,
2012/13,Clausura,6,2013-02-09,17:00,Cruz Azul,UNAM,1,1,FALSE,,,
2012/13,Clausura,6,2013-02-09,,Querétaro,Jaguares Chiapas,1,1,FALSE,,,
2012/13,Clausura,6,2013-02-09,19:00,Tijuana,America,1,2,FALSE,,,
2012/13,Clausura,6,2013-02-09,,Monterrey,Guadalajara,0,1,FALSE,,,
2012/13,Clausura,6,2013-02-09,21:00,Club San Luis,Puebla,1,3,FALSE,,,
2012/13,Clausura,6,2013-02-09,,Atlas,Atlante,2,1,FALSE,,,
2012/13,Clausura,6,2013-02-10,12:00,Toluca,UANL,1,4,FALSE,,,
2012/13,Clausura,6,2013-02-10,16:00,Santos Laguna,Pachuca,0,1,FALSE,,,
2012/13,Clausura,7,2013-02-15,19:30,Jaguares Chiapas,Tijuana,2,0,FALSE,,,
2012/13,Clausura,7,2013-02-16,17:00,America,Toluca,2,2,FALSE,,,
2012/13,Clausura,7,2013-02-16,19:00,Pachuca,Cruz Azul,2,1,FALSE,,,
2012/13,Clausura,7,2013-02-16,,UANL,Santos Laguna,1,1,FALSE,,,
2012/13,Clausura,7,2013-02-16,20:06,Leon,Club San Luis,2,0,FALSE,,,
2012/13,Clausura,7,2013-02-16,21:00,Atlas,Monterrey,2,1,FALSE,,,
2012/13,Clausura,7,2013-02-17,12:00,UNAM,Monarcas Morelia,1,0,FALSE,,,
2012/13,Clausura,7,2013-02-17,16:00,Puebla,Guadalajara,1,1,FALSE,,,
2012/13,Clausura,7,2013-02-17,18:00,Atlante,Querétaro,1,1,FALSE,,,
2012/13,Clausura,8,2013-02-22,19:30,Monarcas Morelia,Pachuca,3,2,FALSE,,,
2012/13,Clausura,8,2013-02-22,21:30,Santos Laguna,America,1,0,FALSE,,,
2012/13,Clausura,8,2013-02-23,17:00,Cruz Azul,UANL,1,2,FALSE,,,
2012/13,Clausura,8,2013-02-23,,Querétaro,Atlas,0,0,FALSE,,,
2012/13,Clausura,8,2013-02-23,19:00,Monterrey,Puebla,3,0,FALSE,,,
2012/13,Clausura,8,2013-02-23,21:00,Tijuana,Atlante,2,0,FALSE,,,
2012/13,Clausura,8,2013-02-23,,Club San Luis,UNAM,0,2,FALSE,,,
2012/13,Clausura,8,2013-02-24,12:00,Toluca,Jaguares Chiapas,2,1,FALSE,,,
2012/13,Clausura,8,2013-02-24,17:00,Guadalajara,Leon,2,1,FALSE,,,
2012/13,Clausura,9,2013-03-01,19:30,Jaguares Chiapas,Santos Laguna,1,3,FALSE,,,
2012/13,Clausura,9,2013-03-02,17:00,America,Cruz Azul,3,0,FALSE,,,
2012/13,Clausura,9,2013-03-02,,Querétaro,Monterrey,1,0,FALSE,,,
2012/13,Clausura,9,2013-03-02,19:00,Pachuca,Club San Luis,2,1,FALSE,,,
2012/13,Clausura,9,2013-03-02,,UANL,Monarcas Morelia,1,1,FALSE,,,
2012/13,Clausura,9,2013-03-02,20:06,Leon,Puebla,0,1,FALSE,,,
2012/13,Clausura,9,2013-03-02,21:00,Atlas,Tijuana,1,0,FALSE,,,
2012/13,Clausura,9,2013-03-03,12:00,UNAM,Guadalajara,1,1,FALSE,,,
2012/13,Clausura,9,2013-03-03,18:00,Atlante,Toluca,0,1,FALSE,,,
2012/13,Clausura,10,2013-03-08,19:30,Monarcas Morelia,America,1,1,FALSE,,,
2012/13,Clausura,10,2013-03-09,17:00,Cruz Azul,Jaguares Chiapas,1,1,FALSE,,,
2012/13,Clausura,10,2013-03-09,19:00,Santos Laguna,Atlante,2,1,FALSE,,,
2012/13,Clausura,10,2013-03-09,,Tijuana,Querétaro,0,1,FALSE,,,
2012/13,Clausura,10,2013-03-09,,Monterrey,Leon,2,1,FALSE,,,
2012/13,Clausura,10,2013-03-09,21:00,Club San Luis,UANL,1,2,FALSE,,,
2012/13,Clausura,10,2013-03-10,12:00,Toluca,Atlas,0,1,FALSE,,,
2012/13,Clausura,10,2013-03-10,16:00,Puebla,UNAM,0,1,FALSE,,,
2012/13,Clausura,10,2013-03-10,17:00,Guadalajara,Pachuca,1,0,FALSE,,,
2012/13,Clausura,11,2013-03-15,19:30,Jaguares Chiapas,Monarcas Morelia,1,1,FALSE,,,
2012/13,Clausura,11,2013-03-16,17:00,America,Club San Luis,1,1,FALSE,,,
2012/13,Clausura,11,2013-03-16,,Querétaro,Toluca,1,0,FALSE,,,
2012/13,Clausura,11,2013-03-16,19:00,Pachuca,Puebla,2,1,FALSE,,,
2012/13,Clausura,11,2013-03-16,,UANL,Guadalajara,1,1,FALSE,,,
2012/13,Clausura,11,2013-03-16,21:00,Atlas,Santos Laguna,1,2,FALSE,,,
2012/13,Clausura,11,2013-03-16,22:00,Tijuana,Monterrey,2,2,FALSE,,,
2012/13,Clausura,11,2013-03-17,12:00,UNAM,Leon,0,0,FALSE,,,
2012/13,Clausura,11,2013-03-17,18:00,Atlante,Cruz Azul,0,3,FALSE,,,
2012/13,Clausura,12,2013-03-30,17:00,Cruz Azul,Atlas,1,2,FALSE,,,
2012/13,Clausura,12,2013-03-30,,Toluca,Tijuana,1,0,FALSE,,,
2012/13,Clausura,12,2013-03-30,19:00,Monarcas Morelia,Atlante,4,0,FALSE,,,
2012/13,Clausura,12,2013-03-30,,Santos Laguna,Querétaro,1,1,FALSE,,,
2012/13,Clausura,12,2013-03-30,,Monterrey,UNAM,3,0,FALSE,,,
2012/13,Clausura,12,2013-03-30,20:06,Leon,Pachuca,0,0,FALSE,,,
2012/13,Clausura,12,2013-03-30,21:00,Club San Luis,Jaguares Chiapas,3,0,FALSE,,,
2012/13,Clausura,12,2013-03-31,12:00,Puebla,UANL,1,2,FALSE,,,
2012/13,Clausura,12,2013-03-31,20:00,Guadalajara,America,0,2,FALSE,,,
2012/13,Clausura,13,2013-04-05,19:30,Jaguares Chiapas,Guadalajara,3,2,FALSE,,,
2012/13,Clausura,13,2013-04-06,17:00,America,Puebla,1,1,FALSE,,,
2012/13,Clausura,13,2013-04-06,,Querétaro,Cruz Azul,1,2,FALSE,,,
2012/13,Clausura,13,2013-04-06,19:00,Pachuca,UNAM,1,2,FALSE,,,
2012/13,Clausura,13,2013-04-06,,UANL,Leon,0,0,FALSE,,,
2012/13,Clausura,13,2013-04-06,21:00,Atlas,Monarcas Morelia,0,0,FALSE,,,
2012/13,Clausura,13,2013-04-06,22:00,Tijuana,Santos Laguna,0,0,FALSE,,,
2012/13,Clausura,13,2013-04-07,17:00,Toluca,Monterrey,1,0,FALSE,,,
2012/13,Clausura,13,2013-04-07,18:00,Atlante,Club San Luis,0,1,FALSE,,,
2012/13,Clausura,14,2013-04-12,19:30,Santos Laguna,Toluca,2,1,FALSE,,,
2012/13,Clausura,14,2013-04-12,21:30,Monarcas Morelia,Querétaro,1,0,FALSE,,,
2012/13,Clausura,14,2013-04-13,17:00,Cruz Azul,Tijuana,5,0,FALSE,,,
2012/13,Clausura,14,2013-04-13,19:00,Monterrey,Pachuca,2,0,FALSE,,,
2012/13,Clausura,14,2013-04-13,20:00,Leon,America,1,1,FALSE,,,
2012/13,Clausura,14,2013-04-13,21:00,Club San Luis,Atlas,2,2,FALSE,,,
2012/13,Clausura,14,2013-04-14,12:00,UNAM,UANL,2,1,FALSE,,,
2012/13,Clausura,14,2013-04-14,,Puebla,Jaguares Chiapas,1,2,FALSE,,,
2012/13,Clausura,14,2013-04-14,17:00,Guadalajara,Atlante,1,2,FALSE,,,
2012/13,Clausura,15,2013-04-19,19:30,Jaguares Chiapas,Leon,2,2,FALSE,,,
2012/13,Clausura,15,2013-04-19,21:30,Santos Laguna,Monterrey,1,0,FALSE,,,
2012/13,Clausura,15,2013-04-20,17:00,Querétaro,Club San Luis,2,1,FALSE,,,
2012/13,Clausura,15,2013-04-20,18:00,Atlas,Guadalajara,1,0,FALSE,,,
2012/13,Clausura,15,2013-04-20,19:00,UANL,Pachuca,3,1,FALSE,,,
2012/13,Clausura,15,2013-04-20,,Tijuana,Monarcas Morelia,1,2,FALSE,,,
2012/13,Clausura,15,2013-04-20,20:00,America,UNAM,1,0,FALSE,,,
2012/13,Clausura,15,2013-04-21,12:00,Toluca,Cruz Azul,0,2,FALSE,,,
2012/13,Clausura,15,2013-04-21,17:00,Atlante,Puebla,2,0,FALSE,,,
2012/13,Clausura,16,2013-04-26,19:30,Monarcas Morelia,Toluca,2,1,FALSE,,,
2012/13,Clausura,16,2013-04-27,17:00,Cruz Azul,Santos Laguna,1,0,FALSE,,,
2012/13,Clausura,16,2013-04-27,19:00,UANL,Monterrey,0,1,FALSE,,,
2012/13,Clausura,16,2013-04-27,,Pachuca,America,2,4,FALSE,,,
2012/13,Clausura,16,2013-04-27,20:06,Leon,Atlante,1,0,FALSE,,,
2012/13,Clausura,16,2013-04-27,21:00,Club San Luis,Tijuana,1,0,FALSE,,,
2012/13,Clausura,16,2013-04-28,12:00,UNAM,Jaguares Chiapas,3,0,FALSE,,,
2012/13,Clausura,16,2013-04-28,,Puebla,Atlas,1,1,FALSE,,,
2012/13,Clausura,16,2013-04-28,17:00,Guadalajara,Querétaro,1,2,FALSE,,,
2012/13,Clausura,17,2013-05-03,19:30,Jaguares Chiapas,Pachuca,2,1,FALSE,,,
2012/13,Clausura,17,2013-05-03,21:30,Tijuana,Guadalajara,4,0,FALSE,,,
2012/13,Clausura,17,2013-05-04,17:00,America,UANL,0,2,FALSE,,,
2012/13,Clausura,17,2013-05-04,19:00,Monterrey,Cruz Azul,1,5,FALSE,,,
2012/13,Clausura,17,2013-05-04,,Santos Laguna,Monarcas Morelia,1,2,FALSE,,,
2012/13,Clausura,17,2013-05-04,21:00,Querétaro,Puebla,2,3,FALSE,,,
2012/13,Clausura,17,2013-05-04,,Atlas,Leon,0,1,FALSE,,,
2012/13,Clausura,17,2013-05-05,12:00,Toluca,Club San Luis,0,1,FALSE,,,
2012/13,Clausura,17,2013-05-05,18:00,Atlante,UNAM,1,2,FALSE,,,
2012/13,Clausura,17,2013-05-08,19:00,Monterrey,UANL,1,0,FALSE,,,
2012/13,Clausura,17,2013-05-08,21:00,UNAM,America,0,1,FALSE,,,
2012/13,Clausura,17,2013-05-09,19:00,Santos Laguna,Atlas,0,0,FALSE,,,
2012/13,Clausura,17,2013-05-09,21:00,Cruz Azul,Monarcas Morelia,4,2,FALSE,,,
2012/13,Clausura,17,2013-05-11,17:00,America,UNAM,2,1,FALSE,,,
2012/13,Clausura,17,2013-05-11,19:00,UANL,Monterrey,1,1,FALSE,,,
2012/13,Clausura,17,2013-05-12,18:00,Monarcas Morelia,Cruz Azul,1,0,FALSE,,,
2012/13,Clausura,17,2013-05-12,20:00,Atlas,Santos Laguna,1,3,FALSE,,,
2012/13,Clausura,17,2013-05-15,21:00,Monterrey,America,2,2,FALSE,,,
2012/13,Clausura,17,2013-05-16,21:00,Santos Laguna,Cruz Azul,0,3,FALSE,,,
2012/13,Clausura,17,2013-05-18,17:00,America,Monterrey,2,1,FALSE,,,
2012/13,Clausura,17,2013-05-19,20:00,Cruz Azul,Santos Laguna,2,1,FALSE,,,
2012/13,Clausura,17,2013-05-23,21:00,Cruz Azul,America,1,0,FALSE,,,
2012/13,Clausura,17,2013-05-26,20:00,America,Cruz Azul,2,1,TRUE,4,2,
2013/14,Apertura,1,2013-07-19,19:30,Querétaro,Monarcas Morelia,1,3,FALSE,,,
2013/14,Apertura,1,2013-07-19,21:30,Tijuana,Atlas,3,3,FALSE,,,
2013/14,Apertura,1,2013-07-20,17:00,Cruz Azul,Monterrey,1,0,FALSE,,,
2013/14,Apertura,1,2013-07-20,19:00,CD Veracruz,Chiapas FC,2,2,FALSE,,,
2013/14,Apertura,1,2013-07-20,20:06,Leon,Atlante,1,0,FALSE,,,
2013/14,Apertura,1,2013-07-21,12:00,Puebla,UNAM,1,1,FALSE,,,
2013/14,Apertura,1,2013-07-21,,Toluca,Pachuca,0,1,FALSE,,,
2013/14,Apertura,1,2013-10-29,20:30,UANL,America,1,0,FALSE,,,
2013/14,Apertura,1,2013-10-30,19:00,Guadalajara,Santos Laguna,0,2,FALSE,,,
2013/14,Apertura,2,2013-07-26,19:30,Monarcas Morelia,Toluca,3,4,FALSE,,,
2013/14,Apertura,2,2013-07-26,21:30,Santos Laguna,Cruz Azul,3,2,FALSE,,,
2013/14,Apertura,2,2013-07-27,19:00,Monterrey,Puebla,1,1,FALSE,,,
2013/14,Apertura,2,2013-07-27,,Pachuca,UANL,2,1,FALSE,,,
2013/14,Apertura,2,2013-07-27,,Atlante,CD Veracruz,2,4,FALSE,,,
2013/14,Apertura,2,2013-07-27,21:00,Chiapas FC,Guadalajara,1,1,FALSE,,,
2013/14,Apertura,2,2013-07-27,,Atlas,Leon,1,2,FALSE,,,
2013/14,Apertura,2,2013-07-28,12:00,UNAM,Querétaro,0,3,FALSE,,,
2013/14,Apertura,2,2013-10-01,20:00,America,Tijuana,2,0,FALSE,,,
2013/14,Apertura,3,2013-07-30,19:00,Cruz Azul,Chiapas FC,1,1,FALSE,,,
2013/14,Apertura,3,2013-07-30,20:00,Atlante,Atlas,1,1,FALSE,,,
2013/14,Apertura,3,2013-07-30,21:30,Tijuana,Pachuca,1,0,FALSE,,,
2013/14,Apertura,3,2013-07-31,18:00,Guadalajara,CD Veracruz,0,2,FALSE,,,
2013/14,Apertura,3,2013-07-31,20:00,Querétaro,Monterrey,3,3,FALSE,,,
2013/14,Apertura,3,2013-07-31,,Puebla,Santos Laguna,1,1,FALSE,,,
2013/14,Apertura,3,2013-07-31,,Toluca,UNAM,0,0,FALSE,,,
2013/14,Apertura,3,2013-07-31,20:45,UANL,Monarcas Morelia,1,2,FALSE,,,
2013/14,Apertura,3,2013-07-31,21:00,Leon,America,1,1,FALSE,,,
2013/14,Apertura,4,2013-08-03,17:00,CD Veracruz,Cruz Azul,3,2,FALSE,,,
2013/14,Apertura,4,2013-08-03,,America,Atlas,3,0,FALSE,,,
2013/14,Apertura,4,2013-08-03,19:00,Monarcas Morelia,Tijuana,2,1,FALSE,,,
2013/14,Apertura,4,2013-08-03,,Santos Laguna,Querétaro,2,0,FALSE,,,
2013/14,Apertura,4,2013-08-03,,Monterrey,Toluca,1,1,FALSE,,,
2013/14,Apertura,4,2013-08-03,,Pachuca,Leon,1,1,FALSE,,,
2013/14,Apertura,4,2013-08-03,21:00,Chiapas FC,Puebla,4,2,FALSE,,,
2013/14,Apertura,4,2013-08-04,12:00,UNAM,UANL,0,2,FALSE,,,
2013/14,Apertura,4,2013-08-04,17:00,Guadalajara,Atlante,1,0,FALSE,,,
2013/14,Apertura,5,2013-08-09,19:30,Querétaro,Chiapas FC,1,1,FALSE,,,
2013/14,Apertura,5,2013-08-09,21:30,Tijuana,UNAM,2,0,FALSE,,,
2013/14,Apertura,5,2013-08-10,17:00,Cruz Azul,Guadalajara,3,1,FALSE,,,
2013/14,Apertura,5,2013-08-10,19:00,UANL,Monterrey,3,1,FALSE,,,
2013/14,Apertura,5,2013-08-10,,Atlante,America,2,4,FALSE,,,
2013/14,Apertura,5,2013-08-10,20:06,Leon,Monarcas Morelia,0,0,FALSE,,,
2013/14,Apertura,5,2013-08-10,21:00,Atlas,Pachuca,1,1,FALSE,,,
2013/14,Apertura,5,2013-08-11,12:00,Puebla,CD Veracruz,0,0,FALSE,,,
2013/14,Apertura,5,2013-08-11,,Toluca,Santos Laguna,2,2,FALSE,,,
2013/14,Apertura,6,2013-08-16,19:30,Monarcas Morelia,Atlas,2,0,FALSE,,,
2013/14,Apertura,6,2013-08-16,21:30,Santos Laguna,UANL,3,0,FALSE,,,
2013/14,Apertura,6,2013-08-17,17:00,CD Veracruz,Querétaro,0,0,FALSE,,,
2013/14,Apertura,6,2013-08-17,,Cruz Azul,Atlante,1,0,FALSE,,,
2013/14,Apertura,6,2013-08-17,19:00,Monterrey,Tijuana,2,1,FALSE,,,
2013/14,Apertura,6,2013-08-17,,Pachuca,America,0,1,FALSE,,,
2013/14,Apertura,6,2013-08-17,21:00,Chiapas FC,Toluca,0,4,FALSE,,,
2013/14,Apertura,6,2013-08-18,12:00,UNAM,Leon,1,1,FALSE,,,
2013/14,Apertura,6,2013-08-18,17:00,Guadalajara,Puebla,2,4,FALSE,,,
2013/14,Apertura,7,2013-08-23,19:30,Querétaro,Guadalajara,2,0,FALSE,,,
2013/14,Apertura,7,2013-08-23,21:30,Tijuana,Santos Laguna,1,1,FALSE,,,
2013/14,Apertura,7,2013-08-24,17:00,America,Monarcas Morelia,3,1,FALSE,,,
2013/14,Apertura,7,2013-08-24,19:00,UANL,Chiapas FC,2,2,FALSE,,,
2013/14,Apertura,7,2013-08-24,,Atlante,Pachuca,1,1,FALSE,,,
2013/14,Apertura,7,2013-08-24,20:06,Leon,Monterrey,3,1,FALSE,,,
2013/14,Apertura,7,2013-08-24,21:00,Atlas,UNAM,1,1,FALSE,,,
2013/14,Apertura,7,2013-08-25,12:00,Puebla,Cruz Azul,1,2,FALSE,,,
2013/14,Apertura,7,2013-08-25,,Toluca,CD Veracruz,3,1,FALSE,,,
2013/14,Apertura,8,2013-08-30,19:30,Monarcas Morelia,Pachuca,4,1,FALSE,,,
2013/14,Apertura,8,2013-08-30,21:30,Santos Laguna,Leon,0,2,FALSE,,,
2013/14,Apertura,8,2013-08-31,16:00,Cruz Azul,Querétaro,0,2,FALSE,,,
2013/14,Apertura,8,2013-08-31,17:00,CD Veracruz,UANL,1,1,FALSE,,,
2013/14,Apertura,8,2013-08-31,19:00,Monterrey,Atlas,0,0,FALSE,,,
2013/14,Apertura,8,2013-08-31,21:00,Chiapas FC,Tijuana,3,1,FALSE,,,
2013/14,Apertura,8,2013-09-01,12:00,Puebla,Atlante,1,0,FALSE,,,
2013/14,Apertura,8,2013-09-01,17:00,Guadalajara,Toluca,0,0,FALSE,,,
2013/14,Apertura,8,2013-09-02,20:30,UNAM,America,1,4,FALSE,,,
2013/14,Apertura,9,2013-09-06,18:00,Querétaro,Puebla,1,0,FALSE,,,
2013/14,Apertura,9,2013-09-07,17:00,America,Monterrey,1,0,FALSE,,,
2013/14,Apertura,9,2013-09-07,19:00,UANL,Guadalajara,3,3,FALSE,,,
2013/14,Apertura,9,2013-09-07,,Pachuca,UNAM,0,0,FALSE,,,
2013/14,Apertura,9,2013-09-07,,Atlante,Monarcas Morelia,2,2,FALSE,,,
2013/14,Apertura,9,2013-09-07,20:06,Leon,Chiapas FC,0,1,FALSE,,,
2013/14,Apertura,9,2013-09-07,21:00,Atlas,Santos Laguna,2,2,FALSE,,,
2013/14,Apertura,9,2013-09-07,21:30,Tijuana,CD Veracruz,3,0,FALSE,,,
2013/14,Apertura,9,2013-09-08,12:00,Toluca,Cruz Azul,1,2,FALSE,,,
2013/14,Apertura,10,2013-09-13,19:30,Querétaro,Atlante,1,0,FALSE,,,
2013/14,Apertura,10,2013-09-13,21:30,Santos Laguna,America,2,1,FALSE,,,
2013/14,Apertura,10,2013-09-14,17:00,CD Veracruz,Leon,0,1,FALSE,,,
2013/14,Apertura,10,2013-09-14,,Cruz Azul,UANL,0,1,FALSE,,,
2013/14,Apertura,10,2013-09-14,19:00,Monterrey,Pachuca,1,0,FALSE,,,
2013/14,Apertura,10,2013-09-14,21:00,Chiapas FC,Atlas,3,0,FALSE,,,
2013/14,Apertura,10,2013-09-15,12:00,Puebla,Toluca,1,1,FALSE,,,
2013/14,Apertura,10,2013-09-15,,UNAM,Monarcas Morelia,0,1,FALSE,,,
2013/14,Apertura,10,2013-09-15,17:00,Guadalajara,Tijuana,2,2,FALSE,,,
2013/14,Apertura,11,2013-09-20,19:30,Monarcas Morelia,Monterrey,1,3,FALSE,,,
2013/14,Apertura,11,2013-09-20,21:30,Tijuana,Cruz Azul,0,0,FALSE,,,
2013/14,Apertura,11,2013-09-21,17:00,America,Chiapas FC,3,1,FALSE,,,
2013/14,Apertura,11,2013-09-21,19:00,UANL,Puebla,0,0,FALSE,,,
2013/14,Apertura,11,2013-09-21,,Pachuca,Santos Laguna,1,1,FALSE,,,
2013/14,Apertura,11,2013-09-21,,Atlante,UNAM,1,0,FALSE,,,
2013/14,Apertura,11,2013-09-21,20:06,Leon,Guadalajara,2,1,FALSE,,,
2013/14,Apertura,11,2013-09-21,21:00,Atlas,CD Veracruz,3,3,FALSE,,,
2013/14,Apertura,11,2013-09-22,12:00,Toluca,Querétaro,4,0,FALSE,,,
2013/14,Apertura,12,2013-09-27,19:30,Querétaro,UANL,2,2,FALSE,,,
2013/14,Apertura,12,2013-09-27,21:30,Santos Laguna,Monarcas Morelia,3,1,FALSE,,,
2013/14,Apertura,12,2013-09-28,17:00,CD Veracruz,America,0,1,FALSE,,,
2013/14,Apertura,12,2013-09-28,,Cruz Azul,Leon,1,0,FALSE,,,
2013/14,Apertura,12,2013-09-28,19:00,Monterrey,UNAM,0,1,FALSE,,,
2013/14,Apertura,12,2013-09-28,21:00,Chiapas FC,Pachuca,2,1,FALSE,,,
2013/14,Apertura,12,2013-09-29,12:00,Toluca,Atlante,7,1,FALSE,,,
2013/14,Apertura,12,2013-09-29,,Puebla,Tijuana,2,0,FALSE,,,
2013/14,Apertura,12,2013-09-29,17:00,Guadalajara,Atlas,1,1,FALSE,,,
2013/14,Apertura,13,2013-10-04,19:30,Monarcas Morelia,Chiapas FC,2,1,FALSE,,,
2013/14,Apertura,13,2013-10-04,21:30,Tijuana,Querétaro,1,0,FALSE,,,
2013/14,Apertura,13,2013-10-05,17:00,America,Guadalajara,2,0,FALSE,,,
2013/14,Apertura,13,2013-10-05,19:00,UANL,Toluca,1,2,FALSE,,,
2013/14,Apertura,13,2013-10-05,,Pachuca,CD Veracruz,1,1,FALSE,,,
2013/14,Apertura,13,2013-10-05,,Atlante,Monterrey,2,1,FALSE,,,
2013/14,Apertura,13,2013-10-05,20:06,Leon,Puebla,3,1,FALSE,,,
2013/14,Apertura,13,2013-10-05,21:00,Atlas,Cruz Azul,1,2,FALSE,,,
2013/14,Apertura,13,2013-10-06,12:00,UNAM,Santos Laguna,0,1,FALSE,,,
2013/14,Apertura,14,2013-10-18,19:30,Querétaro,Leon,2,0,FALSE,,,
2013/14,Apertura,14,2013-10-18,21:30,Santos Laguna,Monterrey,3,2,FALSE,,,
2013/14,Apertura,14,2013-10-19,17:00,CD Veracruz,Monarcas Morelia,1,0,FALSE,,,
2013/14,Apertura,14,2013-10-19,,Cruz Azul,America,1,1,FALSE,,,
2013/14,Apertura,14,2013-10-19,19:00,UANL,Atlante,3,1,FALSE,,,
2013/14,Apertura,14,2013-10-19,21:00,Chiapas FC,UNAM,1,1,FALSE,,,
2013/14,Apertura,14,2013-10-20,12:00,Toluca,Tijuana,0,0,FALSE,,,
2013/14,Apertura,14,2013-10-20,,Puebla,Atlas,2,0,FALSE,,,
2013/14,Apertura,14,2013-10-20,17:00,Guadalajara,Pachuca,1,3,FALSE,,,
2013/14,Apertura,15,2013-10-25,19:30,Monarcas Morelia,Guadalajara,1,1,FALSE,,,
2013/14,Apertura,15,2013-10-25,21:30,Tijuana,UANL,0,0,FALSE,,,
2013/14,Apertura,15,2013-10-26,17:00,America,Puebla,3,1,FALSE,,,
2013/14,Apertura,15,2013-10-26,19:00,Pachuca,Cruz Azul,0,0,FALSE,,,
2013/14,Apertura,15,2013-10-26,,Monterrey,Chiapas FC,1,1,FALSE,,,
2013/14,Apertura,15,2013-10-26,,Atlante,Santos Laguna,1,3,FALSE,,,
2013/14,Apertura,15,2013-10-26,19:06,Leon,Toluca,2,2,FALSE,,,
2013/14,Apertura,15,2013-10-26,21:00,Atlas,Querétaro,3,1,FALSE,,,
2013/14,Apertura,15,2013-10-27,12:00,UNAM,CD Veracruz,0,0,FALSE,,,
2013/14,Apertura,16,2013-11-01,19:30,Querétaro,America,0,0,FALSE,,,
2013/14,Apertura,16,2013-11-01,20:30,Tijuana,Atlante,4,1,FALSE,,,
2013/14,Apertura,16,2013-11-02,17:00,CD Veracruz,Monterrey,0,3,FALSE,,,
2013/14,Apertura,16,2013-11-02,,Cruz Azul,Monarcas Morelia,1,0,FALSE,,,
2013/14,Apertura,16,2013-11-02,19:00,UANL,Leon,1,1,FALSE,,,
2013/14,Apertura,16,2013-11-02,21:00,Chiapas FC,Santos Laguna,2,1,FALSE,,,
2013/14,Apertura,16,2013-11-03,12:00,Toluca,Atlas,1,1,FALSE,,,
2013/14,Apertura,16,2013-11-03,,Puebla,Pachuca,1,1,FALSE,,,
2013/14,Apertura,16,2013-11-03,17:00,Guadalajara,UNAM,1,0,FALSE,,,
2013/14,Apertura,17,2013-11-08,19:30,Monarcas Morelia,Puebla,1,0,FALSE,,,
2013/14,Apertura,17,2013-11-08,21:30,Santos Laguna,CD Veracruz,2,2,FALSE,,,
2013/14,Apertura,17,2013-11-09,17:00,America,Toluca,1,1,FALSE,,,
2013/14,Apertura,17,2013-11-09,19:00,Pachuca,Querétaro,0,1,FALSE,,,
2013/14,Apertura,17,2013-11-09,,Monterrey,Guadalajara,2,1,FALSE,,,
2013/14,Apertura,17,2013-11-09,,Atlante,Chiapas FC,2,0,FALSE,,,
2013/14,Apertura,17,2013-11-09,20:06,Leon,Tijuana,5,0,FALSE,,,
2013/14,Apertura,17,2013-11-09,21:00,Atlas,UANL,0,1,FALSE,,,
2013/14,Apertura,17,2013-11-10,12:00,UNAM,Cruz Azul,2,2,FALSE,,,
2013/14,Apertura,17,2013-11-23,17:00,Toluca,Cruz Azul,3,0,FALSE,,,
2013/14,Apertura,17,2013-11-23,19:00,Monarcas Morelia,Leon,3,3,FALSE,,,
2013/14,Apertura,17,2013-11-24,17:00,UANL,America,2,2,FALSE,,,
2013/14,Apertura,17,2013-11-24,20:00,Querétaro,Santos Laguna,2,3,FALSE,,,
2013/14,Apertura,17,2013-11-30,17:00,Cruz Azul,Toluca,1,1,FALSE,,,
2013/14,Apertura,17,2013-11-30,20:06,Leon,Monarcas Morelia,4,0,FALSE,,,
2013/14,Apertura,17,2013-12-01,17:00,America,UANL,1,1,FALSE,,,
2013/14,Apertura,17,2013-12-01,20:00,Santos Laguna,Querétaro,3,1,FALSE,,,
2013/14,Apertura,17,2013-12-05,19:00,Toluca,America,2,1,FALSE,,,
2013/14,Apertura,17,2013-12-05,21:00,Leon,Santos Laguna,3,1,FALSE,,,
2013/14,Apertura,17,2013-12-08,17:00,America,Toluca,2,0,FALSE,,,
2013/14,Apertura,17,2013-12-08,20:00,Santos Laguna,Leon,2,2,FALSE,,,
2013/14,Apertura,17,2013-12-12,20:06,Leon,America,2,0,FALSE,,,
2013/14,Apertura,17,2013-12-15,18:00,America,Leon,1,3,FALSE,,,
2013/14,Clausura,1,2014-01-03,19:30,Monarcas Morelia,Querétaro,0,1,FALSE,,,
2013/14,Clausura,1,2014-01-03,21:30,Santos Laguna,Guadalajara,1,1,FALSE,,,
2013/14,Clausura,1,2014-01-04,17:00,America,UANL,3,0,FALSE,,,
2013/14,Clausura,1,2014-01-04,19:00,Monterrey,Cruz Azul,0,0,FALSE,,,
2013/14,Clausura,1,2014-01-04,,Pachuca,Toluca,0,1,FALSE,,,
2013/14,Clausura,1,2014-01-04,21:00,Chiapas FC,CD Veracruz,1,1,FALSE,,,
2013/14,Clausura,1,2014-01-04,,Atlas,Tijuana,0,0,FALSE,,,
2013/14,Clausura,1,2014-01-05,12:00,UNAM,Puebla,2,2,FALSE,,,
2013/14,Clausura,1,2014-01-05,17:00,Atlante,Leon,1,1,FALSE,,,
2013/14,Clausura,2,2014-01-10,19:30,Querétaro,UNAM,1,0,FALSE,,,
2013/14,Clausura,2,2014-01-10,21:30,Tijuana,America,1,0,FALSE,,,
2013/14,Clausura,2,2014-01-11,17:00,CD Veracruz,Atlante,2,1,FALSE,,,
2013/14,Clausura,2,2014-01-11,,Cruz Azul,Santos Laguna,2,1,FALSE,,,
2013/14,Clausura,2,2014-01-11,19:00,UANL,Pachuca,0,0,FALSE,,,
2013/14,Clausura,2,2014-01-11,20:06,Leon,Atlas,3,1,FALSE,,,
2013/14,Clausura,2,2014-01-12,12:00,Puebla,Monterrey,1,1,FALSE,,,
2013/14,Clausura,2,2014-01-12,,Toluca,Monarcas Morelia,2,2,FALSE,,,
2013/14,Clausura,2,2014-01-12,17:00,Guadalajara,Chiapas FC,1,0,FALSE,,,
2013/14,Clausura,3,2014-01-17,19:30,Monarcas Morelia,UANL,2,0,FALSE,,,
2013/14,Clausura,3,2014-01-17,21:30,Santos Laguna,Puebla,0,0,FALSE,,,
2013/14,Clausura,3,2014-01-18,17:00,CD Veracruz,Guadalajara,1,1,FALSE,,,
2013/14,Clausura,3,2014-01-18,,America,Leon,1,0,FALSE,,,
2013/14,Clausura,3,2014-01-18,19:00,Monterrey,Querétaro,3,1,FALSE,,,
2013/14,Clausura,3,2014-01-18,,Pachuca,Tijuana,2,1,FALSE,,,
2013/14,Clausura,3,2014-01-18,21:00,Chiapas FC,Cruz Azul,0,1,FALSE,,,
2013/14,Clausura,3,2014-01-18,,Atlas,Atlante,0,1,FALSE,,,
2013/14,Clausura,3,2014-01-19,12:00,UNAM,Toluca,0,2,FALSE,,,
2013/14,Clausura,4,2014-01-24,19:30,Querétaro,Santos Laguna,0,0,FALSE,,,
2013/14,Clausura,4,2014-01-24,21:30,Tijuana,Monarcas Morelia,1,0,FALSE,,,
2013/14,Clausura,4,2014-01-25,17:00,Cruz Azul,CD Veracruz,4,0,FALSE,,,
2013/14,Clausura,4,2014-01-25,19:00,UANL,UNAM,1,2,FALSE,,,
2013/14,Clausura,4,2014-01-25,20:06,Leon,Pachuca,1,3,FALSE,,,
2013/14,Clausura,4,2014-01-25,21:00,Atlas,America,1,2,FALSE,,,
2013/14,Clausura,4,2014-01-26,12:00,Puebla,Chiapas FC,2,3,FALSE,,,
2013/14,Clausura,4,2014-01-26,,Toluca,Monterrey,2,0,FALSE,,,
2013/14,Clausura,4,2014-01-26,17:00,Atlante,Guadalajara,1,1,FALSE,,,
2013/14,Clausura,5,2014-01-31,21:30,Monarcas Morelia,Leon,0,0,FALSE,,,
2013/14,Clausura,5,2014-02-01,17:00,Santos Laguna,Toluca,2,0,FALSE,,,
2013/14,Clausura,5,2014-02-01,,CD Veracruz,Puebla,0,1,FALSE,,,
2013/14,Clausura,5,2014-02-01,,America,Atlante,1,0,FALSE,,,
2013/14,Clausura,5,2014-02-01,19:00,Monterrey,UANL,0,0,FALSE,,,
2013/14,Clausura,5,2014-02-01,,Pachuca,Atlas,0,1,FALSE,,,
2013/14,Clausura,5,2014-02-01,,Guadalajara,Cruz Azul,0,2,FALSE,,,
2013/14,Clausura,5,2014-02-01,21:00,Chiapas FC,Querétaro,1,0,FALSE,,,
2013/14,Clausura,5,2014-02-02,12:00,UNAM,Tijuana,3,0,FALSE,,,
2013/14,Clausura,6,2014-02-07,21:30,Tijuana,Monterrey,2,1,FALSE,,,
2013/14,Clausura,6,2014-02-08,17:00,America,Pachuca,0,1,FALSE,,,
2013/14,Clausura,6,2014-02-08,19:00,UANL,Santos Laguna,1,1,FALSE,,,
2013/14,Clausura,6,2014-02-08,20:06,Leon,UNAM,1,2,FALSE,,,
2013/14,Clausura,6,2014-02-08,21:00,Atlas,Monarcas Morelia,1,1,FALSE,,,
2013/14,Clausura,6,2014-02-09,12:00,Puebla,Guadalajara,0,1,FALSE,,,
2013/14,Clausura,6,2014-02-09,,Toluca,Chiapas FC,2,0,FALSE,,,
2013/14,Clausura,6,2014-02-09,17:00,Querétaro,CD Veracruz,2,0,FALSE,,,
2013/14,Clausura,6,2014-02-09,,Atlante,Cruz Azul,1,4,FALSE,,,
2013/14,Clausura,7,2014-02-14,19:30,Monarcas Morelia,America,1,0,FALSE,,,
2013/14,Clausura,7,2014-02-14,21:30,Santos Laguna,Tijuana,3,2,FALSE,,,
2013/14,Clausura,7,2014-02-15,17:00,CD Veracruz,Toluca,0,3,FALSE,,,
2013/14,Clausura,7,2014-02-15,,Cruz Azul,Puebla,1,0,FALSE,,,
2013/14,Clausura,7,2014-02-15,19:00,Monterrey,Leon,0,2,FALSE,,,
2013/14,Clausura,7,2014-02-15,,Pachuca,Atlante,0,1,FALSE,,,
2013/14,Clausura,7,2014-02-15,21:00,Chiapas FC,UANL,0,0,FALSE,,,
2013/14,Clausura,7,2014-02-16,12:00,UNAM,Atlas,1,1,FALSE,,,
2013/14,Clausura,7,2014-02-16,17:00,Guadalajara,Querétaro,2,1,FALSE,,,
2013/14,Clausura,8,2014-02-21,19:30,Querétaro,Cruz Azul,1,3,FALSE,,,
2013/14,Clausura,8,2014-02-21,21:30,Tijuana,Chiapas FC,0,3,FALSE,,,
2013/14,Clausura,8,2014-02-22,17:00,America,UNAM,1,3,FALSE,,,
2013/14,Clausura,8,2014-02-22,19:00,UANL,CD Veracruz,1,0,FALSE,,,
2013/14,Clausura,8,2014-02-22,,Pachuca,Monarcas Morelia,3,0,FALSE,,,
2013/14,Clausura,8,2014-02-22,20:06,Leon,Santos Laguna,4,2,FALSE,,,
2013/14,Clausura,8,2014-02-22,21:00,Atlas,Monterrey,0,1,FALSE,,,
2013/14,Clausura,8,2014-02-23,12:00,Toluca,Guadalajara,1,0,FALSE,,,
2013/14,Clausura,8,2014-02-23,17:00,Atlante,Puebla,0,0,FALSE,,,
2013/14,Clausura,9,2014-02-28,19:30,Monarcas Morelia,Atlante,1,2,FALSE,,,
2013/14,Clausura,9,2014-02-28,21:30,Santos Laguna,Atlas,2,3,FALSE,,,
2013/14,Clausura,9,2014-03-01,17:00,CD Veracruz,Tijuana,1,1,FALSE,,,
2013/14,Clausura,9,2014-03-01,,Cruz Azul,Toluca,1,0,FALSE,,,
2013/14,Clausura,9,2014-03-01,19:00,Monterrey,America,1,2,FALSE,,,
2013/14,Clausura,9,2014-03-01,21:00,Chiapas FC,Leon,0,3,FALSE,,,
2013/14,Clausura,9,2014-03-02,12:00,Puebla,Querétaro,1,0,FALSE,,,
2013/14,Clausura,9,2014-03-02,,UNAM,Pachuca,0,0,FALSE,,,
2013/14,Clausura,9,2014-03-02,17:00,Guadalajara,UANL,0,0,FALSE,,,
2013/14,Clausura,10,2014-03-07,19:30,Monarcas Morelia,UNAM,3,1,FALSE,,,
2013/14,Clausura,10,2014-03-07,20:06,Leon,CD Veracruz,0,1,FALSE,,,
2013/14,Clausura,10,2014-03-07,20:30,Toluca,Puebla,3,0,FALSE,,,
2013/14,Clausura,10,2014-03-07,21:30,Tijuana,Guadalajara,2,0,FALSE,,,
2013/14,Clausura,10,2014-03-08,17:00,America,Santos Laguna,2,4,FALSE,,,
2013/14,Clausura,10,2014-03-08,19:00,UANL,Cruz Azul,3,0,FALSE,,,
2013/14,Clausura,10,2014-03-08,,Pachuca,Monterrey,2,0,FALSE,,,
2013/14,Clausura,10,2014-03-08,21:00,Atlas,Chiapas FC,2,2,FALSE,,,
2013/14,Clausura,10,2014-03-09,17:00,Atlante,Querétaro,4,2,FALSE,,,
2013/14,Clausura,11,2014-03-14,19:30,Querétaro,Toluca,0,2,FALSE,,,
2013/14,Clausura,11,2014-03-15,17:00,CD Veracruz,Atlas,0,1,FALSE,,,
2013/14,Clausura,11,2014-03-15,,Cruz Azul,Tijuana,2,1,FALSE,,,
2013/14,Clausura,11,2014-03-15,19:00,Santos Laguna,Pachuca,3,1,FALSE,,,
2013/14,Clausura,11,2014-03-15,,Monterrey,Monarcas Morelia,0,1,FALSE,,,
2013/14,Clausura,11,2014-03-15,21:00,Chiapas FC,America,2,2,FALSE,,,
2013/14,Clausura,11,2014-03-16,12:00,Puebla,UANL,0,1,FALSE,,,
2013/14,Clausura,11,2014-03-16,,UNAM,Atlante,5,0,FALSE,,,
2013/14,Clausura,11,2014-03-16,17:00,Guadalajara,Leon,1,0,FALSE,,,
2013/14,Clausura,12,2014-03-21,19:30,Monarcas Morelia,Santos Laguna,2,2,FALSE,,,
2013/14,Clausura,12,2014-03-21,20:30,Tijuana,Puebla,3,1,FALSE,,,
2013/14,Clausura,12,2014-03-22,17:00,America,CD Veracruz,0,0,FALSE,,,
2013/14,Clausura,12,2014-03-22,19:00,UANL,Querétaro,0,2,FALSE,,,
2013/14,Clausura,12,2014-03-22,,Pachuca,Chiapas FC,2,0,FALSE,,,
2013/14,Clausura,12,2014-03-22,20:06,Leon,Cruz Azul,0,0,FALSE,,,
2013/14,Clausura,12,2014-03-22,21:00,Atlas,Guadalajara,1,1,FALSE,,,
2013/14,Clausura,12,2014-03-23,12:00,UNAM,Monterrey,1,2,FALSE,,,
2013/14,Clausura,12,2014-03-23,17:00,Atlante,Toluca,2,1,FALSE,,,
2013/14,Clausura,13,2014-03-28,19:30,Querétaro,Tijuana,2,1,FALSE,,,
2013/14,Clausura,13,2014-03-28,21:30,Santos Laguna,UNAM,2,1,FALSE,,,
2013/14,Clausura,13,2014-03-29,17:00,CD Veracruz,Pachuca,3,1,FALSE,,,
2013/14,Clausura,13,2014-03-29,,Cruz Azul,Atlas,1,3,FALSE,,,
2013/14,Clausura,13,2014-03-29,19:00,Monterrey,Atlante,3,2,FALSE,,,
2013/14,Clausura,13,2014-03-29,,Toluca,UANL,2,1,FALSE,,,
2013/14,Clausura,13,2014-03-29,21:00,Chiapas FC,Monarcas Morelia,1,0,FALSE,,,
2013/14,Clausura,13,2014-03-30,12:00,Puebla,Leon,1,1,FALSE,,,
2013/14,Clausura,13,2014-03-30,19:00,Guadalajara,America,0,4,FALSE,,,
2013/14,Clausura,14,2014-04-04,20:00,Monarcas Morelia,CD Veracruz,1,1,FALSE,,,
2013/14,Clausura,14,2014-04-04,20:30,Tijuana,Toluca,3,1,FALSE,,,
2013/14,Clausura,14,2014-04-05,17:00,America,Cruz Azul,1,2,FALSE,,,
2013/14,Clausura,14,2014-04-05,19:00,Pachuca,Guadalajara,1,3,FALSE,,,
2013/14,Clausura,14,2014-04-05,,Monterrey,Santos Laguna,2,2,FALSE,,,
2013/14,Clausura,14,2014-04-05,20:06,Leon,Querétaro,1,1,FALSE,,,
2013/14,Clausura,14,2014-04-05,21:00,Atlas,Puebla,0,0,FALSE,,,
2013/14,Clausura,14,2014-04-06,12:00,UNAM,Chiapas FC,2,1,FALSE,,,
2013/14,Clausura,14,2014-04-06,17:00,Atlante,UANL,0,2,FALSE,,,
2013/14,Clausura,15,2014-04-11,19:30,Querétaro,Atlas,1,0,FALSE,,,
2013/14,Clausura,15,2014-04-12,17:00,CD Veracruz,UNAM,1,1,FALSE,,,
2013/14,Clausura,15,2014-04-12,,Cruz Azul,Pachuca,2,2,FALSE,,,
2013/14,Clausura,15,2014-04-12,19:00,UANL,Tijuana,1,1,FALSE,,,
2013/14,Clausura,15,2014-04-12,21:00,Chiapas FC,Monterrey,1,1,FALSE,,,
2013/14,Clausura,15,2014-04-13,12:00,Toluca,Leon,2,1,FALSE,,,
2013/14,Clausura,15,2014-04-13,,Puebla,America,0,1,FALSE,,,
2013/14,Clausura,15,2014-04-13,17:00,Guadalajara,Monarcas Morelia,1,1,FALSE,,,
2013/14,Clausura,15,2014-04-13,19:00,Santos Laguna,Atlante,4,3,FALSE,,,
2013/14,Clausura,16,2014-04-18,19:30,Monarcas Morelia,Cruz Azul,5,1,FALSE,,,
2013/14,Clausura,16,2014-04-19,17:00,America,Querétaro,0,0,FALSE,,,
2013/14,Clausura,16,2014-04-19,19:00,Santos Laguna,Chiapas FC,2,3,FALSE,,,
2013/14,Clausura,16,2014-04-19,,Pachuca,Puebla,1,2,FALSE,,,
2013/14,Clausura,16,2014-04-19,,Monterrey,CD Veracruz,4,1,FALSE,,,
2013/14,Clausura,16,2014-04-19,20:06,Leon,UANL,3,0,FALSE,,,
2013/14,Clausura,16,2014-04-19,21:00,Atlas,Toluca,1,0,FALSE,,,
2013/14,Clausura,16,2014-04-20,12:00,UNAM,Guadalajara,1,0,FALSE,,,
2013/14,Clausura,16,2014-04-20,17:00,Atlante,Tijuana,1,2,FALSE,,,
2013/14,Clausura,17,2014-04-25,19:30,Querétaro,Pachuca,3,4,FALSE,,,
2013/14,Clausura,17,2014-04-25,21:30,Tijuana,Leon,1,2,FALSE,,,
2013/14,Clausura,17,2014-04-26,17:00,CD Veracruz,Santos Laguna,2,2,FALSE,,,
2013/14,Clausura,17,2014-04-26,,Cruz Azul,UNAM,2,1,FALSE,,,
2013/14,Clausura,17,2014-04-26,19:00,UANL,Atlas,2,1,FALSE,,,
2013/14,Clausura,17,2014-04-26,21:00,Chiapas FC,Atlante,5,2,FALSE,,,
2013/14,Clausura,17,2014-04-27,12:00,Toluca,America,1,1,FALSE,,,
2013/14,Clausura,17,2014-04-27,,Puebla,Monarcas Morelia,3,1,FALSE,,,
2013/14,Clausura,17,2014-04-27,17:00,Guadalajara,Monterrey,0,1,FALSE,,,
2013/14,Clausura,17,2014-04-30,20:00,America,Santos Laguna,5,3,FALSE,,,
2013/14,Clausura,17,2014-04-30,22:00,Leon,Cruz Azul,1,1,FALSE,,,
2013/14,Clausura,17,2014-05-01,20:00,Pachuca,UNAM,1,1,FALSE,,,
2013/14,Clausura,17,2014-05-01,22:00,Tijuana,Toluca,0,0,FALSE,,,
2013/14,Clausura,17,2014-05-03,19:00,Cruz Azul,Leon,2,2,FALSE,,,
2013/14,Clausura,17,2014-05-03,21:00,Santos Laguna,America,3,1,FALSE,,,
2013/14,Clausura,17,2014-05-04,12:00,Toluca,Tijuana,3,1,FALSE,,,
2013/14,Clausura,17,2014-05-04,17:00,UNAM,Pachuca,2,4,FALSE,,,
2013/14,Clausura,17,2014-05-07,20:30,Pachuca,Santos Laguna,2,0,FALSE,,,
2013/14,Clausura,17,2014-05-08,20:06,Leon,Toluca,1,0,FALSE,,,
2013/14,Clausura,17,2014-05-10,20:00,Santos Laguna,Pachuca,4,2,FALSE,,,
2013/14,Clausura,17,2014-05-11,12:00,Toluca,Leon,0,1,FALSE,,,
2013/14,Clausura,17,2014-05-15,20:06,Leon,Pachuca,2,3,FALSE,,,
2013/14,Clausura,17,2014-05-18,20:00,Pachuca,Leon,0,2,FALSE,,,
2014/15,Apertura,1,2014-07-18,19:30,Querétaro,UNAM,1,3,FALSE,,,
2014/15,Apertura,1,2014-07-18,21:30,Tijuana,Puebla,0,1,FALSE,,,
2014/15,Apertura,1,2014-07-19,17:00,Cruz Azul,Pachuca,0,1,FALSE,,,
2014/15,Apertura,1,2014-07-19,,CD Veracruz,Santos Laguna,0,1,FALSE,,,
2014/15,Apertura,1,2014-07-19,19:00,Monterrey,Leones Negros,3,1,FALSE,,,
2014/15,Apertura,1,2014-07-19,20:06,Leon,America,1,2,FALSE,,,
2014/15,Apertura,1,2014-07-19,21:00,Atlas,UANL,0,0,FALSE,,,
2014/15,Apertura,1,2014-07-20,12:00,Toluca,Monarcas Morelia,0,0,FALSE,,,
2014/15,Apertura,1,2014-07-20,17:00,Guadalajara,Chiapas FC,1,1,FALSE,,,
2014/15,Apertura,2,2014-07-25,19:30,Monarcas Morelia,Atlas,0,2,FALSE,,,
2014/15,Apertura,2,2014-07-25,21:30,Santos Laguna,Cruz Azul,1,1,FALSE,,,
2014/15,Apertura,2,2014-07-26,17:00,Puebla,CD Veracruz,0,0,FALSE,,,
2014/15,Apertura,2,2014-07-26,,America,Tijuana,2,1,FALSE,,,
2014/15,Apertura,2,2014-07-26,19:00,UANL,Leon,4,2,FALSE,,,
2014/15,Apertura,2,2014-07-26,20:06,Pachuca,Monterrey,0,1,FALSE,,,
2014/15,Apertura,2,2014-07-26,21:00,Chiapas FC,Toluca,2,1,FALSE,,,
2014/15,Apertura,2,2014-07-27,12:00,UNAM,Guadalajara,0,1,FALSE,,,
2014/15,Apertura,2,2014-07-27,17:00,Leones Negros,Querétaro,0,1,FALSE,,,
2014/15,Apertura,3,2014-08-01,19:30,Querétaro,Pachuca,2,0,FALSE,,,
2014/15,Apertura,3,2014-08-01,21:30,Tijuana,UANL,1,1,FALSE,,,
2014/15,Apertura,3,2014-08-02,17:00,Cruz Azul,CD Veracruz,0,0,FALSE,,,
2014/15,Apertura,3,2014-08-02,,Puebla,America,0,4,FALSE,,,
2014/15,Apertura,3,2014-08-02,19:00,Monterrey,Santos Laguna,0,0,FALSE,,,
2014/15,Apertura,3,2014-08-02,20:06,Leon,Monarcas Morelia,4,0,FALSE,,,
2014/15,Apertura,3,2014-08-02,21:00,Atlas,Chiapas FC,4,2,FALSE,,,
2014/15,Apertura,3,2014-08-03,12:00,Toluca,UNAM,2,1,FALSE,,,
2014/15,Apertura,3,2014-09-07,17:00,Guadalajara,Leones Negros,3,0,FALSE,,,
2014/15,Apertura,4,2014-08-08,19:30,Monarcas Morelia,Tijuana,0,0,FALSE,,,
2014/15,Apertura,4,2014-08-08,20:30,CD Veracruz,Monterrey,2,1,FALSE,,,
2014/15,Apertura,4,2014-08-09,17:00,Cruz Azul,Puebla,1,0,FALSE,,,
2014/15,Apertura,4,2014-08-09,19:00,UANL,America,0,2,FALSE,,,
2014/15,Apertura,4,2014-08-09,20:00,Santos Laguna,Querétaro,2,3,FALSE,,,
2014/15,Apertura,4,2014-08-09,20:06,Pachuca,Guadalajara,3,0,FALSE,,,
2014/15,Apertura,4,2014-08-09,21:00,Chiapas FC,Leon,3,2,FALSE,,,
2014/15,Apertura,4,2014-08-10,12:00,UNAM,Atlas,0,1,FALSE,,,
2014/15,Apertura,4,2014-08-10,17:00,Leones Negros,Toluca,0,0,FALSE,,,
2014/15,Apertura,5,2014-08-14,20:06,Leon,UNAM,2,1,FALSE,,,
2014/15,Apertura,5,2014-08-15,19:30,Querétaro,CD Veracruz,0,0,FALSE,,,
2014/15,Apertura,5,2014-08-15,21:30,Tijuana,Chiapas FC,2,1,FALSE,,,
2014/15,Apertura,5,2014-08-16,17:00,Puebla,UANL,1,1,FALSE,,,
2014/15,Apertura,5,2014-08-16,,America,Monarcas Morelia,3,2,FALSE,,,
2014/15,Apertura,5,2014-08-16,19:00,Monterrey,Cruz Azul,3,1,FALSE,,,
2014/15,Apertura,5,2014-08-16,21:00,Atlas,Leones Negros,1,0,FALSE,,,
2014/15,Apertura,5,2014-08-17,12:00,Toluca,Pachuca,3,0,FALSE,,,
2014/15,Apertura,5,2014-08-17,17:00,Guadalajara,Santos Laguna,0,1,FALSE,,,
2014/15,Apertura,6,2014-08-22,19:30,Monarcas Morelia,UANL,1,5,FALSE,,,
2014/15,Apertura,6,2014-08-22,21:30,Santos Laguna,Toluca,3,0,FALSE,,,
2014/15,Apertura,6,2014-08-23,17:00,Cruz Azul,Querétaro,2,1,FALSE,,,
2014/15,Apertura,6,2014-08-23,,CD Veracruz,Guadalajara,0,0,FALSE,,,
2014/15,Apertura,6,2014-08-23,19:00,Monterrey,Puebla,1,0,FALSE,,,
2014/15,Apertura,6,2014-08-23,20:06,Pachuca,Atlas,3,1,FALSE,,,
2014/15,Apertura,6,2014-08-23,21:00,Chiapas FC,America,0,0,FALSE,,,
2014/15,Apertura,6,2014-08-24,12:00,UNAM,Tijuana,1,1,FALSE,,,
2014/15,Apertura,6,2014-08-24,17:00,Leones Negros,Leon,1,0,FALSE,,,
2014/15,Apertura,7,2014-08-29,19:30,Querétaro,Monterrey,0,1,FALSE,,,
2014/15,Apertura,7,2014-08-29,21:30,Tijuana,Leones Negros,1,1,FALSE,,,
2014/15,Apertura,7,2014-08-30,17:00,Puebla,Monarcas Morelia,3,2,FALSE,,,
2014/15,Apertura,7,2014-08-30,,America,UNAM,0,1,FALSE,,,
2014/15,Apertura,7,2014-08-30,19:00,UANL,Chiapas FC,0,2,FALSE,,,
2014/15,Apertura,7,2014-08-30,20:06,Leon,Pachuca,1,2,FALSE,,,
2014/15,Apertura,7,2014-08-30,21:00,Atlas,Santos Laguna,1,1,FALSE,,,
2014/15,Apertura,7,2014-08-31,12:00,Toluca,CD Veracruz,2,1,FALSE,,,
2014/15,Apertura,7,2014-08-31,17:00,Guadalajara,Cruz Azul,0,0,FALSE,,,
2014/15,Apertura,8,2014-09-12,19:30,Querétaro,Puebla,1,1,FALSE,,,
2014/15,Apertura,8,2014-09-12,20:30,CD Veracruz,Atlas,1,1,FALSE,,,
2014/15,Apertura,8,2014-09-12,21:30,Santos Laguna,Leon,2,0,FALSE,,,
2014/15,Apertura,8,2014-09-13,17:00,Cruz Azul,Toluca,1,2,FALSE,,,
2014/15,Apertura,8,2014-09-13,20:06,Pachuca,Tijuana,1,1,FALSE,,,
2014/15,Apertura,8,2014-09-13,21:00,Leones Negros,America,0,0,FALSE,,,
2014/15,Apertura,8,2014-09-13,,Chiapas FC,Monarcas Morelia,1,1,FALSE,,,
2014/15,Apertura,8,2014-09-14,12:00,UNAM,UANL,2,2,FALSE,,,
2014/15,Apertura,8,2014-11-15,17:00,Monterrey,Guadalajara,1,0,FALSE,,,
2014/15,Apertura,9,2014-09-19,21:30,Monarcas Morelia,UNAM,2,3,FALSE,,,
2014/15,Apertura,9,2014-09-19,,Tijuana,Santos Laguna,4,1,FALSE,,,
2014/15,Apertura,9,2014-09-20,17:00,Puebla,Chiapas FC,1,1,FALSE,,,
2014/15,Apertura,9,2014-09-20,,America,Pachuca,2,1,FALSE,,,
2014/15,Apertura,9,2014-09-20,19:00,UANL,Leones Negros,1,0,FALSE,,,
2014/15,Apertura,9,2014-09-20,20:06,Leon,CD Veracruz,3,1,FALSE,,,
2014/15,Apertura,9,2014-09-20,21:00,Atlas,Cruz Azul,2,1,FALSE,,,
2014/15,Apertura,9,2014-09-21,12:00,Toluca,Monterrey,1,0,FALSE,,,
2014/15,Apertura,9,2014-09-21,17:00,Guadalajara,Querétaro,1,4,FALSE,,,
2014/15,Apertura,10,2014-09-26,19:00,CD Veracruz,Tijuana,1,0,FALSE,,,
2014/15,Apertura,10,2014-09-26,19:30,Querétaro,Toluca,1,1,FALSE,,,
2014/15,Apertura,10,2014-09-26,21:30,Santos Laguna,America,1,4,FALSE,,,
2014/15,Apertura,10,2014-09-27,17:00,Cruz Azul,Leon,1,0,FALSE,,,
2014/15,Apertura,10,2014-09-27,19:00,Monterrey,Atlas,2,1,FALSE,,,
2014/15,Apertura,10,2014-09-27,20:06,Pachuca,UANL,2,3,FALSE,,,
2014/15,Apertura,10,2014-09-27,21:00,Leones Negros,Monarcas Morelia,1,2,FALSE,,,
2014/15,Apertura,10,2014-09-28,12:00,UNAM,Chiapas FC,2,2,FALSE,,,
2014/15,Apertura,10,2014-09-28,17:00,Guadalajara,Puebla,0,0,FALSE,,,
2014/15,Apertura,11,2014-09-30,20:06,Leon,Monterrey,1,3,FALSE,,,
2014/15,Apertura,11,2014-09-30,20:30,Atlas,Querétaro,2,1,FALSE,,,
2014/15,Apertura,11,2014-09-30,21:00,UANL,Santos Laguna,1,1,FALSE,,,
2014/15,Apertura,11,2014-10-01,19:00,Puebla,UNAM,1,2,FALSE,,,
2014/15,Apertura,11,2014-10-01,20:00,America,CD Veracruz,2,0,FALSE,,,
2014/15,Apertura,11,2014-10-01,,Monarcas Morelia,Pachuca,0,1,FALSE,,,
2014/15,Apertura,11,2014-10-01,21:00,Chiapas FC,Leones Negros,1,1,FALSE,,,
2014/15,Apertura,11,2014-10-01,21:45,Tijuana,Cruz Azul,0,0,FALSE,,,
2014/15,Apertura,11,2014-10-02,20:00,Toluca,Guadalajara,3,1,FALSE,,,
2014/15,Apertura,12,2014-10-03,19:30,Querétaro,Leon,1,2,FALSE,,,
2014/15,Apertura,12,2014-10-04,17:00,Cruz Azul,America,4,0,FALSE,,,
2014/15,Apertura,12,2014-10-04,,CD Veracruz,UANL,0,1,FALSE,,,
2014/15,Apertura,12,2014-10-04,19:00,Monterrey,Tijuana,1,1,FALSE,,,
2014/15,Apertura,12,2014-10-04,20:00,Santos Laguna,Monarcas Morelia,2,2,FALSE,,,
2014/15,Apertura,12,2014-10-04,20:06,Pachuca,Chiapas FC,2,0,FALSE,,,
2014/15,Apertura,12,2014-10-04,21:00,Leones Negros,UNAM,1,0,FALSE,,,
2014/15,Apertura,12,2014-10-05,12:00,Toluca,Puebla,1,1,FALSE,,,
2014/15,Apertura,12,2014-10-05,17:00,Guadalajara,Atlas,0,1,FALSE,,,
2014/15,Apertura,13,2014-10-17,19:30,Monarcas Morelia,CD Veracruz,0,1,FALSE,,,
2014/15,Apertura,13,2014-10-17,21:30,Tijuana,Querétaro,2,1,FALSE,,,
2014/15,Apertura,13,2014-10-18,17:00,Puebla,Leones Negros,1,1,FALSE,,,
2014/15,Apertura,13,2014-10-18,,America,Monterrey,2,0,FALSE,,,
2014/15,Apertura,13,2014-10-18,19:00,UANL,Cruz Azul,1,0,FALSE,,,
2014/15,Apertura,13,2014-10-18,20:06,Leon,Guadalajara,2,1,FALSE,,,
2014/15,Apertura,13,2014-10-18,21:00,Atlas,Toluca,0,2,FALSE,,,
2014/15,Apertura,13,2014-10-18,,Chiapas FC,Santos Laguna,2,0,FALSE,,,
2014/15,Apertura,13,2014-10-19,12:00,UNAM,Pachuca,1,1,FALSE,,,
2014/15,Apertura,14,2014-10-24,19:30,Querétaro,America,3,2,FALSE,,,
2014/15,Apertura,14,2014-10-24,21:30,Santos Laguna,UNAM,1,1,FALSE,,,
2014/15,Apertura,14,2014-10-25,17:00,Cruz Azul,Monarcas Morelia,3,1,FALSE,,,
2014/15,Apertura,14,2014-10-25,,CD Veracruz,Chiapas FC,1,2,FALSE,,,
2014/15,Apertura,14,2014-10-25,19:00,Monterrey,UANL,2,2,FALSE,,,
2014/15,Apertura,14,2014-10-25,19:06,Pachuca,Leones Negros,0,0,FALSE,,,
2014/15,Apertura,14,2014-10-25,21:00,Atlas,Puebla,2,1,FALSE,,,
2014/15,Apertura,14,2014-10-26,12:00,Toluca,Leon,2,3,FALSE,,,
2014/15,Apertura,14,2014-10-26,17:00,Guadalajara,Tijuana,3,3,FALSE,,,
2014/15,Apertura,15,2014-10-31,19:30,Monarcas Morelia,Monterrey,2,1,FALSE,,,
2014/15,Apertura,15,2014-10-31,20:30,Tijuana,Toluca,0,1,FALSE,,,
2014/15,Apertura,15,2014-11-01,17:00,Puebla,Pachuca,1,1,FALSE,,,
2014/15,Apertura,15,2014-11-01,,America,Guadalajara,0,0,FALSE,,,
2014/15,Apertura,15,2014-11-01,19:00,UANL,Querétaro,1,0,FALSE,,,
2014/15,Apertura,15,2014-11-01,20:06,Leon,Atlas,4,0,FALSE,,,
2014/15,Apertura,15,2014-11-01,21:00,Leones Negros,Santos Laguna,1,1,FALSE,,,
2014/15,Apertura,15,2014-11-01,,Chiapas FC,Cruz Azul,0,0,FALSE,,,
2014/15,Apertura,15,2014-11-02,12:00,UNAM,CD Veracruz,0,0,FALSE,,,
2014/15,Apertura,16,2014-11-07,19:30,Querétaro,Monarcas Morelia,2,0,FALSE,,,
2014/15,Apertura,16,2014-11-07,21:30,Santos Laguna,Pachuca,2,1,FALSE,,,
2014/15,Apertura,16,2014-11-08,17:00,Cruz Azul,UNAM,0,2,FALSE,,,
2014/15,Apertura,16,2014-11-08,,CD Veracruz,Leones Negros,0,1,FALSE,,,
2014/15,Apertura,16,2014-11-08,19:00,Monterrey,Chiapas FC,1,2,FALSE,,,
2014/15,Apertura,16,2014-11-08,20:06,Leon,Puebla,0,0,FALSE,,,
2014/15,Apertura,16,2014-11-08,21:00,Atlas,Tijuana,1,1,FALSE,,,
2014/15,Apertura,16,2014-11-09,12:00,Toluca,America,2,2,FALSE,,,
2014/15,Apertura,16,2014-11-09,17:00,Guadalajara,UANL,0,0,FALSE,,,
2014/15,Apertura,17,2014-11-21,19:30,Monarcas Morelia,Guadalajara,1,2,FALSE,,,
2014/15,Apertura,17,2014-11-21,21:30,Tijuana,Leon,3,2,FALSE,,,
2014/15,Apertura,17,2014-11-22,17:00,Puebla,Santos Laguna,3,3,FALSE,,,
2014/15,Apertura,17,2014-11-22,,America,Atlas,1,2,FALSE,,,
2014/15,Apertura,17,2014-11-22,19:00,UANL,Toluca,2,1,FALSE,,,
2014/15,Apertura,17,2014-11-22,,Leones Negros,Cruz Azul,1,1,FALSE,,,
2014/15,Apertura,17,2014-11-22,20:06,Pachuca,CD Veracruz,1,0,FALSE,,,
2014/15,Apertura,17,2014-11-22,21:00,Chiapas FC,Querétaro,2,1,FALSE,,,
2014/15,Apertura,17,2014-11-23,12:00,UNAM,Monterrey,4,2,FALSE,,,
2014/15,Apertura,17,2014-11-26,20:06,Pachuca,UANL,1,1,FALSE,,,
2014/15,Apertura,17,2014-11-26,22:00,UNAM,America,1,0,FALSE,,,
2014/15,Apertura,17,2014-11-27,19:00,Monterrey,Atlas,0,1,FALSE,,,
2014/15,Apertura,17,2014-11-27,21:00,Chiapas FC,Toluca,1,1,FALSE,,,
2014/15,Apertura,17,2014-11-29,17:00,America,UNAM,1,0,FALSE,,,
2014/15,Apertura,17,2014-11-29,19:00,UANL,Pachuca,1,1,FALSE,,,
2014/15,Apertura,17,2014-11-30,12:00,Toluca,Chiapas FC,1,1,FALSE,,,
2014/15,Apertura,17,2014-11-30,18:00,Atlas,Monterrey,0,2,FALSE,,,
2014/15,Apertura,17,2014-12-04,19:00,Toluca,UANL,0,0,FALSE,,,
2014/15,Apertura,17,2014-12-04,21:00,Monterrey,America,0,3,FALSE,,,
2014/15,Apertura,17,2014-12-07,16:00,UANL,Toluca,0,0,FALSE,,,
2014/15,Apertura,17,2014-12-07,18:00,America,Monterrey,0,0,FALSE,,,
2014/15,Apertura,17,2014-12-11,20:30,UANL,America,1,0,FALSE,,,
2014/15,Apertura,17,2014-12-14,18:00,America,UANL,3,0,FALSE,,,
2014/15,Clausura,1,2015-01-09,20:00,Santos Laguna,CD Veracruz,1,2,FALSE,,,
2014/15,Clausura,1,2015-01-09,21:30,Monarcas Morelia,Toluca,0,0,FALSE,,,
2014/15,Clausura,1,2015-01-10,17:00,America,Leon,3,2,FALSE,,,
2014/15,Clausura,1,2015-01-10,,Puebla,Tijuana,2,1,FALSE,,,
2014/15,Clausura,1,2015-01-10,19:00,UANL,Atlas,0,1,FALSE,,,
2014/15,Clausura,1,2015-01-10,20:06,Pachuca,Cruz Azul,0,1,FALSE,,,
2014/15,Clausura,1,2015-01-10,21:00,Chiapas FC,Guadalajara,2,1,FALSE,,,
2014/15,Clausura,1,2015-01-11,12:00,UNAM,Querétaro,1,1,FALSE,,,
2014/15,Clausura,1,2015-01-11,17:00,Leones Negros,Monterrey,1,0,FALSE,,,
2014/15,Clausura,2,2015-01-16,19:30,Querétaro,Leones Negros,1,0,FALSE,,,
2014/15,Clausura,2,2015-01-16,20:30,CD Veracruz,Puebla,3,1,FALSE,,,
2014/15,Clausura,2,2015-01-16,21:30,Tijuana,America,1,0,FALSE,,,
2014/15,Clausura,2,2015-01-17,17:00,Cruz Azul,Santos Laguna,1,0,FALSE,,,
2014/15,Clausura,2,2015-01-17,19:00,Monterrey,Pachuca,1,0,FALSE,,,
2014/15,Clausura,2,2015-01-17,20:06,Leon,UANL,0,1,FALSE,,,
2014/15,Clausura,2,2015-01-17,21:00,Atlas,Monarcas Morelia,2,1,FALSE,,,
2014/15,Clausura,2,2015-01-18,12:00,Toluca,Chiapas FC,3,0,FALSE,,,
2014/15,Clausura,2,2015-01-18,17:00,Guadalajara,UNAM,2,1,FALSE,,,
2014/15,Clausura,3,2015-01-23,19:30,Monarcas Morelia,Leon,0,0,FALSE,,,
2014/15,Clausura,3,2015-01-23,20:30,CD Veracruz,Cruz Azul,0,0,FALSE,,,
2014/15,Clausura,3,2015-01-23,21:30,Santos Laguna,Monterrey,4,1,FALSE,,,
2014/15,Clausura,3,2015-01-24,17:00,America,Puebla,0,0,FALSE,,,
2014/15,Clausura,3,2015-01-24,19:00,UANL,Tijuana,1,2,FALSE,,,
2014/15,Clausura,3,2015-01-24,20:06,Pachuca,Querétaro,2,1,FALSE,,,
2014/15,Clausura,3,2015-01-24,21:00,Chiapas FC,Atlas,3,1,FALSE,,,
2014/15,Clausura,3,2015-01-25,12:00,UNAM,Toluca,3,2,FALSE,,,
2014/15,Clausura,3,2015-01-25,17:00,Leones Negros,Guadalajara,1,1,FALSE,,,
2014/15,Clausura,4,2015-01-30,19:30,Querétaro,Santos Laguna,0,1,FALSE,,,
2014/15,Clausura,4,2015-01-30,21:30,Tijuana,Monarcas Morelia,4,2,FALSE,,,
2014/15,Clausura,4,2015-01-31,17:00,Puebla,Cruz Azul,0,0,FALSE,,,
2014/15,Clausura,4,2015-01-31,,America,UANL,1,0,FALSE,,,
2014/15,Clausura,4,2015-01-31,19:00,Monterrey,CD Veracruz,1,1,FALSE,,,
2014/15,Clausura,4,2015-01-31,,Guadalajara,Pachuca,1,0,FALSE,,,
2014/15,Clausura,4,2015-01-31,20:06,Leon,Chiapas FC,1,1,FALSE,,,
2014/15,Clausura,4,2015-01-31,21:00,Atlas,UNAM,1,1,FALSE,,,
2014/15,Clausura,4,2015-02-01,12:00,Toluca,Leones Negros,3,1,FALSE,,,
2014/15,Clausura,5,2015-02-06,19:30,Monarcas Morelia,America,2,2,FALSE,,,
2014/15,Clausura,5,2015-02-06,20:30,CD Veracruz,Querétaro,1,1,FALSE,,,
2014/15,Clausura,5,2015-02-06,21:30,Santos Laguna,Guadalajara,1,0,FALSE,,,
2014/15,Clausura,5,2015-02-07,17:00,Cruz Azul,Monterrey,1,0,FALSE,,,
2014/15,Clausura,5,2015-02-07,19:00,UANL,Puebla,1,0,FALSE,,,
2014/15,Clausura,5,2015-02-07,20:06,Pachuca,Toluca,1,1,FALSE,,,
2014/15,Clausura,5,2015-02-07,21:00,Chiapas FC,Tijuana,2,2,FALSE,,,
2014/15,Clausura,5,2015-02-08,12:00,UNAM,Leon,1,3,FALSE,,,
2014/15,Clausura,5,2015-02-08,17:00,Leones Negros,Atlas,0,2,FALSE,,,
2014/15,Clausura,6,2015-02-13,19:30,Querétaro,Cruz Azul,1,2,FALSE,,,
2014/15,Clausura,6,2015-02-13,21:30,Tijuana,UNAM,3,0,FALSE,,,
2014/15,Clausura,6,2015-02-14,17:00,Puebla,Monterrey,2,0,FALSE,,,
2014/15,Clausura,6,2015-02-14,,America,Chiapas FC,5,0,FALSE,,,
2014/15,Clausura,6,2015-02-14,19:00,UANL,Monarcas Morelia,1,0,FALSE,,,
2014/15,Clausura,6,2015-02-14,20:06,Leon,Leones Negros,2,1,FALSE,,,
2014/15,Clausura,6,2015-02-14,21:00,Atlas,Pachuca,1,3,FALSE,,,
2014/15,Clausura,6,2015-02-15,12:00,Toluca,Santos Laguna,2,2,FALSE,,,
2014/15,Clausura,6,2015-02-15,17:00,Guadalajara,CD Veracruz,0,0,FALSE,,,
2014/15,Clausura,7,2015-02-20,19:30,Monarcas Morelia,Puebla,1,2,FALSE,,,
2014/15,Clausura,7,2015-02-20,20:30,CD Veracruz,Toluca,3,0,FALSE,,,
2014/15,Clausura,7,2015-02-20,21:30,Santos Laguna,Atlas,0,1,FALSE,,,
2014/15,Clausura,7,2015-02-21,17:00,Cruz Azul,Guadalajara,1,2,FALSE,,,
2014/15,Clausura,7,2015-02-21,19:00,Monterrey,Querétaro,2,1,FALSE,,,
2014/15,Clausura,7,2015-02-21,20:06,Pachuca,Leon,2,1,FALSE,,,
2014/15,Clausura,7,2015-02-21,21:00,Chiapas FC,UANL,1,0,FALSE,,,
2014/15,Clausura,7,2015-02-22,12:00,UNAM,America,0,1,FALSE,,,
2014/15,Clausura,7,2015-02-22,17:00,Leones Negros,Tijuana,0,1,FALSE,,,
2014/15,Clausura,8,2015-02-27,19:30,Monarcas Morelia,Chiapas FC,3,2,FALSE,,,
2014/15,Clausura,8,2015-02-27,21:30,Tijuana,Pachuca,3,2,FALSE,,,
2014/15,Clausura,8,2015-02-28,17:00,Puebla,Querétaro,4,1,FALSE,,,
2014/15,Clausura,8,2015-02-28,,America,Leones Negros,0,1,FALSE,,,
2014/15,Clausura,8,2015-02-28,19:00,UANL,UNAM,3,0,FALSE,,,
2014/15,Clausura,8,2015-02-28,20:06,Leon,Santos Laguna,2,1,FALSE,,,
2014/15,Clausura,8,2015-02-28,21:00,Atlas,CD Veracruz,0,3,FALSE,,,
2014/15,Clausura,8,2015-03-01,12:00,Toluca,Cruz Azul,1,0,FALSE,,,
2014/15,Clausura,8,2015-03-01,17:00,Guadalajara,Monterrey,3,0,FALSE,,,
2014/15,Clausura,9,2015-03-06,19:00,CD Veracruz,Leon,1,0,FALSE,,,
2014/15,Clausura,9,2015-03-06,19:30,Querétaro,Guadalajara,1,0,FALSE,,,
2014/15,Clausura,9,2015-03-07,17:00,Cruz Azul,Atlas,1,1,FALSE,,,
2014/15,Clausura,9,2015-03-07,19:00,Santos Laguna,Tijuana,1,1,FALSE,,,
2014/15,Clausura,9,2015-03-07,,Monterrey,Toluca,3,2,FALSE,,,
2014/15,Clausura,9,2015-03-07,20:06,Pachuca,America,0,0,FALSE,,,
2014/15,Clausura,9,2015-03-07,21:00,Chiapas FC,Puebla,2,2,FALSE,,,
2014/15,Clausura,9,2015-03-08,12:00,UNAM,Monarcas Morelia,2,1,FALSE,,,
2014/15,Clausura,9,2015-03-08,17:00,Leones Negros,UANL,2,1,FALSE,,,
2014/15,Clausura,10,2015-03-13,19:30,Monarcas Morelia,Leones Negros,0,1,FALSE,,,
2014/15,Clausura,10,2015-03-13,21:30,Tijuana,CD Veracruz,3,1,FALSE,,,
2014/15,Clausura,10,2015-03-14,17:00,Puebla,Guadalajara,1,2,FALSE,,,
2014/15,Clausura,10,2015-03-14,,America,Santos Laguna,1,0,FALSE,,,
2014/15,Clausura,10,2015-03-14,19:00,UANL,Pachuca,2,1,FALSE,,,
2014/15,Clausura,10,2015-03-14,20:06,Leon,Cruz Azul,2,2,FALSE,,,
2014/15,Clausura,10,2015-03-14,21:00,Atlas,Monterrey,2,1,FALSE,,,
2014/15,Clausura,10,2015-03-14,,Chiapas FC,UNAM,0,2,FALSE,,,
2014/15,Clausura,10,2015-03-15,12:00,Toluca,Querétaro,1,0,FALSE,,,
2014/15,Clausura,11,2015-03-20,19:30,Querétaro,Atlas,2,0,FALSE,,,
2014/15,Clausura,11,2015-03-20,20:30,CD Veracruz,America,4,0,FALSE,,,
2014/15,Clausura,11,2015-03-20,21:30,Santos Laguna,UANL,2,2,FALSE,,,
2014/15,Clausura,11,2015-03-21,17:00,Cruz Azul,Tijuana,2,1,FALSE,,,
2014/15,Clausura,11,2015-03-21,19:00,Monterrey,Leon,5,1,FALSE,,,
2014/15,Clausura,11,2015-03-21,20:06,Pachuca,Monarcas Morelia,2,0,FALSE,,,
2014/15,Clausura,11,2015-03-21,21:00,Leones Negros,Chiapas FC,0,1,FALSE,,,
2014/15,Clausura,11,2015-03-22,12:00,UNAM,Puebla,2,1,FALSE,,,
2014/15,Clausura,11,2015-03-22,17:00,Guadalajara,Toluca,1,0,FALSE,,,
2014/15,Clausura,12,2015-04-03,19:30,Monarcas Morelia,Santos Laguna,0,1,FALSE,,,
2014/15,Clausura,12,2015-04-04,17:00,Puebla,Toluca,0,1,FALSE,,,
2014/15,Clausura,12,2015-04-04,,America,Cruz Azul,1,0,FALSE,,,
2014/15,Clausura,12,2015-04-04,19:00,UANL,CD Veracruz,3,1,FALSE,,,
2014/15,Clausura,12,2015-04-04,,Chiapas FC,Pachuca,2,2,FALSE,,,
2014/15,Clausura,12,2015-04-04,20:06,Leon,Querétaro,4,5,FALSE,,,
2014/15,Clausura,12,2015-04-04,21:00,Tijuana,Monterrey,3,4,FALSE,,,
2014/15,Clausura,12,2015-04-04,,Atlas,Guadalajara,1,1,FALSE,,,
2014/15,Clausura,12,2015-04-05,12:00,UNAM,Leones Negros,2,0,FALSE,,,
2014/15,Clausura,13,2015-04-10,19:30,Querétaro,Tijuana,2,1,FALSE,,,
2014/15,Clausura,13,2015-04-10,20:30,CD Veracruz,Monarcas Morelia,1,1,FALSE,,,
2014/15,Clausura,13,2015-04-10,21:30,Santos Laguna,Chiapas FC,4,3,FALSE,,,
2014/15,Clausura,13,2015-04-11,17:00,Cruz Azul,UANL,2,0,FALSE,,,
2014/15,Clausura,13,2015-04-11,19:00,Monterrey,America,1,1,FALSE,,,
2014/15,Clausura,13,2015-04-11,20:06,Pachuca,UNAM,3,1,FALSE,,,
2014/15,Clausura,13,2015-04-11,21:00,Leones Negros,Puebla,1,1,FALSE,,,
2014/15,Clausura,13,2015-04-12,12:00,Toluca,Atlas,0,0,FALSE,,,
2014/15,Clausura,13,2015-04-12,17:00,Guadalajara,Leon,1,0,FALSE,,,
2014/15,Clausura,14,2015-04-17,19:30,Monarcas Morelia,Cruz Azul,2,0,FALSE,,,
2014/15,Clausura,14,2015-04-17,20:30,Chiapas FC,CD Veracruz,1,1,FALSE,,,
2014/15,Clausura,14,2015-04-17,21:30,Tijuana,Guadalajara,1,1,FALSE,,,
2014/15,Clausura,14,2015-04-18,17:00,Puebla,Atlas,0,1,FALSE,,,
2014/15,Clausura,14,2015-04-18,,America,Querétaro,0,4,FALSE,,,
2014/15,Clausura,14,2015-04-18,19:00,UANL,Monterrey,3,0,FALSE,,,
2014/15,Clausura,14,2015-04-18,20:06,Leon,Toluca,1,1,FALSE,,,
2014/15,Clausura,14,2015-04-19,12:00,UNAM,Santos Laguna,1,0,FALSE,,,
2014/15,Clausura,14,2015-04-19,17:00,Leones Negros,Pachuca,1,1,FALSE,,,
2014/15,Clausura,15,2015-04-24,19:30,Querétaro,UANL,1,3,FALSE,,,
2014/15,Clausura,15,2015-04-24,20:30,CD Veracruz,UNAM,3,3,FALSE,,,
2014/15,Clausura,15,2015-04-24,21:30,Santos Laguna,Leones Negros,1,0,FALSE,,,
2014/15,Clausura,15,2015-04-25,17:00,Cruz Azul,Chiapas FC,0,1,FALSE,,,
2014/15,Clausura,15,2015-04-25,19:00,Monterrey,Monarcas Morelia,1,0,FALSE,,,
2014/15,Clausura,15,2015-04-25,20:06,Pachuca,Puebla,2,1,FALSE,,,
2014/15,Clausura,15,2015-04-25,21:00,Atlas,Leon,3,2,FALSE,,,
2014/15,Clausura,15,2015-04-26,12:00,Toluca,Tijuana,2,0,FALSE,,,
2014/15,Clausura,15,2015-04-26,18:30,Guadalajara,America,1,1,FALSE,,,
2014/15,Clausura,16,2015-05-01,19:30,Monarcas Morelia,Querétaro,1,2,FALSE,,,
2014/15,Clausura,16,2015-05-01,21:30,Tijuana,Atlas,1,2,FALSE,,,
2014/15,Clausura,16,2015-05-02,17:00,Puebla,Leon,2,0,FALSE,,,
2014/15,Clausura,16,2015-05-02,19:00,America,Toluca,3,1,FALSE,,,
2014/15,Clausura,16,2015-05-02,,UANL,Guadalajara,2,1,FALSE,,,
2014/15,Clausura,16,2015-05-02,20:06,Pachuca,Santos Laguna,2,3,FALSE,,,
2014/15,Clausura,16,2015-05-02,21:00,Chiapas FC,Monterrey,0,2,FALSE,,,
2014/15,Clausura,16,2015-05-03,12:00,UNAM,Cruz Azul,0,1,FALSE,,,
2014/15,Clausura,16,2015-05-03,17:00,Leones Negros,CD Veracruz,1,2,FALSE,,,
2014/15,Clausura,17,2015-05-08,19:30,Querétaro,Chiapas FC,1,0,FALSE,,,
2014/15,Clausura,17,2015-05-08,20:30,CD Veracruz,Pachuca,1,2,FALSE,,,
2014/15,Clausura,17,2015-05-09,19:00,Monterrey,UNAM,2,2,FALSE,,,
2014/15,Clausura,17,2015-05-09,20:06,Leon,Tijuana,6,2,FALSE,,,
2014/15,Clausura,17,2015-05-09,20:30,Santos Laguna,Puebla,2,2,FALSE,,,
2014/15,Clausura,17,2015-05-09,,Cruz Azul,Leones Negros,0,2,FALSE,,,
2014/15,Clausura,17,2015-05-09,21:00,Atlas,America,1,2,FALSE,,,
2014/15,Clausura,17,2015-05-10,12:00,Toluca,UANL,0,0,FALSE,,,
2014/15,Clausura,17,2015-05-10,17:00,Guadalajara,Monarcas Morelia,2,3,FALSE,,,
2014/15,Clausura,17,2015-05-13,19:00,Santos Laguna,UANL,1,1,FALSE,,,
2014/15,Clausura,17,2015-05-13,21:06,Pachuca,America,3,2,FALSE,,,
2014/15,Clausura,17,2015-05-14,19:00,Querétaro,CD Veracruz,2,1,FALSE,,,
2014/15,Clausura,17,2015-05-14,21:00,Guadalajara,Atlas,0,0,FALSE,,,
2014/15,Clausura,17,2015-05-16,17:00,America,Pachuca,3,4,FALSE,,,
2014/15,Clausura,17,2015-05-16,19:00,UANL,Santos Laguna,0,1,FALSE,,,
2014/15,Clausura,17,2015-05-17,18:00,Atlas,Guadalajara,1,4,FALSE,,,
2014/15,Clausura,17,2015-05-17,20:00,CD Veracruz,Querétaro,2,2,FALSE,,,
2014/15,Clausura,17,2015-05-21,20:06,Pachuca,Querétaro,2,0,FALSE,,,
2014/15,Clausura,17,2015-05-21,22:00,Santos Laguna,Guadalajara,0,0,FALSE,,,
2014/15,Clausura,17,2015-05-24,19:00,Guadalajara,Santos Laguna,0,3,FALSE,,,
2014/15,Clausura,17,2015-05-24,21:00,Querétaro,Pachuca,2,0,FALSE,,,
2014/15,Clausura,17,2015-05-28,20:30,Santos Laguna,Querétaro,5,0,FALSE,,,
2014/15,Clausura,17,2015-05-31,20:30,Querétaro,Santos Laguna,3,0,FALSE,,,
2015/16,Apertura,1,2015-07-24,19:30,CD Veracruz,Guadalajara,2,0,FALSE,,,
2015/16,Apertura,1,2015-07-25,17:00,Cruz Azul,Monarcas Morelia,0,3,FALSE,,,
2015/16,Apertura,1,2015-07-25,19:00,UANL,Toluca,0,1,FALSE,,,
2015/16,Apertura,1,2015-07-25,20:06,Pachuca,Tijuana,2,1,FALSE,,,
2015/16,Apertura,1,2015-07-25,20:30,Atlas,Querétaro,0,2,FALSE,,,
2015/16,Apertura,1,2015-07-25,21:00,Santos Laguna,Leon,1,3,FALSE,,,
2015/16,Apertura,1,2015-07-25,,Dorados de Sinaloa,Chiapas FC,0,0,FALSE,,,
2015/16,Apertura,1,2015-07-26,12:00,UNAM,Monterrey,3,0,FALSE,,,
2015/16,Apertura,1,2015-07-26,17:00,Puebla,America,4,2,FALSE,,,
2015/16,Apertura,2,2015-07-31,19:30,Querétaro,Pachuca,1,2,FALSE,,,
2015/16,Apertura,2,2015-07-31,21:30,Tijuana,Dorados de Sinaloa,1,2,FALSE,,,
2015/16,Apertura,2,2015-08-01,17:00,America,Atlas,1,3,FALSE,,,
2015/16,Apertura,2,2015-08-01,20:06,Leon,CD Veracruz,4,1,FALSE,,,
2015/16,Apertura,2,2015-08-01,20:30,Monarcas Morelia,UANL,1,0,FALSE,,,
2015/16,Apertura,2,2015-08-01,21:00,Chiapas FC,Santos Laguna,2,1,FALSE,,,
2015/16,Apertura,2,2015-08-02,12:00,Toluca,UNAM,2,1,FALSE,,,
2015/16,Apertura,2,2015-08-02,17:00,Guadalajara,Cruz Azul,0,1,FALSE,,,
2015/16,Apertura,2,2015-10-09,20:30,Monterrey,Puebla,1,1,FALSE,,,
2015/16,Apertura,3,2015-08-07,19:30,CD Veracruz,Chiapas FC,2,1,FALSE,,,
2015/16,Apertura,3,2015-08-07,21:30,Santos Laguna,Tijuana,0,1,FALSE,,,
2015/16,Apertura,3,2015-08-08,17:00,Cruz Azul,Leon,2,0,FALSE,,,
2015/16,Apertura,3,2015-08-08,20:06,Pachuca,America,0,3,FALSE,,,
2015/16,Apertura,3,2015-08-08,20:30,Atlas,Monterrey,0,3,FALSE,,,
2015/16,Apertura,3,2015-08-08,21:00,Dorados de Sinaloa,Querétaro,1,1,FALSE,,,
2015/16,Apertura,3,2015-08-09,12:00,Toluca,Monarcas Morelia,0,1,FALSE,,,
2015/16,Apertura,3,2015-08-09,17:00,Puebla,UNAM,3,2,FALSE,,,
2015/16,Apertura,3,2015-08-09,19:00,UANL,Guadalajara,2,2,FALSE,,,
2015/16,Apertura,4,2015-08-11,20:30,America,Dorados de Sinaloa,4,0,FALSE,,,
2015/16,Apertura,4,2015-08-11,,Querétaro,Santos Laguna,1,2,FALSE,,,
2015/16,Apertura,4,2015-08-11,21:00,Monterrey,Pachuca,4,3,FALSE,,,
2015/16,Apertura,4,2015-08-11,22:00,Tijuana,CD Veracruz,1,3,FALSE,,,
2015/16,Apertura,4,2015-08-12,20:00,Puebla,Toluca,1,0,FALSE,,,
2015/16,Apertura,4,2015-08-12,20:06,Leon,UANL,2,1,FALSE,,,
2015/16,Apertura,4,2015-08-12,20:30,Guadalajara,Monarcas Morelia,2,0,FALSE,,,
2015/16,Apertura,4,2015-08-12,21:00,Chiapas FC,Cruz Azul,2,1,FALSE,,,
2015/16,Apertura,4,2015-08-12,,UNAM,Atlas,5,0,FALSE,,,
2015/16,Apertura,5,2015-08-14,19:30,CD Veracruz,Querétaro,2,2,FALSE,,,
2015/16,Apertura,5,2015-08-14,21:30,Santos Laguna,America,0,2,FALSE,,,
2015/16,Apertura,5,2015-08-15,17:00,Cruz Azul,Tijuana,1,3,FALSE,,,
2015/16,Apertura,5,2015-08-15,18:30,Monarcas Morelia,Leon,3,4,FALSE,,,
2015/16,Apertura,5,2015-08-15,19:00,UANL,Chiapas FC,4,1,FALSE,,,
2015/16,Apertura,5,2015-08-15,20:06,Pachuca,UNAM,1,2,FALSE,,,
2015/16,Apertura,5,2015-08-15,20:30,Atlas,Puebla,2,1,FALSE,,,
2015/16,Apertura,5,2015-08-15,21:00,Dorados de Sinaloa,Monterrey,1,4,FALSE,,,
2015/16,Apertura,5,2015-08-16,12:00,Toluca,Guadalajara,3,1,FALSE,,,
2015/16,Apertura,6,2015-08-21,19:30,Querétaro,Cruz Azul,4,2,FALSE,,,
2015/16,Apertura,6,2015-08-21,21:30,Tijuana,UANL,1,2,FALSE,,,
2015/16,Apertura,6,2015-08-22,17:15,America,CD Veracruz,3,1,FALSE,,,
2015/16,Apertura,6,2015-08-22,19:00,Monterrey,Santos Laguna,1,1,FALSE,,,
2015/16,Apertura,6,2015-08-22,20:06,Leon,Guadalajara,1,0,FALSE,,,
2015/16,Apertura,6,2015-08-22,20:30,Atlas,Toluca,1,2,FALSE,,,
2015/16,Apertura,6,2015-08-22,21:00,Chiapas FC,Monarcas Morelia,3,1,FALSE,,,
2015/16,Apertura,6,2015-08-23,12:00,UNAM,Dorados de Sinaloa,2,0,FALSE,,,
2015/16,Apertura,6,2015-08-23,17:00,Puebla,Pachuca,3,2,FALSE,,,
2015/16,Apertura,7,2015-08-28,19:30,CD Veracruz,Monterrey,2,1,FALSE,,,
2015/16,Apertura,7,2015-08-28,21:30,Santos Laguna,UNAM,3,4,FALSE,,,
2015/16,Apertura,7,2015-08-29,17:00,Cruz Azul,America,0,2,FALSE,,,
2015/16,Apertura,7,2015-08-29,19:00,UANL,Querétaro,5,1,FALSE,,,
2015/16,Apertura,7,2015-08-29,20:06,Pachuca,Atlas,1,1,FALSE,,,
2015/16,Apertura,7,2015-08-29,20:30,Monarcas Morelia,Tijuana,1,2,FALSE,,,
2015/16,Apertura,7,2015-08-29,21:00,Dorados de Sinaloa,Puebla,1,0,FALSE,,,
2015/16,Apertura,7,2015-08-30,12:00,Toluca,Leon,1,3,FALSE,,,
2015/16,Apertura,7,2015-08-30,17:30,Guadalajara,Chiapas FC,4,1,FALSE,,,
2015/16,Apertura,8,2015-09-11,19:30,Querétaro,Monarcas Morelia,0,1,FALSE,,,
2015/16,Apertura,8,2015-09-11,21:30,Tijuana,Guadalajara,2,1,FALSE,,,
2015/16,Apertura,8,2015-09-12,17:00,America,UANL,0,1,FALSE,,,
2015/16,Apertura,8,2015-09-12,19:00,Monterrey,Cruz Azul,1,1,FALSE,,,
2015/16,Apertura,8,2015-09-12,20:06,Pachuca,Toluca,3,4,FALSE,,,
2015/16,Apertura,8,2015-09-12,20:30,Atlas,Dorados de Sinaloa,3,2,FALSE,,,
2015/16,Apertura,8,2015-09-12,21:00,Chiapas FC,Leon,6,2,FALSE,,,
2015/16,Apertura,8,2015-09-13,12:00,UNAM,CD Veracruz,3,0,FALSE,,,
2015/16,Apertura,8,2015-09-13,17:00,Puebla,Santos Laguna,0,1,FALSE,,,
2015/16,Apertura,9,2015-09-18,19:30,CD Veracruz,Puebla,2,1,FALSE,,,
2015/16,Apertura,9,2015-09-18,21:30,Santos Laguna,Atlas,0,2,FALSE,,,
2015/16,Apertura,9,2015-09-19,17:00,Cruz Azul,UNAM,2,1,FALSE,,,
2015/16,Apertura,9,2015-09-19,19:00,UANL,Monterrey,3,1,FALSE,,,
2015/16,Apertura,9,2015-09-19,20:06,Leon,Tijuana,2,1,FALSE,,,
2015/16,Apertura,9,2015-09-19,20:30,Monarcas Morelia,America,0,3,FALSE,,,
2015/16,Apertura,9,2015-09-19,21:00,Dorados de Sinaloa,Pachuca,1,2,FALSE,,,
2015/16,Apertura,9,2015-09-20,12:00,Toluca,Chiapas FC,1,1,FALSE,,,
2015/16,Apertura,9,2015-09-20,17:00,Guadalajara,Querétaro,2,1,FALSE,,,
2015/16,Apertura,10,2015-09-25,19:30,Querétaro,Leon,3,0,FALSE,,,
2015/16,Apertura,10,2015-09-25,21:30,Tijuana,Chiapas FC,1,1,FALSE,,,
2015/16,Apertura,10,2015-09-26,17:00,America,Guadalajara,1,2,FALSE,,,
2015/16,Apertura,10,2015-09-26,19:00,Monterrey,Monarcas Morelia,2,2,FALSE,,,
2015/16,Apertura,10,2015-09-26,20:06,Pachuca,Santos Laguna,0,0,FALSE,,,
2015/16,Apertura,10,2015-09-26,20:30,Atlas,CD Veracruz,0,1,FALSE,,,
2015/16,Apertura,10,2015-09-26,21:00,Dorados de Sinaloa,Toluca,1,2,FALSE,,,
2015/16,Apertura,10,2015-09-27,12:00,UNAM,UANL,1,0,FALSE,,,
2015/16,Apertura,10,2015-09-27,17:00,Puebla,Cruz Azul,2,1,FALSE,,,
2015/16,Apertura,11,2015-09-29,20:00,Toluca,Tijuana,4,1,FALSE,,,
2015/16,Apertura,11,2015-09-29,20:06,Leon,America,3,0,FALSE,,,
2015/16,Apertura,11,2015-09-29,20:30,Guadalajara,Monterrey,2,1,FALSE,,,
2015/16,Apertura,11,2015-09-29,21:00,Chiapas FC,Querétaro,0,0,FALSE,,,
2015/16,Apertura,11,2015-09-29,,Santos Laguna,Dorados de Sinaloa,1,1,FALSE,,,
2015/16,Apertura,11,2015-09-29,,CD Veracruz,Pachuca,0,1,FALSE,,,
2015/16,Apertura,11,2015-09-30,18:45,Monarcas Morelia,UNAM,2,2,FALSE,,,
2015/16,Apertura,11,2015-09-30,20:30,Cruz Azul,Atlas,1,1,FALSE,,,
2015/16,Apertura,11,2015-09-30,20:45,UANL,Puebla,0,1,FALSE,,,
2015/16,Apertura,12,2015-10-02,19:30,Querétaro,Tijuana,2,1,FALSE,,,
2015/16,Apertura,12,2015-10-03,17:00,America,Chiapas FC,2,1,FALSE,,,
2015/16,Apertura,12,2015-10-03,19:00,Santos Laguna,Toluca,0,0,FALSE,,,
2015/16,Apertura,12,2015-10-03,,Monterrey,Leon,4,0,FALSE,,,
2015/16,Apertura,12,2015-10-03,20:30,Atlas,UANL,0,1,FALSE,,,
2015/16,Apertura,12,2015-10-04,12:00,UNAM,Guadalajara,1,0,FALSE,,,
2015/16,Apertura,12,2015-10-04,17:00,Puebla,Monarcas Morelia,1,3,FALSE,,,
2015/16,Apertura,12,2015-11-10,21:00,Dorados de Sinaloa,CD Veracruz,0,0,FALSE,,,
2015/16,Apertura,12,2015-11-14,20:06,Pachuca,Cruz Azul,1,2,FALSE,,,
2015/16,Apertura,13,2015-10-16,19:30,CD Veracruz,Santos Laguna,0,3,FALSE,,,
2015/16,Apertura,13,2015-10-16,21:30,Tijuana,America,0,2,FALSE,,,
2015/16,Apertura,13,2015-10-17,17:00,Cruz Azul,Dorados de Sinaloa,1,1,FALSE,,,
2015/16,Apertura,13,2015-10-17,19:00,UANL,Pachuca,2,1,FALSE,,,
2015/16,Apertura,13,2015-10-17,20:06,Leon,UNAM,1,3,FALSE,,,
2015/16,Apertura,13,2015-10-17,20:30,Monarcas Morelia,Atlas,0,1,FALSE,,,
2015/16,Apertura,13,2015-10-17,21:00,Chiapas FC,Monterrey,2,2,FALSE,,,
2015/16,Apertura,13,2015-10-18,12:00,Toluca,Querétaro,4,2,FALSE,,,
2015/16,Apertura,13,2015-10-18,17:00,Guadalajara,Puebla,1,1,FALSE,,,
2015/16,Apertura,14,2015-10-23,19:30,CD Veracruz,Toluca,3,2,FALSE,,,
2015/16,Apertura,14,2015-10-23,21:30,Santos Laguna,Cruz Azul,1,2,FALSE,,,
2015/16,Apertura,14,2015-10-24,17:00,America,Querétaro,0,1,FALSE,,,
2015/16,Apertura,14,2015-10-24,19:00,Monterrey,Tijuana,3,1,FALSE,,,
2015/16,Apertura,14,2015-10-24,19:06,Pachuca,Monarcas Morelia,2,0,FALSE,,,
2015/16,Apertura,14,2015-10-24,21:00,Dorados de Sinaloa,UANL,0,0,FALSE,,,
2015/16,Apertura,14,2015-10-25,12:00,UNAM,Chiapas FC,2,3,FALSE,,,
2015/16,Apertura,14,2015-10-25,17:00,Puebla,Leon,1,0,FALSE,,,
2015/16,Apertura,14,2015-11-11,20:30,Atlas,Guadalajara,0,1,FALSE,,,
2015/16,Apertura,15,2015-10-30,19:30,Querétaro,Monterrey,3,1,FALSE,,,
2015/16,Apertura,15,2015-10-30,21:30,Tijuana,UNAM,1,2,FALSE,,,
2015/16,Apertura,15,2015-10-31,17:00,Cruz Azul,CD Veracruz,1,1,FALSE,,,
2015/16,Apertura,15,2015-10-31,19:00,UANL,Santos Laguna,2,2,FALSE,,,
2015/16,Apertura,15,2015-10-31,20:06,Leon,Atlas,2,1,FALSE,,,
2015/16,Apertura,15,2015-10-31,20:30,Monarcas Morelia,Dorados de Sinaloa,4,0,FALSE,,,
2015/16,Apertura,15,2015-10-31,21:00,Chiapas FC,Puebla,1,0,FALSE,,,
2015/16,Apertura,15,2015-11-01,12:00,Toluca,America,2,3,FALSE,,,
2015/16,Apertura,15,2015-11-01,17:00,Guadalajara,Pachuca,4,4,FALSE,,,
2015/16,Apertura,16,2015-11-06,19:30,CD Veracruz,UANL,1,3,FALSE,,,
2015/16,Apertura,16,2015-11-06,21:30,Santos Laguna,Monarcas Morelia,2,3,FALSE,,,
2015/16,Apertura,16,2015-11-07,17:00,Cruz Azul,Toluca,1,2,FALSE,,,
2015/16,Apertura,16,2015-11-07,19:00,Monterrey,America,2,1,FALSE,,,
2015/16,Apertura,16,2015-11-07,20:06,Pachuca,Leon,3,2,FALSE,,,
2015/16,Apertura,16,2015-11-07,20:30,Atlas,Chiapas FC,2,3,FALSE,,,
2015/16,Apertura,16,2015-11-07,21:00,Dorados de Sinaloa,Guadalajara,2,1,FALSE,,,
2015/16,Apertura,16,2015-11-08,12:00,UNAM,Querétaro,2,1,FALSE,,,
2015/16,Apertura,16,2015-11-08,17:00,Puebla,Tijuana,2,1,FALSE,,,
2015/16,Apertura,17,2015-11-20,19:30,Querétaro,Puebla,0,0,FALSE,,,
2015/16,Apertura,17,2015-11-20,21:30,Tijuana,Atlas,2,0,FALSE,,,
2015/16,Apertura,17,2015-11-21,17:00,America,UNAM,1,1,FALSE,,,
2015/16,Apertura,17,2015-11-21,19:00,UANL,Cruz Azul,0,0,FALSE,,,
2015/16,Apertura,17,2015-11-21,20:06,Leon,Dorados de Sinaloa,3,0,FALSE,,,
2015/16,Apertura,17,2015-11-21,20:30,Monarcas Morelia,CD Veracruz,1,2,FALSE,,,
2015/16,Apertura,17,2015-11-21,21:00,Chiapas FC,Pachuca,3,2,FALSE,,,
2015/16,Apertura,17,2015-11-22,12:00,Toluca,Monterrey,3,1,FALSE,,,
2015/16,Apertura,17,2015-11-22,17:00,Guadalajara,Santos Laguna,0,3,FALSE,,,
2015/16,Apertura,17,2015-11-25,19:00,America,Leon,4,1,FALSE,,,
2015/16,Apertura,17,2015-11-25,21:00,UANL,Chiapas FC,2,1,FALSE,,,
2015/16,Apertura,17,2015-11-29,12:00,CD Veracruz,UNAM,0,1,FALSE,,,
2015/16,Apertura,17,2015-11-29,17:00,Puebla,Toluca,0,1,FALSE,,,
2015/16,Apertura,17,2015-11-28,18:00,Chiapas FC,UANL,0,1,FALSE,,,
2015/16,Apertura,17,2015-11-28,20:06,Leon,America,2,1,FALSE,,,
2015/16,Apertura,17,2015-11-29,12:00,UNAM,CD Veracruz,1,0,FALSE,,,
2015/16,Apertura,17,2015-11-29,17:00,Toluca,Puebla,1,0,FALSE,,,
2015/16,Apertura,17,2015-12-03,19:00,America,UNAM,0,3,FALSE,,,
2015/16,Apertura,17,2015-12-03,21:00,UANL,Toluca,0,0,FALSE,,,
2015/16,Apertura,17,2015-12-06,12:00,UNAM,America,1,3,FALSE,,,
2015/16,Apertura,17,2015-12-06,18:00,Toluca,UANL,0,2,FALSE,,,
2015/16,Apertura,17,2015-12-10,21:00,UANL,UNAM,3,0,FALSE,,,
2015/16,Apertura,17,2015-12-13,20:30,UNAM,UANL,3,0,TRUE,2,4,
2015/16,Clausura,1,2016-01-08,19:30,Querétaro,Atlas,1,3,FALSE,,,
2015/16,Clausura,1,2016-01-08,21:30,Tijuana,Pachuca,1,1,FALSE,,,
2015/16,Clausura,1,2016-01-09,17:00,America,Puebla,0,0,FALSE,,,
2015/16,Clausura,1,2016-01-09,19:00,Monterrey,UNAM,1,0,FALSE,,,
2015/16,Clausura,1,2016-01-09,20:06,Leon,Santos Laguna,2,0,FALSE,,,
2015/16,Clausura,1,2016-01-09,20:30,Monarcas Morelia,Cruz Azul,2,2,FALSE,,,
2015/16,Clausura,1,2016-01-09,21:00,Chiapas FC,Dorados de Sinaloa,1,0,FALSE,,,
2015/16,Clausura,1,2016-01-10,12:00,Toluca,UANL,1,0,FALSE,,,
2015/16,Clausura,1,2016-01-10,17:00,Guadalajara,CD Veracruz,2,2,FALSE,,,
2015/16,Clausura,2,2016-01-15,19:30,CD Veracruz,Leon,1,3,FALSE,,,
2015/16,Clausura,2,2016-01-15,21:30,Santos Laguna,Chiapas FC,1,0,FALSE,,,
2015/16,Clausura,2,2016-01-16,17:00,Cruz Azul,Guadalajara,1,1,FALSE,,,
2015/16,Clausura,2,2016-01-16,19:00,UANL,Monarcas Morelia,2,0,FALSE,,,
2015/16,Clausura,2,2016-01-16,20:06,Pachuca,Querétaro,1,0,FALSE,,,
2015/16,Clausura,2,2016-01-16,20:30,Atlas,America,0,3,FALSE,,,
2015/16,Clausura,2,2016-01-16,21:00,Dorados de Sinaloa,Tijuana,0,1,FALSE,,,
2015/16,Clausura,2,2016-01-17,12:00,UNAM,Toluca,3,2,FALSE,,,
2015/16,Clausura,2,2016-01-17,17:00,Puebla,Monterrey,1,3,FALSE,,,
2015/16,Clausura,3,2016-01-22,19:30,Querétaro,Dorados de Sinaloa,3,0,FALSE,,,
2015/16,Clausura,3,2016-01-22,21:30,Tijuana,Santos Laguna,1,3,FALSE,,,
2015/16,Clausura,3,2016-01-23,17:00,America,Pachuca,1,4,FALSE,,,
2015/16,Clausura,3,2016-01-23,19:00,Monterrey,Atlas,1,0,FALSE,,,
2015/16,Clausura,3,2016-01-23,20:06,Leon,Cruz Azul,3,2,FALSE,,,
2015/16,Clausura,3,2016-01-23,20:30,Monarcas Morelia,Toluca,1,1,FALSE,,,
2015/16,Clausura,3,2016-01-23,21:00,Chiapas FC,CD Veracruz,1,1,FALSE,,,
2015/16,Clausura,3,2016-01-24,12:00,UNAM,Puebla,0,1,FALSE,,,
2015/16,Clausura,3,2016-01-24,17:00,Guadalajara,UANL,2,2,FALSE,,,
2015/16,Clausura,4,2016-01-29,21:30,CD Veracruz,Tijuana,2,2,FALSE,,,
2015/16,Clausura,4,2016-01-29,,Santos Laguna,Querétaro,2,0,FALSE,,,
2015/16,Clausura,4,2016-01-30,17:00,Cruz Azul,Chiapas FC,2,1,FALSE,,,
2015/16,Clausura,4,2016-01-30,18:30,Monarcas Morelia,Guadalajara,2,0,FALSE,,,
2015/16,Clausura,4,2016-01-30,19:00,UANL,Leon,3,1,FALSE,,,
2015/16,Clausura,4,2016-01-30,20:06,Pachuca,Monterrey,3,1,FALSE,,,
2015/16,Clausura,4,2016-01-30,20:30,Atlas,UNAM,1,1,FALSE,,,
2015/16,Clausura,4,2016-01-30,21:00,Dorados de Sinaloa,America,0,3,FALSE,,,
2015/16,Clausura,4,2016-01-31,12:00,Toluca,Puebla,1,1,FALSE,,,
2015/16,Clausura,5,2016-02-05,19:30,Querétaro,CD Veracruz,2,1,FALSE,,,
2015/16,Clausura,5,2016-02-05,21:00,Chiapas FC,UANL,1,3,FALSE,,,
2015/16,Clausura,5,2016-02-05,21:30,Tijuana,Cruz Azul,1,1,FALSE,,,
2015/16,Clausura,5,2016-02-06,17:00,America,Santos Laguna,2,0,FALSE,,,
2015/16,Clausura,5,2016-02-06,19:00,Monterrey,Dorados de Sinaloa,3,0,FALSE,,,
2015/16,Clausura,5,2016-02-06,,Puebla,Atlas,4,1,FALSE,,,
2015/16,Clausura,5,2016-02-06,20:06,Leon,Monarcas Morelia,1,2,FALSE,,,
2015/16,Clausura,5,2016-02-06,21:00,Guadalajara,Toluca,1,1,FALSE,,,
2015/16,Clausura,5,2016-02-07,12:00,UNAM,Pachuca,1,1,FALSE,,,
2015/16,Clausura,6,2016-02-12,19:30,CD Veracruz,America,1,1,FALSE,,,
2015/16,Clausura,6,2016-02-12,20:30,Toluca,Atlas,1,1,FALSE,,,
2015/16,Clausura,6,2016-02-12,21:30,Santos Laguna,Monterrey,1,2,FALSE,,,
2015/16,Clausura,6,2016-02-13,17:00,Cruz Azul,Querétaro,2,1,FALSE,,,
2015/16,Clausura,6,2016-02-13,19:00,UANL,Tijuana,1,2,FALSE,,,
2015/16,Clausura,6,2016-02-13,21:00,Dorados de Sinaloa,UNAM,2,3,FALSE,,,
2015/16,Clausura,6,2016-02-14,12:00,Guadalajara,Leon,0,1,FALSE,,,
2015/16,Clausura,6,2016-02-14,19:00,Pachuca,Puebla,5,2,FALSE,,,
2015/16,Clausura,6,2016-03-26,20:30,Monarcas Morelia,Chiapas FC,2,0,FALSE,,,
2015/16,Clausura,7,2016-02-19,19:30,Querétaro,UANL,2,2,FALSE,,,
2015/16,Clausura,7,2016-02-19,21:30,Tijuana,Monarcas Morelia,1,1,FALSE,,,
2015/16,Clausura,7,2016-02-20,17:00,America,Cruz Azul,3,3,FALSE,,,
2015/16,Clausura,7,2016-02-20,19:00,Monterrey,CD Veracruz,5,1,FALSE,,,
2015/16,Clausura,7,2016-02-20,20:06,Leon,Toluca,5,1,FALSE,,,
2015/16,Clausura,7,2016-02-20,20:30,Atlas,Pachuca,1,0,FALSE,,,
2015/16,Clausura,7,2016-02-20,21:00,Chiapas FC,Guadalajara,1,1,FALSE,,,
2015/16,Clausura,7,2016-02-21,12:00,UNAM,Santos Laguna,1,1,FALSE,,,
2015/16,Clausura,7,2016-02-21,17:00,Puebla,Dorados de Sinaloa,3,2,FALSE,,,
2015/16,Clausura,8,2016-02-26,21:30,CD Veracruz,UNAM,0,0,FALSE,,,
2015/16,Clausura,8,2016-02-27,17:00,Cruz Azul,Monterrey,4,0,FALSE,,,
2015/16,Clausura,8,2016-02-27,19:00,Santos Laguna,Puebla,1,1,FALSE,,,
2015/16,Clausura,8,2016-02-27,,UANL,America,4,1,FALSE,,,
2015/16,Clausura,8,2016-02-27,20:06,Leon,Chiapas FC,1,3,FALSE,,,
2015/16,Clausura,8,2016-02-27,20:30,Monarcas Morelia,Querétaro,1,1,FALSE,,,
2015/16,Clausura,8,2016-02-27,21:00,Toluca,Pachuca,0,1,FALSE,,,
2015/16,Clausura,8,2016-02-27,,Dorados de Sinaloa,Atlas,2,1,FALSE,,,
2015/16,Clausura,8,2016-02-28,17:00,Guadalajara,Tijuana,1,1,FALSE,,,
2015/16,Clausura,9,2016-03-04,21:30,Tijuana,Leon,0,0,FALSE,,,
2015/16,Clausura,9,2016-03-05,17:00,America,Monarcas Morelia,4,1,FALSE,,,
2015/16,Clausura,9,2016-03-05,18:30,Querétaro,Guadalajara,0,2,FALSE,,,
2015/16,Clausura,9,2016-03-05,19:00,Monterrey,UANL,1,0,FALSE,,,
2015/16,Clausura,9,2016-03-05,20:06,Pachuca,Dorados de Sinaloa,2,2,FALSE,,,
2015/16,Clausura,9,2016-03-05,20:30,Atlas,Santos Laguna,1,2,FALSE,,,
2015/16,Clausura,9,2016-03-05,21:00,Chiapas FC,Toluca,3,2,FALSE,,,
2015/16,Clausura,9,2016-03-06,12:00,UNAM,Cruz Azul,2,2,FALSE,,,
2015/16,Clausura,9,2016-03-06,17:00,Puebla,CD Veracruz,1,1,FALSE,,,
2015/16,Clausura,10,2016-03-11,21:30,CD Veracruz,Atlas,3,2,FALSE,,,
2015/16,Clausura,10,2016-03-11,,Santos Laguna,Pachuca,3,2,FALSE,,,
2015/16,Clausura,10,2016-03-12,17:00,Cruz Azul,Puebla,1,1,FALSE,,,
2015/16,Clausura,10,2016-03-12,19:00,UANL,UNAM,0,0,FALSE,,,
2015/16,Clausura,10,2016-03-12,20:06,Leon,Querétaro,2,0,FALSE,,,
2015/16,Clausura,10,2016-03-12,20:30,Monarcas Morelia,Monterrey,1,3,FALSE,,,
2015/16,Clausura,10,2016-03-12,21:00,Chiapas FC,Tijuana,1,2,FALSE,,,
2015/16,Clausura,10,2016-03-13,12:00,Toluca,Dorados de Sinaloa,3,0,FALSE,,,
2015/16,Clausura,10,2016-03-13,19:30,Guadalajara,America,1,2,FALSE,,,
2015/16,Clausura,11,2016-03-18,19:30,Querétaro,Chiapas FC,1,1,FALSE,,,
2015/16,Clausura,11,2016-03-18,21:30,Tijuana,Toluca,0,0,FALSE,,,
2015/16,Clausura,11,2016-03-19,17:00,America,Leon,2,1,FALSE,,,
2015/16,Clausura,11,2016-03-19,19:00,Monterrey,Guadalajara,1,3,FALSE,,,
2015/16,Clausura,11,2016-03-19,20:06,Pachuca,CD Veracruz,6,0,FALSE,,,
2015/16,Clausura,11,2016-03-19,20:30,Atlas,Cruz Azul,0,2,FALSE,,,
2015/16,Clausura,11,2016-03-19,21:00,Dorados de Sinaloa,Santos Laguna,3,1,FALSE,,,
2015/16,Clausura,11,2016-03-20,17:00,Puebla,UANL,0,0,FALSE,,,
2015/16,Clausura,11,2016-03-20,18:00,UNAM,Monarcas Morelia,4,2,FALSE,,,
2015/16,Clausura,12,2016-04-01,20:30,Toluca,Santos Laguna,0,0,FALSE,,,
2015/16,Clausura,12,2016-04-01,21:30,CD Veracruz,Dorados de Sinaloa,0,0,FALSE,,,
2015/16,Clausura,12,2016-04-01,,Tijuana,Querétaro,2,4,FALSE,,,
2015/16,Clausura,12,2016-04-02,17:00,Cruz Azul,Pachuca,0,0,FALSE,,,
2015/16,Clausura,12,2016-04-02,19:00,UANL,Atlas,2,2,FALSE,,,
2015/16,Clausura,12,2016-04-02,20:06,Leon,Monterrey,1,2,FALSE,,,
2015/16,Clausura,12,2016-04-02,20:30,Monarcas Morelia,Puebla,2,0,FALSE,,,
2015/16,Clausura,12,2016-04-02,21:00,Chiapas FC,America,0,2,FALSE,,,
2015/16,Clausura,12,2016-04-03,20:30,Guadalajara,UNAM,4,0,FALSE,,,
2015/16,Clausura,13,2016-04-08,19:30,Querétaro,Toluca,0,0,FALSE,,,
2015/16,Clausura,13,2016-04-08,21:30,Santos Laguna,CD Veracruz,2,0,FALSE,,,
2015/16,Clausura,13,2016-04-09,17:00,America,Tijuana,6,1,FALSE,,,
2015/16,Clausura,13,2016-04-09,19:00,Monterrey,Chiapas FC,6,0,FALSE,,,
2015/16,Clausura,13,2016-04-09,20:06,Pachuca,UANL,2,1,FALSE,,,
2015/16,Clausura,13,2016-04-09,20:30,Atlas,Monarcas Morelia,1,2,FALSE,,,
2015/16,Clausura,13,2016-04-09,21:00,Dorados de Sinaloa,Cruz Azul,3,0,FALSE,,,
2015/16,Clausura,13,2016-04-10,17:00,Puebla,Guadalajara,0,3,FALSE,,,
2015/16,Clausura,13,2016-04-10,18:30,UNAM,Leon,1,2,FALSE,,,
2015/16,Clausura,14,2016-04-15,19:30,Querétaro,America,1,0,FALSE,,,
2015/16,Clausura,14,2016-04-15,21:30,Tijuana,Monterrey,1,2,FALSE,,,
2015/16,Clausura,14,2016-04-16,12:45,Toluca,CD Veracruz,4,2,FALSE,,,
2015/16,Clausura,14,2016-04-16,17:00,Cruz Azul,Santos Laguna,0,1,FALSE,,,
2015/16,Clausura,14,2016-04-16,19:00,UANL,Dorados de Sinaloa,5,2,FALSE,,,
2015/16,Clausura,14,2016-04-16,20:06,Leon,Puebla,4,1,FALSE,,,
2015/16,Clausura,14,2016-04-16,20:30,Monarcas Morelia,Pachuca,1,0,FALSE,,,
2015/16,Clausura,14,2016-04-16,21:00,Chiapas FC,UNAM,1,2,FALSE,,,
2015/16,Clausura,14,2016-04-17,17:00,Guadalajara,Atlas,1,0,FALSE,,,
2015/16,Clausura,15,2016-04-22,20:00,UNAM,Tijuana,3,1,FALSE,,,
2015/16,Clausura,15,2016-04-22,21:30,CD Veracruz,Cruz Azul,2,1,FALSE,,,
2015/16,Clausura,15,2016-04-23,17:00,America,Toluca,0,1,FALSE,,,
2015/16,Clausura,15,2016-04-23,19:00,Monterrey,Querétaro,3,2,FALSE,,,
2015/16,Clausura,15,2016-04-23,,Santos Laguna,UANL,2,1,FALSE,,,
2015/16,Clausura,15,2016-04-23,20:06,Pachuca,Guadalajara,1,1,FALSE,,,
2015/16,Clausura,15,2016-04-23,20:30,Atlas,Leon,1,1,FALSE,,,
2015/16,Clausura,15,2016-04-23,21:00,Dorados de Sinaloa,Monarcas Morelia,1,0,FALSE,,,
2015/16,Clausura,15,2016-04-24,17:00,Puebla,Chiapas FC,2,1,FALSE,,,
2015/16,Clausura,16,2016-04-29,19:30,Querétaro,UNAM,2,1,FALSE,,,
2015/16,Clausura,16,2016-04-29,21:30,Tijuana,Puebla,0,0,FALSE,,,
2015/16,Clausura,16,2016-04-30,17:00,America,Monterrey,3,3,FALSE,,,
2015/16,Clausura,16,2016-04-30,19:00,UANL,CD Veracruz,0,0,FALSE,,,
2015/16,Clausura,16,2016-04-30,20:06,Leon,Pachuca,0,0,FALSE,,,
2015/16,Clausura,16,2016-04-30,20:30,Monarcas Morelia,Santos Laguna,3,2,FALSE,,,
2015/16,Clausura,16,2016-04-30,21:00,Chiapas FC,Atlas,0,3,FALSE,,,
2015/16,Clausura,16,2016-05-01,12:00,Toluca,Cruz Azul,0,2,FALSE,,,
2015/16,Clausura,16,2016-05-01,17:00,Guadalajara,Dorados de Sinaloa,2,1,FALSE,,,
2015/16,Clausura,17,2016-05-06,19:30,CD Veracruz,Monarcas Morelia,1,2,FALSE,,,
2015/16,Clausura,17,2016-05-06,21:30,Santos Laguna,Guadalajara,0,1,FALSE,,,
2015/16,Clausura,17,2016-05-07,17:00,Cruz Azul,UANL,0,3,FALSE,,,
2015/16,Clausura,17,2016-05-07,19:00,Monterrey,Toluca,1,2,FALSE,,,
2015/16,Clausura,17,2016-05-07,20:06,Pachuca,Chiapas FC,2,1,FALSE,,,
2015/16,Clausura,17,2016-05-07,20:30,Atlas,Tijuana,0,0,FALSE,,,
2015/16,Clausura,17,2016-05-07,21:00,Dorados de Sinaloa,Leon,0,1,FALSE,,,
2015/16,Clausura,17,2016-05-08,12:00,UNAM,America,1,1,FALSE,,,
2015/16,Clausura,17,2016-05-08,17:00,Puebla,Querétaro,3,1,FALSE,,,
2015/16,Clausura,17,2016-05-11,19:00,UANL,Monterrey,1,3,FALSE,,,
2015/16,Clausura,17,2016-05-11,21:00,Monarcas Morelia,Leon,1,1,FALSE,,,
2015/16,Clausura,17,2016-05-12,19:00,Santos Laguna,Pachuca,1,1,FALSE,,,
2015/16,Clausura,17,2016-05-12,21:00,Guadalajara,America,0,0,FALSE,,,
2015/16,Clausura,17,2016-05-14,19:00,Monterrey,UANL,1,2,FALSE,,,
2015/16,Clausura,17,2016-05-14,21:06,Leon,Monarcas Morelia,4,1,FALSE,,,
2015/16,Clausura,17,2016-05-15,18:00,America,Guadalajara,2,1,FALSE,,,
2015/16,Clausura,17,2016-05-15,20:06,Pachuca,Santos Laguna,3,2,FALSE,,,
2015/16,Clausura,17,2016-05-18,20:30,America,Monterrey,1,0,FALSE,,,
2015/16,Clausura,17,2016-05-19,20:06,Leon,Pachuca,1,1,FALSE,,,
2015/16,Clausura,17,2016-05-21,20:30,Monterrey,America,4,2,FALSE,,,
2015/16,Clausura,17,2016-05-22,20:06,Pachuca,Leon,2,1,FALSE,,,
2015/16,Clausura,17,2016-05-26,20:05,Pachuca,Monterrey,1,0,FALSE,,,
2015/16,Clausura,17,2016-05-29,20:36,Monterrey,Pachuca,1,1,FALSE,,,
2016/17,Apertura,1,2016-07-15,21:00,Tijuana,Monarcas Morelia,2,0,FALSE,,,
2016/17,Apertura,1,2016-07-16,17:00,Querétaro,CD Veracruz,2,0,FALSE,,,
2016/17,Apertura,1,2016-07-16,19:00,Monterrey,Puebla,1,1,FALSE,,,
2016/17,Apertura,1,2016-07-16,,Atlas,Toluca,1,1,FALSE,,,
2016/17,Apertura,1,2016-07-16,19:06,Pachuca,Leon,5,1,FALSE,,,
2016/17,Apertura,1,2016-07-16,21:00,Necaxa,Cruz Azul,0,0,FALSE,,,
2016/17,Apertura,1,2016-07-16,,America,Chiapas FC,2,0,FALSE,,,
2016/17,Apertura,1,2016-07-17,12:00,UNAM,Guadalajara,1,0,FALSE,,,
2016/17,Apertura,1,2016-07-17,18:00,Santos Laguna,UANL,0,0,FALSE,,,
2016/17,Apertura,2,2016-07-22,21:00,CD Veracruz,Santos Laguna,2,0,FALSE,,,
2016/17,Apertura,2,2016-07-23,17:00,Chiapas FC,Pachuca,0,2,FALSE,,,
2016/17,Apertura,2,2016-07-23,,Cruz Azul,UNAM,0,0,FALSE,,,
2016/17,Apertura,2,2016-07-23,19:00,UANL,Atlas,0,0,FALSE,,,
2016/17,Apertura,2,2016-07-23,,Monarcas Morelia,Querétaro,2,2,FALSE,,,
2016/17,Apertura,2,2016-07-23,19:06,Leon,Necaxa,0,0,FALSE,,,
2016/17,Apertura,2,2016-07-23,21:00,Guadalajara,Monterrey,1,0,FALSE,,,
2016/17,Apertura,2,2016-07-23,,America,Toluca,3,1,FALSE,,,
2016/17,Apertura,2,2016-07-24,18:00,Puebla,Tijuana,3,2,FALSE,,,
2016/17,Apertura,3,2016-07-29,21:00,Tijuana,Guadalajara,4,0,FALSE,,,
2016/17,Apertura,3,2016-07-30,17:00,Querétaro,Puebla,2,1,FALSE,,,
2016/17,Apertura,3,2016-07-30,19:00,Monterrey,Cruz Azul,1,1,FALSE,,,
2016/17,Apertura,3,2016-07-30,,Atlas,CD Veracruz,1,0,FALSE,,,
2016/17,Apertura,3,2016-07-30,19:06,Pachuca,Necaxa,1,0,FALSE,,,
2016/17,Apertura,3,2016-07-30,21:00,America,UANL,0,3,FALSE,,,
2016/17,Apertura,3,2016-07-31,12:00,UNAM,Leon,1,0,FALSE,,,
2016/17,Apertura,3,2016-07-31,17:00,Chiapas FC,Toluca,1,0,FALSE,,,
2016/17,Apertura,3,2016-07-31,18:00,Santos Laguna,Monarcas Morelia,2,4,FALSE,,,
2016/17,Apertura,4,2016-08-06,17:00,Cruz Azul,Tijuana,1,2,FALSE,,,
2016/17,Apertura,4,2016-08-06,19:00,Monarcas Morelia,Atlas,3,2,FALSE,,,
2016/17,Apertura,4,2016-08-06,,UANL,Chiapas FC,1,0,FALSE,,,
2016/17,Apertura,4,2016-08-06,19:06,Leon,Monterrey,0,3,FALSE,,,
2016/17,Apertura,4,2016-08-06,21:00,CD Veracruz,America,2,4,FALSE,,,
2016/17,Apertura,4,2016-08-06,,Necaxa,UNAM,2,2,FALSE,,,
2016/17,Apertura,4,2016-08-06,21:06,Guadalajara,Querétaro,0,0,FALSE,,,
2016/17,Apertura,4,2016-08-07,12:45,Toluca,Pachuca,2,0,FALSE,,,
2016/17,Apertura,4,2016-08-07,18:00,Puebla,Santos Laguna,0,0,FALSE,,,
2016/17,Apertura,5,2016-08-12,21:00,Tijuana,Leon,2,0,FALSE,,,
2016/17,Apertura,5,2016-08-13,17:00,Querétaro,Cruz Azul,0,0,FALSE,,,
2016/17,Apertura,5,2016-08-13,19:00,Monterrey,Necaxa,2,1,FALSE,,,
2016/17,Apertura,5,2016-08-13,,Atlas,Puebla,3,2,FALSE,,,
2016/17,Apertura,5,2016-08-13,19:06,Pachuca,UNAM,3,0,FALSE,,,
2016/17,Apertura,5,2016-08-13,21:00,America,Monarcas Morelia,1,1,FALSE,,,
2016/17,Apertura,5,2016-08-14,12:00,Toluca,UANL,0,0,FALSE,,,
2016/17,Apertura,5,2016-08-14,17:00,Chiapas FC,CD Veracruz,1,1,FALSE,,,
2016/17,Apertura,5,2016-08-14,18:00,Santos Laguna,Guadalajara,0,1,FALSE,,,
2016/17,Apertura,6,2016-08-19,21:00,CD Veracruz,Toluca,2,2,FALSE,,,
2016/17,Apertura,6,2016-08-20,17:00,Cruz Azul,Santos Laguna,3,1,FALSE,,,
2016/17,Apertura,6,2016-08-20,19:00,UANL,Pachuca,4,2,FALSE,,,
2016/17,Apertura,6,2016-08-20,,Monarcas Morelia,Chiapas FC,3,2,FALSE,,,
2016/17,Apertura,6,2016-08-20,19:06,Leon,Querétaro,2,1,FALSE,,,
2016/17,Apertura,6,2016-08-20,21:00,Necaxa,Tijuana,1,1,FALSE,,,
2016/17,Apertura,6,2016-08-20,21:06,Guadalajara,Atlas,2,2,FALSE,,,
2016/17,Apertura,6,2016-08-21,12:00,UNAM,Monterrey,5,3,FALSE,,,
2016/17,Apertura,6,2016-08-21,18:00,Puebla,America,2,2,FALSE,,,
2016/17,Apertura,7,2016-08-26,21:00,Tijuana,UNAM,1,0,FALSE,,,
2016/17,Apertura,7,2016-08-27,17:00,Querétaro,Necaxa,1,2,FALSE,,,
2016/17,Apertura,7,2016-08-27,19:00,Atlas,Cruz Azul,1,1,FALSE,,,
2016/17,Apertura,7,2016-08-27,,UANL,CD Veracruz,1,1,FALSE,,,
2016/17,Apertura,7,2016-08-27,19:06,Pachuca,Monterrey,1,1,FALSE,,,
2016/17,Apertura,7,2016-08-27,21:00,America,Guadalajara,0,3,FALSE,,,
2016/17,Apertura,7,2016-08-28,12:00,Toluca,Monarcas Morelia,2,2,FALSE,,,
2016/17,Apertura,7,2016-08-28,17:00,Chiapas FC,Puebla,0,3,FALSE,,,
2016/17,Apertura,7,2016-08-28,18:00,Santos Laguna,Leon,1,0,FALSE,,,
2016/17,Apertura,8,2016-09-09,21:00,CD Veracruz,Pachuca,1,0,FALSE,,,
2016/17,Apertura,8,2016-09-10,17:00,Cruz Azul,America,3,4,FALSE,,,
2016/17,Apertura,8,2016-09-10,19:00,Monarcas Morelia,UANL,0,2,FALSE,,,
2016/17,Apertura,8,2016-09-10,,Monterrey,Tijuana,0,0,FALSE,,,
2016/17,Apertura,8,2016-09-10,19:06,Leon,Atlas,4,1,FALSE,,,
2016/17,Apertura,8,2016-09-10,21:00,Necaxa,Santos Laguna,2,1,FALSE,,,
2016/17,Apertura,8,2016-09-10,21:06,Guadalajara,Chiapas FC,2,0,FALSE,,,
2016/17,Apertura,8,2016-09-11,12:00,UNAM,Querétaro,4,1,FALSE,,,
2016/17,Apertura,8,2016-09-11,18:00,Puebla,Toluca,0,2,FALSE,,,
2016/17,Apertura,9,2016-09-16,21:00,CD Veracruz,Monarcas Morelia,1,3,FALSE,,,
2016/17,Apertura,9,2016-09-17,16:00,Toluca,Guadalajara,2,1,FALSE,,,
2016/17,Apertura,9,2016-09-17,17:00,Querétaro,Monterrey,1,0,FALSE,,,
2016/17,Apertura,9,2016-09-17,19:00,UANL,Puebla,2,1,FALSE,,,
2016/17,Apertura,9,2016-09-17,,Atlas,Necaxa,0,0,FALSE,,,
2016/17,Apertura,9,2016-09-17,,Chiapas FC,Cruz Azul,0,3,FALSE,,,
2016/17,Apertura,9,2016-09-17,19:06,Pachuca,Tijuana,2,2,FALSE,,,
2016/17,Apertura,9,2016-09-17,21:00,America,Leon,0,2,FALSE,,,
2016/17,Apertura,9,2016-09-18,18:00,Santos Laguna,UNAM,3,1,FALSE,,,
2016/17,Apertura,10,2016-09-20,19:00,Monarcas Morelia,Pachuca,1,5,FALSE,,,
2016/17,Apertura,10,2016-09-20,,Cruz Azul,Toluca,0,1,FALSE,,,
2016/17,Apertura,10,2016-09-20,,Guadalajara,UANL,0,1,FALSE,,,
2016/17,Apertura,10,2016-09-20,20:00,Puebla,CD Veracruz,3,2,FALSE,,,
2016/17,Apertura,10,2016-09-20,21:00,Necaxa,America,1,1,FALSE,,,
2016/17,Apertura,10,2016-09-21,19:30,Leon,Chiapas FC,0,0,FALSE,,,
2016/17,Apertura,10,2016-09-21,21:00,UNAM,Atlas,2,0,FALSE,,,
2016/17,Apertura,10,2016-09-21,21:30,Monterrey,Santos Laguna,5,2,FALSE,,,
2016/17,Apertura,10,2016-09-21,22:00,Tijuana,Querétaro,2,1,FALSE,,,
2016/17,Apertura,11,2016-09-23,21:00,CD Veracruz,Guadalajara,0,1,FALSE,,,
2016/17,Apertura,11,2016-09-24,17:00,Chiapas FC,Necaxa,2,2,FALSE,,,
2016/17,Apertura,11,2016-09-24,19:00,UANL,Cruz Azul,0,0,FALSE,,,
2016/17,Apertura,11,2016-09-24,,Monarcas Morelia,Puebla,2,3,FALSE,,,
2016/17,Apertura,11,2016-09-24,,Atlas,Monterrey,3,1,FALSE,,,
2016/17,Apertura,11,2016-09-24,19:06,Pachuca,Querétaro,2,0,FALSE,,,
2016/17,Apertura,11,2016-09-24,21:00,America,UNAM,2,1,FALSE,,,
2016/17,Apertura,11,2016-09-25,12:00,Toluca,Leon,1,1,FALSE,,,
2016/17,Apertura,11,2016-09-25,18:00,Santos Laguna,Tijuana,1,2,FALSE,,,
2016/17,Apertura,12,2016-09-30,21:00,Tijuana,Atlas,1,0,FALSE,,,
2016/17,Apertura,12,2016-10-01,17:00,Querétaro,Santos Laguna,1,1,FALSE,,,
2016/17,Apertura,12,2016-10-01,,Cruz Azul,CD Veracruz,5,3,FALSE,,,
2016/17,Apertura,12,2016-10-01,19:00,Monterrey,America,1,1,FALSE,,,
2016/17,Apertura,12,2016-10-01,19:06,Leon,UANL,3,2,FALSE,,,
2016/17,Apertura,12,2016-10-01,21:00,Necaxa,Toluca,3,1,FALSE,,,
2016/17,Apertura,12,2016-10-01,21:06,Guadalajara,Monarcas Morelia,2,1,FALSE,,,
2016/17,Apertura,12,2016-10-02,12:00,UNAM,Chiapas FC,1,0,FALSE,,,
2016/17,Apertura,12,2016-10-02,18:00,Puebla,Pachuca,1,1,FALSE,,,
2016/17,Apertura,13,2016-10-14,21:00,CD Veracruz,Leon,2,3,FALSE,,,
2016/17,Apertura,13,2016-10-15,17:00,Chiapas FC,Monterrey,1,4,FALSE,,,
2016/17,Apertura,13,2016-10-15,19:00,UANL,Necaxa,0,2,FALSE,,,
2016/17,Apertura,13,2016-10-15,,Atlas,Querétaro,2,1,FALSE,,,
2016/17,Apertura,13,2016-10-15,,Monarcas Morelia,Cruz Azul,1,1,FALSE,,,
2016/17,Apertura,13,2016-10-15,19:06,Pachuca,Santos Laguna,3,0,FALSE,,,
2016/17,Apertura,13,2016-10-15,21:00,America,Tijuana,1,0,FALSE,,,
2016/17,Apertura,13,2016-10-16,12:00,Toluca,UNAM,2,1,FALSE,,,
2016/17,Apertura,13,2016-10-16,18:00,Puebla,Guadalajara,0,2,FALSE,,,
2016/17,Apertura,14,2016-10-21,21:00,Tijuana,Chiapas FC,2,0,FALSE,,,
2016/17,Apertura,14,2016-10-22,17:00,Cruz Azul,Puebla,1,2,FALSE,,,
2016/17,Apertura,14,2016-10-22,19:00,Querétaro,America,1,1,FALSE,,,
2016/17,Apertura,14,2016-10-22,,Monterrey,Toluca,1,1,FALSE,,,
2016/17,Apertura,14,2016-10-22,21:00,Leon,Monarcas Morelia,3,1,FALSE,,,
2016/17,Apertura,14,2016-10-22,,Necaxa,CD Veracruz,3,2,FALSE,,,
2016/17,Apertura,14,2016-10-23,12:00,UNAM,UANL,1,3,FALSE,,,
2016/17,Apertura,14,2016-10-23,18:00,Santos Laguna,Atlas,2,2,FALSE,,,
2016/17,Apertura,14,2016-10-23,20:00,Guadalajara,Pachuca,1,2,FALSE,,,
2016/17,Apertura,15,2016-10-28,21:00,CD Veracruz,UNAM,1,4,FALSE,,,
2016/17,Apertura,15,2016-10-29,17:00,Chiapas FC,Querétaro,1,2,FALSE,,,
2016/17,Apertura,15,2016-10-29,19:00,UANL,Monterrey,1,1,FALSE,,,
2016/17,Apertura,15,2016-10-29,,Monarcas Morelia,Necaxa,2,1,FALSE,,,
2016/17,Apertura,15,2016-10-29,19:06,Pachuca,Atlas,3,2,FALSE,,,
2016/17,Apertura,15,2016-10-29,21:00,America,Santos Laguna,3,1,FALSE,,,
2016/17,Apertura,15,2016-10-29,21:06,Guadalajara,Cruz Azul,3,2,FALSE,,,
2016/17,Apertura,15,2016-10-30,12:00,Toluca,Tijuana,0,1,FALSE,,,
2016/17,Apertura,15,2016-10-30,18:00,Puebla,Leon,2,2,FALSE,,,
2016/17,Apertura,16,2016-11-04,21:00,Tijuana,UANL,0,1,FALSE,,,
2016/17,Apertura,16,2016-11-05,17:00,Cruz Azul,Pachuca,2,1,FALSE,,,
2016/17,Apertura,16,2016-11-05,,Querétaro,Toluca,2,3,FALSE,,,
2016/17,Apertura,16,2016-11-05,19:00,Monterrey,CD Veracruz,4,0,FALSE,,,
2016/17,Apertura,16,2016-11-05,,Atlas,America,1,1,FALSE,,,
2016/17,Apertura,16,2016-11-05,19:06,Leon,Guadalajara,1,1,FALSE,,,
2016/17,Apertura,16,2016-11-05,21:00,Necaxa,Puebla,3,1,FALSE,,,
2016/17,Apertura,16,2016-11-06,12:00,UNAM,Monarcas Morelia,1,1,FALSE,,,
2016/17,Apertura,16,2016-11-06,18:00,Santos Laguna,Chiapas FC,2,0,FALSE,,,
2016/17,Apertura,17,2016-11-18,21:00,CD Veracruz,Tijuana,2,1,FALSE,,,
2016/17,Apertura,17,2016-11-19,17:00,Chiapas FC,Atlas,1,0,FALSE,,,
2016/17,Apertura,17,2016-11-19,,Cruz Azul,Leon,2,3,FALSE,,,
2016/17,Apertura,17,2016-11-19,19:00,UANL,Querétaro,1,2,FALSE,,,
2016/17,Apertura,17,2016-11-19,,Monarcas Morelia,Monterrey,1,2,FALSE,,,
2016/17,Apertura,17,2016-11-19,19:06,Pachuca,America,3,3,FALSE,,,
2016/17,Apertura,17,2016-11-19,21:00,Guadalajara,Necaxa,1,1,FALSE,,,
2016/17,Apertura,17,2016-11-20,12:00,Toluca,Santos Laguna,1,2,FALSE,,,
2016/17,Apertura,17,2016-11-20,18:00,Puebla,UNAM,0,3,FALSE,,,
2016/17,Apertura,17,2016-11-23,19:30,Leon,Tijuana,3,0,FALSE,,,
2016/17,Apertura,17,2016-11-23,21:30,UNAM,UANL,2,2,FALSE,,,
2016/17,Apertura,17,2016-11-24,19:30,Necaxa,Pachuca,2,1,FALSE,,,
2016/17,Apertura,17,2016-11-24,21:30,America,Guadalajara,1,1,FALSE,,,
2016/17,Apertura,17,2016-11-26,19:00,UANL,UNAM,5,0,FALSE,,,
2016/17,Apertura,17,2016-11-26,21:00,Tijuana,Leon,3,2,FALSE,,,
2016/17,Apertura,17,2016-11-27,18:06,Guadalajara,America,0,1,FALSE,,,
2016/17,Apertura,17,2016-11-27,20:06,Pachuca,Necaxa,0,0,FALSE,,,
2016/17,Apertura,17,2016-11-30,20:36,Leon,UANL,0,1,FALSE,,,
2016/17,Apertura,17,2016-12-01,21:00,Necaxa,America,1,1,FALSE,,,
2016/17,Apertura,17,2016-12-03,19:00,UANL,Leon,2,1,FALSE,,,
2016/17,Apertura,17,2016-12-04,20:00,America,Necaxa,2,0,FALSE,,,
2016/17,Apertura,17,2016-12-22,21:00,America,UANL,1,1,FALSE,,,
2016/17,Apertura,17,2016-12-25,18:30,UANL,America,0,0,TRUE,3,0,
2016/17,Clausura,1,2017-01-06,21:00,CD Veracruz,Querétaro,1,0,FALSE,,,
2016/17,Clausura,1,2017-01-07,17:00,Cruz Azul,Necaxa,1,0,FALSE,,,
2016/17,Clausura,1,2017-01-07,19:00,Monarcas Morelia,Tijuana,2,0,FALSE,,,
2016/17,Clausura,1,2017-01-07,,UANL,Santos Laguna,0,0,FALSE,,,
2016/17,Clausura,1,2017-01-07,19:06,Leon,Pachuca,2,4,FALSE,,,
2016/17,Clausura,1,2017-01-07,21:06,Guadalajara,UNAM,2,1,FALSE,,,
2016/17,Clausura,1,2017-01-08,12:00,Toluca,Atlas,4,1,FALSE,,,
2016/17,Clausura,1,2017-01-08,18:00,Puebla,Monterrey,2,3,FALSE,,,
2016/17,Clausura,1,2017-02-07,20:00,Chiapas FC,America,2,0,FALSE,,,
2016/17,Clausura,2,2017-01-13,21:00,Tijuana,Puebla,6,2,FALSE,,,
2016/17,Clausura,2,2017-01-14,17:00,Querétaro,Monarcas Morelia,0,0,FALSE,,,
2016/17,Clausura,2,2017-01-14,19:00,Atlas,UANL,2,0,FALSE,,,
2016/17,Clausura,2,2017-01-14,,Monterrey,Guadalajara,2,2,FALSE,,,
2016/17,Clausura,2,2017-01-14,19:06,Pachuca,Chiapas FC,1,0,FALSE,,,
2016/17,Clausura,2,2017-01-14,21:00,Necaxa,Leon,0,1,FALSE,,,
2016/17,Clausura,2,2017-01-15,12:00,UNAM,Cruz Azul,1,0,FALSE,,,
2016/17,Clausura,2,2017-01-15,16:00,Toluca,America,2,1,FALSE,,,
2016/17,Clausura,2,2017-01-15,18:00,Santos Laguna,CD Veracruz,2,1,FALSE,,,
2016/17,Clausura,3,2017-01-20,21:00,CD Veracruz,Atlas,1,0,FALSE,,,
2016/17,Clausura,3,2017-01-21,17:00,Cruz Azul,Monterrey,2,2,FALSE,,,
2016/17,Clausura,3,2017-01-21,19:00,UANL,America,4,2,FALSE,,,
2016/17,Clausura,3,2017-01-21,,Monarcas Morelia,Santos Laguna,1,1,FALSE,,,
2016/17,Clausura,3,2017-01-21,19:06,Leon,UNAM,0,1,FALSE,,,
2016/17,Clausura,3,2017-01-21,21:00,Necaxa,Pachuca,1,0,FALSE,,,
2016/17,Clausura,3,2017-01-21,21:06,Guadalajara,Tijuana,0,1,FALSE,,,
2016/17,Clausura,3,2017-01-22,12:00,Toluca,Chiapas FC,0,1,FALSE,,,
2016/17,Clausura,3,2017-01-22,18:00,Puebla,Querétaro,0,0,FALSE,,,
2016/17,Clausura,4,2017-01-27,21:00,Tijuana,Cruz Azul,1,0,FALSE,,,
2016/17,Clausura,4,2017-01-28,17:00,Querétaro,Guadalajara,0,1,FALSE,,,
2016/17,Clausura,4,2017-01-28,19:00,Atlas,Monarcas Morelia,3,1,FALSE,,,
2016/17,Clausura,4,2017-01-28,,Monterrey,Leon,0,0,FALSE,,,
2016/17,Clausura,4,2017-01-28,19:06,Pachuca,Toluca,0,0,FALSE,,,
2016/17,Clausura,4,2017-01-28,21:00,America,CD Veracruz,1,0,FALSE,,,
2016/17,Clausura,4,2017-01-29,12:00,UNAM,Necaxa,3,1,FALSE,,,
2016/17,Clausura,4,2017-01-29,17:00,Chiapas FC,UANL,1,0,FALSE,,,
2016/17,Clausura,4,2017-01-29,18:00,Santos Laguna,Puebla,2,0,FALSE,,,
2016/17,Clausura,5,2017-02-03,19:30,Puebla,Atlas,1,1,FALSE,,,
2016/17,Clausura,5,2017-02-03,21:30,CD Veracruz,Chiapas FC,2,0,FALSE,,,
2016/17,Clausura,5,2017-02-04,17:00,Cruz Azul,Querétaro,1,1,FALSE,,,
2016/17,Clausura,5,2017-02-04,19:00,Monarcas Morelia,America,0,2,FALSE,,,
2016/17,Clausura,5,2017-02-04,,UANL,Toluca,0,1,FALSE,,,
2016/17,Clausura,5,2017-02-04,19:06,Leon,Tijuana,2,4,FALSE,,,
2016/17,Clausura,5,2017-02-04,21:00,Necaxa,Monterrey,1,1,FALSE,,,
2016/17,Clausura,5,2017-02-05,12:00,UNAM,Pachuca,1,1,FALSE,,,
2016/17,Clausura,5,2017-02-05,16:00,Guadalajara,Santos Laguna,1,1,FALSE,,,
2016/17,Clausura,6,2017-02-10,21:00,Tijuana,Necaxa,1,2,FALSE,,,
2016/17,Clausura,6,2017-02-11,17:00,Querétaro,Leon,2,1,FALSE,,,
2016/17,Clausura,6,2017-02-11,19:00,Atlas,Guadalajara,1,2,FALSE,,,
2016/17,Clausura,6,2017-02-11,,Monterrey,UNAM,2,0,FALSE,,,
2016/17,Clausura,6,2017-02-11,19:06,Pachuca,UANL,1,0,FALSE,,,
2016/17,Clausura,6,2017-02-11,21:00,America,Puebla,0,0,FALSE,,,
2016/17,Clausura,6,2017-02-12,12:00,Toluca,CD Veracruz,1,0,FALSE,,,
2016/17,Clausura,6,2017-02-12,17:00,Chiapas FC,Monarcas Morelia,1,2,FALSE,,,
2016/17,Clausura,6,2017-02-12,18:00,Santos Laguna,Cruz Azul,2,2,FALSE,,,
2016/17,Clausura,7,2017-02-17,21:00,CD Veracruz,UANL,0,3,FALSE,,,
2016/17,Clausura,7,2017-02-18,17:00,Cruz Azul,Atlas,0,1,FALSE,,,
2016/17,Clausura,7,2017-02-18,19:00,Monterrey,Pachuca,1,0,FALSE,,,
2016/17,Clausura,7,2017-02-18,,Monarcas Morelia,Toluca,1,2,FALSE,,,
2016/17,Clausura,7,2017-02-18,19:06,Leon,Santos Laguna,2,2,FALSE,,,
2016/17,Clausura,7,2017-02-18,21:00,Necaxa,Querétaro,1,4,FALSE,,,
2016/17,Clausura,7,2017-02-18,21:06,Guadalajara,America,1,0,FALSE,,,
2016/17,Clausura,7,2017-02-19,12:00,UNAM,Tijuana,3,3,FALSE,,,
2016/17,Clausura,7,2017-02-19,16:00,Puebla,Chiapas FC,3,0,FALSE,,,
2016/17,Clausura,8,2017-02-24,21:00,Tijuana,Monterrey,2,0,FALSE,,,
2016/17,Clausura,8,2017-02-25,17:00,Querétaro,UNAM,4,3,FALSE,,,
2016/17,Clausura,8,2017-02-25,19:00,UANL,Monarcas Morelia,1,1,FALSE,,,
2016/17,Clausura,8,2017-02-25,,Atlas,Leon,2,0,FALSE,,,
2016/17,Clausura,8,2017-02-25,19:06,Pachuca,CD Veracruz,1,0,FALSE,,,
2016/17,Clausura,8,2017-02-25,21:00,America,Cruz Azul,2,0,FALSE,,,
2016/17,Clausura,8,2017-02-26,12:00,Toluca,Puebla,1,3,FALSE,,,
2016/17,Clausura,8,2017-02-26,17:00,Chiapas FC,Guadalajara,4,3,FALSE,,,
2016/17,Clausura,8,2017-02-26,18:00,Santos Laguna,Necaxa,2,2,FALSE,,,
2016/17,Clausura,9,2017-03-03,21:00,Tijuana,Pachuca,2,3,FALSE,,,
2016/17,Clausura,9,2017-03-04,17:00,Cruz Azul,Chiapas FC,2,0,FALSE,,,
2016/17,Clausura,9,2017-03-04,19:00,Monarcas Morelia,CD Veracruz,1,0,FALSE,,,
2016/17,Clausura,9,2017-03-04,,Monterrey,Querétaro,4,1,FALSE,,,
2016/17,Clausura,9,2017-03-04,19:06,Leon,America,1,1,FALSE,,,
2016/17,Clausura,9,2017-03-04,21:00,Necaxa,Atlas,1,1,FALSE,,,
2016/17,Clausura,9,2017-03-04,21:06,Guadalajara,Toluca,2,0,FALSE,,,
2016/17,Clausura,9,2017-03-05,12:00,UNAM,Santos Laguna,2,1,FALSE,,,
2016/17,Clausura,9,2017-03-05,,Puebla,UANL,0,2,FALSE,,,
2016/17,Clausura,10,2017-04-11,19:00,Chiapas FC,Leon,0,0,FALSE,,,
2016/17,Clausura,10,2017-04-11,21:00,CD Veracruz,Puebla,3,2,FALSE,,,
2016/17,Clausura,10,2017-04-11,,UANL,Guadalajara,3,0,FALSE,,,
2016/17,Clausura,10,2017-04-12,19:00,Querétaro,Tijuana,0,1,FALSE,,,
2016/17,Clausura,10,2017-04-12,19:30,Santos Laguna,Monterrey,2,2,FALSE,,,
2016/17,Clausura,10,2017-04-12,21:00,America,Necaxa,1,0,FALSE,,,
2016/17,Clausura,10,2017-04-12,21:06,Pachuca,Monarcas Morelia,0,0,FALSE,,,
2016/17,Clausura,10,2017-04-12,21:30,Atlas,UNAM,1,1,FALSE,,,
2016/17,Clausura,10,2017-04-13,21:00,Toluca,Cruz Azul,0,2,FALSE,,,
2016/17,Clausura,11,2017-03-17,21:00,Tijuana,Santos Laguna,1,1,FALSE,,,
2016/17,Clausura,11,2017-03-18,17:00,Cruz Azul,UANL,0,0,FALSE,,,
2016/17,Clausura,11,2017-03-18,,Querétaro,Pachuca,3,0,FALSE,,,
2016/17,Clausura,11,2017-03-18,19:00,Monterrey,Atlas,2,0,FALSE,,,
2016/17,Clausura,11,2017-03-18,19:06,Leon,Toluca,2,3,FALSE,,,
2016/17,Clausura,11,2017-03-18,21:00,Necaxa,Chiapas FC,2,2,FALSE,,,
2016/17,Clausura,11,2017-03-18,21:06,Guadalajara,CD Veracruz,2,0,FALSE,,,
2016/17,Clausura,11,2017-03-19,12:00,UNAM,America,2,3,FALSE,,,
2016/17,Clausura,11,2017-03-19,18:00,Puebla,Monarcas Morelia,0,1,FALSE,,,
2016/17,Clausura,12,2017-03-31,21:00,CD Veracruz,Cruz Azul,3,1,FALSE,,,
2016/17,Clausura,12,2017-04-01,17:00,Chiapas FC,UNAM,0,3,FALSE,,,
2016/17,Clausura,12,2017-04-01,19:00,Atlas,Tijuana,3,3,FALSE,,,
2016/17,Clausura,12,2017-04-01,,UANL,Leon,0,1,FALSE,,,
2016/17,Clausura,12,2017-04-01,,Monarcas Morelia,Guadalajara,0,0,FALSE,,,
2016/17,Clausura,12,2017-04-01,19:06,Pachuca,Puebla,0,0,FALSE,,,
2016/17,Clausura,12,2017-04-01,21:00,America,Monterrey,1,0,FALSE,,,
2016/17,Clausura,12,2017-04-02,12:00,Toluca,Necaxa,2,0,FALSE,,,
2016/17,Clausura,12,2017-04-02,18:00,Santos Laguna,Querétaro,1,0,FALSE,,,
2016/17,Clausura,13,2017-04-07,21:00,Tijuana,America,0,0,FALSE,,,
2016/17,Clausura,13,2017-04-08,17:00,Cruz Azul,Monarcas Morelia,1,1,FALSE,,,
2016/17,Clausura,13,2017-04-08,,Querétaro,Atlas,1,4,FALSE,,,
2016/17,Clausura,13,2017-04-08,19:00,Monterrey,Chiapas FC,4,1,FALSE,,,
2016/17,Clausura,13,2017-04-08,19:06,Leon,CD Veracruz,4,0,FALSE,,,
2016/17,Clausura,13,2017-04-08,21:00,Necaxa,UANL,1,1,FALSE,,,
2016/17,Clausura,13,2017-04-08,21:06,Guadalajara,Puebla,3,2,FALSE,,,
2016/17,Clausura,13,2017-04-09,12:00,UNAM,Toluca,0,1,FALSE,,,
2016/17,Clausura,13,2017-04-09,18:00,Santos Laguna,Pachuca,1,0,FALSE,,,
2016/17,Clausura,14,2017-04-15,17:00,Chiapas FC,Tijuana,1,2,FALSE,,,
2016/17,Clausura,14,2017-04-15,19:00,CD Veracruz,Necaxa,0,1,FALSE,,,
2016/17,Clausura,14,2017-04-15,,Monarcas Morelia,Leon,1,2,FALSE,,,
2016/17,Clausura,14,2017-04-15,,UANL,UNAM,4,0,FALSE,,,
2016/17,Clausura,14,2017-04-15,,Atlas,Santos Laguna,1,1,FALSE,,,
2016/17,Clausura,14,2017-04-15,19:06,Pachuca,Guadalajara,0,0,FALSE,,,
2016/17,Clausura,14,2017-04-15,21:00,America,Querétaro,1,0,FALSE,,,
2016/17,Clausura,14,2017-04-16,12:00,Toluca,Monterrey,1,1,FALSE,,,
2016/17,Clausura,14,2017-04-16,18:00,Puebla,Cruz Azul,2,1,FALSE,,,
2016/17,Clausura,15,2017-04-21,21:00,Tijuana,Toluca,2,0,FALSE,,,
2016/17,Clausura,15,2017-04-22,17:00,Querétaro,Chiapas FC,2,2,FALSE,,,
2016/17,Clausura,15,2017-04-22,,Cruz Azul,Guadalajara,2,1,FALSE,,,
2016/17,Clausura,15,2017-04-22,19:00,Monterrey,UANL,1,0,FALSE,,,
2016/17,Clausura,15,2017-04-22,,Atlas,Pachuca,1,0,FALSE,,,
2016/17,Clausura,15,2017-04-22,19:06,Leon,Puebla,1,0,FALSE,,,
2016/17,Clausura,15,2017-04-22,21:00,Necaxa,Monarcas Morelia,2,1,FALSE,,,
2016/17,Clausura,15,2017-04-23,12:00,UNAM,CD Veracruz,0,2,FALSE,,,
2016/17,Clausura,15,2017-04-23,19:00,Santos Laguna,America,2,1,FALSE,,,
2016/17,Clausura,16,2017-04-28,20:30,CD Veracruz,Monterrey,1,0,FALSE,,,
2016/17,Clausura,16,2017-04-29,17:00,Chiapas FC,Santos Laguna,2,2,FALSE,,,
2016/17,Clausura,16,2017-04-29,19:00,UANL,Tijuana,3,0,FALSE,,,
2016/17,Clausura,16,2017-04-29,,Monarcas Morelia,UNAM,4,0,FALSE,,,
2016/17,Clausura,16,2017-04-29,19:06,Pachuca,Cruz Azul,2,2,FALSE,,,
2016/17,Clausura,16,2017-04-29,,Guadalajara,Leon,1,1,FALSE,,,
2016/17,Clausura,16,2017-04-29,21:00,America,Atlas,1,2,FALSE,,,
2016/17,Clausura,16,2017-04-30,12:00,Toluca,Querétaro,1,2,FALSE,,,
2016/17,Clausura,16,2017-04-30,18:00,Puebla,Necaxa,0,1,FALSE,,,
2016/17,Clausura,17,2017-05-06,17:00,Querétaro,UANL,1,5,FALSE,,,
2016/17,Clausura,17,2017-05-06,19:06,Leon,Cruz Azul,1,2,FALSE,,,
2016/17,Clausura,17,2017-05-06,21:00,Tijuana,CD Veracruz,1,0,FALSE,,,
2016/17,Clausura,17,2017-05-06,,Monterrey,Monarcas Morelia,1,2,FALSE,,,
2016/17,Clausura,17,2017-05-06,,Atlas,Chiapas FC,0,1,FALSE,,,
2016/17,Clausura,17,2017-05-06,,America,Pachuca,2,3,FALSE,,,
2016/17,Clausura,17,2017-05-06,,Necaxa,Guadalajara,0,0,FALSE,,,
2016/17,Clausura,17,2017-05-07,12:00,UNAM,Puebla,0,1,FALSE,,,
2016/17,Clausura,17,2017-05-07,18:00,Santos Laguna,Toluca,2,2,FALSE,,,
2016/17,Clausura,17,2017-05-10,19:30,UANL,Monterrey,4,1,FALSE,,,
2016/17,Clausura,17,2017-05-10,21:30,Santos Laguna,Toluca,1,4,FALSE,,,
2016/17,Clausura,17,2017-05-11,19:30,Monarcas Morelia,Tijuana,1,0,FALSE,,,
2016/17,Clausura,17,2017-05-11,21:30,Atlas,Guadalajara,1,0,FALSE,,,
2016/17,Clausura,17,2017-05-13,19:00,Monterrey,UANL,0,2,FALSE,,,
2016/17,Clausura,17,2017-05-13,21:00,Toluca,Santos Laguna,1,3,FALSE,,,
2016/17,Clausura,17,2017-05-14,18:00,Guadalajara,Atlas,1,0,FALSE,,,
2016/17,Clausura,17,2017-05-14,20:00,Tijuana,Monarcas Morelia,2,0,FALSE,,,
2016/17,Clausura,17,2017-05-18,19:30,Toluca,Guadalajara,1,1,FALSE,,,
2016/17,Clausura,17,2017-05-18,21:30,UANL,Tijuana,2,0,FALSE,,,
2016/17,Clausura,17,2017-05-21,18:06,Guadalajara,Toluca,1,1,FALSE,,,
2016/17,Clausura,17,2017-05-21,20:00,Tijuana,UANL,0,2,FALSE,,,
2016/17,Clausura,17,2017-05-25,21:00,UANL,Guadalajara,2,2,FALSE,,,
2016/17,Clausura,17,2017-05-28,18:06,Guadalajara,UANL,2,1,FALSE,,,
2017/18,Apertura,1,2017-07-21,19:00,Monarcas Morelia,Monterrey,0,0,FALSE,,,
2017/18,Apertura,1,2017-07-21,21:00,Tijuana,Cruz Azul,0,2,FALSE,,,
2017/18,Apertura,1,2017-07-22,17:00,Lobos BUAP,Santos Laguna,2,2,FALSE,,,
2017/18,Apertura,1,2017-07-22,,America,Querétaro,0,1,FALSE,,,
2017/18,Apertura,1,2017-07-22,19:00,UANL,Puebla,5,0,FALSE,,,
2017/18,Apertura,1,2017-07-22,19:06,Leon,Atlas,0,3,FALSE,,,
2017/18,Apertura,1,2017-07-22,21:06,Guadalajara,Toluca,0,0,FALSE,,,
2017/18,Apertura,1,2017-07-23,12:00,UNAM,Pachuca,1,0,FALSE,,,
2017/18,Apertura,1,2017-07-23,18:49,CD Veracruz,Necaxa,0,2,FALSE,,,
2017/18,Apertura,2,2017-07-28,19:00,Puebla,Monarcas Morelia,1,1,FALSE,,,
2017/18,Apertura,2,2017-07-28,21:00,Atlas,UNAM,2,1,FALSE,,,
2017/18,Apertura,2,2017-07-29,17:00,Querétaro,Lobos BUAP,0,4,FALSE,,,
2017/18,Apertura,2,2017-07-29,,Cruz Azul,Guadalajara,1,1,FALSE,,,
2017/18,Apertura,2,2017-07-29,19:00,Monterrey,CD Veracruz,1,0,FALSE,,,
2017/18,Apertura,2,2017-07-29,19:06,Pachuca,America,0,2,FALSE,,,
2017/18,Apertura,2,2017-07-29,21:00,Necaxa,Tijuana,1,0,FALSE,,,
2017/18,Apertura,2,2017-07-30,12:00,Toluca,Leon,3,1,FALSE,,,
2017/18,Apertura,2,2017-07-30,18:30,Santos Laguna,UANL,1,1,FALSE,,,
2017/18,Apertura,3,2017-08-04,19:00,Monarcas Morelia,Santos Laguna,1,1,FALSE,,,
2017/18,Apertura,3,2017-08-04,21:00,Tijuana,Monterrey,0,3,FALSE,,,
2017/18,Apertura,3,2017-08-05,17:00,Lobos BUAP,Pachuca,3,2,FALSE,,,
2017/18,Apertura,3,2017-08-05,19:00,UANL,Querétaro,1,1,FALSE,,,
2017/18,Apertura,3,2017-08-05,19:06,Leon,Cruz Azul,2,2,FALSE,,,
2017/18,Apertura,3,2017-08-05,21:00,America,UNAM,2,1,FALSE,,,
2017/18,Apertura,3,2017-08-05,21:06,Guadalajara,Necaxa,2,2,FALSE,,,
2017/18,Apertura,3,2017-08-06,12:00,Toluca,Atlas,3,2,FALSE,,,
2017/18,Apertura,3,2017-08-06,18:30,CD Veracruz,Puebla,2,0,FALSE,,,
2017/18,Apertura,4,2017-08-11,19:00,Puebla,Tijuana,1,1,FALSE,,,
2017/18,Apertura,4,2017-08-11,21:00,Atlas,America,0,1,FALSE,,,
2017/18,Apertura,4,2017-08-12,17:00,Querétaro,Monarcas Morelia,2,1,FALSE,,,
2017/18,Apertura,4,2017-08-12,,Cruz Azul,Toluca,0,0,FALSE,,,
2017/18,Apertura,4,2017-08-12,19:00,Monterrey,Guadalajara,4,1,FALSE,,,
2017/18,Apertura,4,2017-08-12,19:06,Pachuca,UANL,2,1,FALSE,,,
2017/18,Apertura,4,2017-08-12,21:00,Necaxa,Leon,0,3,FALSE,,,
2017/18,Apertura,4,2017-08-13,12:00,UNAM,Lobos BUAP,2,0,FALSE,,,
2017/18,Apertura,4,2017-08-13,18:30,Santos Laguna,CD Veracruz,2,3,FALSE,,,
2017/18,Apertura,5,2017-08-18,19:00,Monarcas Morelia,Pachuca,1,2,FALSE,,,
2017/18,Apertura,5,2017-08-18,21:00,Tijuana,Santos Laguna,2,0,FALSE,,,
2017/18,Apertura,5,2017-08-19,17:00,Lobos BUAP,America,2,3,FALSE,,,
2017/18,Apertura,5,2017-08-19,,Cruz Azul,Atlas,2,1,FALSE,,,
2017/18,Apertura,5,2017-08-19,19:00,CD Veracruz,Querétaro,1,1,FALSE,,,
2017/18,Apertura,5,2017-08-19,,UANL,UNAM,2,0,FALSE,,,
2017/18,Apertura,5,2017-08-19,19:06,Leon,Monterrey,1,2,FALSE,,,
2017/18,Apertura,5,2017-08-19,21:06,Guadalajara,Puebla,0,1,FALSE,,,
2017/18,Apertura,5,2017-08-20,12:00,Toluca,Necaxa,0,0,FALSE,,,
2017/18,Apertura,6,2017-08-22,19:06,Pachuca,CD Veracruz,4,1,FALSE,,,
2017/18,Apertura,6,2017-08-22,20:30,Atlas,Lobos BUAP,1,1,FALSE,,,
2017/18,Apertura,6,2017-08-22,21:00,UNAM,Monarcas Morelia,1,2,FALSE,,,
2017/18,Apertura,6,2017-08-22,,Querétaro,Tijuana,1,3,FALSE,,,
2017/18,Apertura,6,2017-08-23,19:00,America,UANL,2,2,FALSE,,,
2017/18,Apertura,6,2017-08-23,20:00,Puebla,Leon,0,1,FALSE,,,
2017/18,Apertura,6,2017-08-23,20:30,Santos Laguna,Guadalajara,1,1,FALSE,,,
2017/18,Apertura,6,2017-08-23,21:00,Monterrey,Toluca,4,1,FALSE,,,
2017/18,Apertura,6,2017-08-23,,Necaxa,Cruz Azul,1,1,FALSE,,,
2017/18,Apertura,7,2017-08-25,21:00,Tijuana,Pachuca,2,1,FALSE,,,
2017/18,Apertura,7,2017-08-26,17:00,Cruz Azul,Monterrey,1,1,FALSE,,,
2017/18,Apertura,7,2017-08-26,19:00,UANL,Lobos BUAP,3,2,FALSE,,,
2017/18,Apertura,7,2017-08-26,19:06,Leon,Santos Laguna,1,2,FALSE,,,
2017/18,Apertura,7,2017-08-26,20:00,Monarcas Morelia,America,2,0,FALSE,,,
2017/18,Apertura,7,2017-08-26,21:00,Necaxa,Atlas,2,1,FALSE,,,
2017/18,Apertura,7,2017-08-26,21:06,Guadalajara,Querétaro,0,0,FALSE,,,
2017/18,Apertura,7,2017-08-27,12:00,Toluca,Puebla,2,1,FALSE,,,
2017/18,Apertura,7,2017-08-27,18:05,CD Veracruz,UNAM,1,0,FALSE,,,
2017/18,Apertura,8,2017-09-08,19:00,Puebla,Cruz Azul,0,0,FALSE,,,
2017/18,Apertura,8,2017-09-09,17:00,Lobos BUAP,Monarcas Morelia,1,3,FALSE,,,
2017/18,Apertura,8,2017-09-09,,Querétaro,Leon,1,2,FALSE,,,
2017/18,Apertura,8,2017-09-09,19:00,Monterrey,Necaxa,1,0,FALSE,,,
2017/18,Apertura,8,2017-09-09,19:06,Pachuca,Guadalajara,1,3,FALSE,,,
2017/18,Apertura,8,2017-09-09,21:00,America,CD Veracruz,2,0,FALSE,,,
2017/18,Apertura,8,2017-09-10,12:00,UNAM,Tijuana,0,2,FALSE,,,
2017/18,Apertura,8,2017-09-10,18:30,Santos Laguna,Toluca,0,0,FALSE,,,
2017/18,Apertura,8,2017-11-01,21:00,Atlas,UANL,1,1,FALSE,,,
2017/18,Apertura,9,2017-09-15,19:00,Monarcas Morelia,UANL,3,3,FALSE,,,
2017/18,Apertura,9,2017-09-15,21:00,Tijuana,America,1,1,FALSE,,,
2017/18,Apertura,9,2017-09-16,17:00,Cruz Azul,Santos Laguna,2,1,FALSE,,,
2017/18,Apertura,9,2017-09-16,19:00,Monterrey,Atlas,2,1,FALSE,,,
2017/18,Apertura,9,2017-09-16,19:06,Leon,Pachuca,3,1,FALSE,,,
2017/18,Apertura,9,2017-09-16,21:00,Necaxa,Puebla,1,1,FALSE,,,
2017/18,Apertura,9,2017-09-16,21:06,Guadalajara,UNAM,1,1,FALSE,,,
2017/18,Apertura,9,2017-09-17,12:00,Toluca,Querétaro,3,2,FALSE,,,
2017/18,Apertura,9,2017-09-17,18:30,CD Veracruz,Lobos BUAP,0,1,FALSE,,,
2017/18,Apertura,10,2017-10-17,19:00,Lobos BUAP,Tijuana,1,2,FALSE,,,
2017/18,Apertura,10,2017-10-17,20:00,Querétaro,Cruz Azul,1,2,FALSE,,,
2017/18,Apertura,10,2017-10-17,20:45,UANL,CD Veracruz,1,0,FALSE,,,
2017/18,Apertura,10,2017-10-17,21:00,UNAM,Leon,2,0,FALSE,,,
2017/18,Apertura,10,2017-10-17,21:30,Atlas,Monarcas Morelia,0,1,FALSE,,,
2017/18,Apertura,10,2017-10-18,19:00,Santos Laguna,Necaxa,3,2,FALSE,,,
2017/18,Apertura,10,2017-10-18,19:06,Pachuca,Toluca,2,2,FALSE,,,
2017/18,Apertura,10,2017-10-18,21:00,Puebla,Monterrey,2,0,FALSE,,,
2017/18,Apertura,10,2017-10-18,,America,Guadalajara,2,1,FALSE,,,
2017/18,Apertura,11,2017-09-26,19:06,Guadalajara,Lobos BUAP,1,2,FALSE,,,
2017/18,Apertura,11,2017-09-26,20:00,Puebla,Atlas,1,2,FALSE,,,
2017/18,Apertura,11,2017-09-26,21:30,CD Veracruz,Monarcas Morelia,2,1,FALSE,,,
2017/18,Apertura,11,2017-09-26,23:15,Tijuana,UANL,0,1,FALSE,,,
2017/18,Apertura,11,2017-09-27,19:06,Leon,America,2,1,FALSE,,,
2017/18,Apertura,11,2017-09-27,21:00,Toluca,UNAM,2,1,FALSE,,,
2017/18,Apertura,11,2017-09-27,,Necaxa,Querétaro,1,0,FALSE,,,
2017/18,Apertura,11,2017-09-27,21:06,Pachuca,Cruz Azul,4,0,FALSE,,,
2017/18,Apertura,11,2017-11-09,21:00,Monterrey,Santos Laguna,1,1,FALSE,,,
2017/18,Apertura,12,2017-09-29,19:00,Monarcas Morelia,Tijuana,3,0,FALSE,,,
2017/18,Apertura,12,2017-09-29,21:00,Atlas,CD Veracruz,2,0,FALSE,,,
2017/18,Apertura,12,2017-09-30,17:00,Lobos BUAP,Leon,0,3,FALSE,,,
2017/18,Apertura,12,2017-09-30,,Querétaro,Monterrey,2,2,FALSE,,,
2017/18,Apertura,12,2017-09-30,19:00,UANL,Guadalajara,1,0,FALSE,,,
2017/18,Apertura,12,2017-09-30,19:06,Pachuca,Necaxa,0,0,FALSE,,,
2017/18,Apertura,12,2017-09-30,21:00,Toluca,America,1,2,FALSE,,,
2017/18,Apertura,12,2017-10-01,16:05,UNAM,Cruz Azul,1,4,FALSE,,,
2017/18,Apertura,12,2017-10-01,18:30,Santos Laguna,Puebla,0,0,FALSE,,,
2017/18,Apertura,13,2017-10-11,21:00,Toluca,Lobos BUAP,3,1,FALSE,,,
2017/18,Apertura,13,2017-10-13,19:00,Puebla,Querétaro,2,2,FALSE,,,
2017/18,Apertura,13,2017-10-13,21:00,Tijuana,CD Veracruz,0,0,FALSE,,,
2017/18,Apertura,13,2017-10-14,17:00,Cruz Azul,America,1,3,FALSE,,,
2017/18,Apertura,13,2017-10-14,19:00,Monterrey,Pachuca,2,0,FALSE,,,
2017/18,Apertura,13,2017-10-14,19:06,Leon,UANL,1,0,FALSE,,,
2017/18,Apertura,13,2017-10-14,21:00,Necaxa,UNAM,0,0,FALSE,,,
2017/18,Apertura,13,2017-10-14,21:06,Guadalajara,Monarcas Morelia,1,2,FALSE,,,
2017/18,Apertura,13,2017-10-15,18:30,Santos Laguna,Atlas,0,1,FALSE,,,
2017/18,Apertura,14,2017-10-20,19:00,Monarcas Morelia,Leon,0,0,FALSE,,,
2017/18,Apertura,14,2017-10-20,21:00,Atlas,Tijuana,1,0,FALSE,,,
2017/18,Apertura,14,2017-10-21,17:00,Lobos BUAP,Cruz Azul,3,0,FALSE,,,
2017/18,Apertura,14,2017-10-21,,Querétaro,Santos Laguna,1,2,FALSE,,,
2017/18,Apertura,14,2017-10-21,19:00,UANL,Toluca,3,0,FALSE,,,
2017/18,Apertura,14,2017-10-21,19:06,Pachuca,Puebla,1,0,FALSE,,,
2017/18,Apertura,14,2017-10-21,21:00,America,Necaxa,0,1,FALSE,,,
2017/18,Apertura,14,2017-10-22,12:00,UNAM,Monterrey,0,1,FALSE,,,
2017/18,Apertura,14,2017-10-22,19:15,CD Veracruz,Guadalajara,2,3,FALSE,,,
2017/18,Apertura,15,2017-10-27,19:00,Puebla,UNAM,3,0,FALSE,,,
2017/18,Apertura,15,2017-10-28,17:00,Cruz Azul,UANL,1,2,FALSE,,,
2017/18,Apertura,15,2017-10-28,,Querétaro,Atlas,2,2,FALSE,,,
2017/18,Apertura,15,2017-10-28,19:00,Monterrey,America,2,0,FALSE,,,
2017/18,Apertura,15,2017-10-28,19:06,Leon,CD Veracruz,6,2,FALSE,,,
2017/18,Apertura,15,2017-10-28,21:00,Necaxa,Lobos BUAP,5,0,FALSE,,,
2017/18,Apertura,15,2017-10-28,21:06,Guadalajara,Tijuana,3,1,FALSE,,,
2017/18,Apertura,15,2017-10-29,12:00,Toluca,Monarcas Morelia,0,1,FALSE,,,
2017/18,Apertura,15,2017-10-29,19:15,Santos Laguna,Pachuca,2,2,FALSE,,,
2017/18,Apertura,16,2017-11-03,19:00,Monarcas Morelia,Cruz Azul,1,2,FALSE,,,
2017/18,Apertura,16,2017-11-03,21:00,Tijuana,Leon,2,1,FALSE,,,
2017/18,Apertura,16,2017-11-04,17:00,Lobos BUAP,Monterrey,2,1,FALSE,,,
2017/18,Apertura,16,2017-11-04,19:06,Pachuca,Querétaro,0,1,FALSE,,,
2017/18,Apertura,16,2017-11-04,21:00,America,Puebla,1,1,FALSE,,,
2017/18,Apertura,16,2017-11-04,21:06,Guadalajara,Atlas,1,2,FALSE,,,
2017/18,Apertura,16,2017-11-05,12:00,UNAM,Santos Laguna,2,2,FALSE,,,
2017/18,Apertura,16,2017-11-05,19:00,UANL,Necaxa,1,0,FALSE,,,
2017/18,Apertura,16,2017-11-05,19:15,CD Veracruz,Toluca,0,1,FALSE,,,
2017/18,Apertura,17,2017-11-17,19:00,Puebla,Lobos BUAP,0,1,FALSE,,,
2017/18,Apertura,17,2017-11-17,21:00,Atlas,Pachuca,1,1,FALSE,,,
2017/18,Apertura,17,2017-11-18,17:00,Cruz Azul,CD Veracruz,1,0,FALSE,,,
2017/18,Apertura,17,2017-11-18,,Querétaro,UNAM,1,1,FALSE,,,
2017/18,Apertura,17,2017-11-18,19:00,Monterrey,UANL,2,0,FALSE,,,
2017/18,Apertura,17,2017-11-18,19:06,Leon,Guadalajara,0,2,FALSE,,,
2017/18,Apertura,17,2017-11-18,21:00,Necaxa,Monarcas Morelia,1,2,FALSE,,,
2017/18,Apertura,17,2017-11-19,12:00,Toluca,Tijuana,3,1,FALSE,,,
2017/18,Apertura,17,2017-11-19,18:30,Santos Laguna,America,0,1,FALSE,,,
2017/18,Apertura,17,2017-11-22,19:30,Toluca,Monarcas Morelia,2,1,FALSE,,,
2017/18,Apertura,17,2017-11-22,21:36,Leon,UANL,1,1,FALSE,,,
2017/18,Apertura,17,2017-11-23,19:30,Cruz Azul,America,0,0,FALSE,,,
2017/18,Apertura,17,2017-11-23,21:30,Atlas,Monterrey,1,2,FALSE,,,
2017/18,Apertura,17,2017-11-25,19:00,UANL,Leon,1,1,FALSE,,,
2017/18,Apertura,17,2017-11-25,21:00,Monarcas Morelia,Toluca,2,1,FALSE,,,
2017/18,Apertura,17,2017-11-26,18:00,Monterrey,Atlas,4,1,FALSE,,,
2017/18,Apertura,17,2017-11-26,20:00,America,Cruz Azul,0,0,FALSE,,,
2017/18,Apertura,17,2017-11-29,21:00,America,UANL,0,1,FALSE,,,
2017/18,Apertura,17,2017-11-30,19:30,Monarcas Morelia,Monterrey,0,1,FALSE,,,
2017/18,Apertura,17,2017-12-02,19:00,UANL,America,3,0,FALSE,,,
2017/18,Apertura,17,2017-12-03,18:00,Monterrey,Monarcas Morelia,4,0,FALSE,,,
2017/18,Apertura,17,2017-12-07,20:00,UANL,Monterrey,1,1,FALSE,,,
2017/18,Apertura,17,2017-12-10,18:00,Monterrey,UANL,1,2,FALSE,,,
2017/18,Clausura,1,2018-01-05,19:00,Puebla,UANL,2,1,FALSE,,,
2017/18,Clausura,1,2018-01-05,21:00,Atlas,Leon,1,2,FALSE,,,
2017/18,Clausura,1,2018-01-06,17:00,Cruz Azul,Tijuana,0,0,FALSE,,,
2017/18,Clausura,1,2018-01-06,19:00,Monterrey,Monarcas Morelia,1,1,FALSE,,,
2017/18,Clausura,1,2018-01-06,19:06,Pachuca,UNAM,2,3,FALSE,,,
2017/18,Clausura,1,2018-01-06,21:00,Necaxa,CD Veracruz,0,0,FALSE,,,
2017/18,Clausura,1,2018-01-07,12:00,Toluca,Guadalajara,1,1,FALSE,,,
2017/18,Clausura,1,2018-01-07,18:00,Querétaro,America,0,1,FALSE,,,
2017/18,Clausura,1,2018-01-07,,Santos Laguna,Lobos BUAP,4,2,FALSE,,,
2017/18,Clausura,2,2018-01-12,21:00,Monarcas Morelia,Puebla,1,0,FALSE,,,
2017/18,Clausura,2,2018-01-12,,Tijuana,Necaxa,1,0,FALSE,,,
2017/18,Clausura,2,2018-01-13,17:00,Lobos BUAP,Querétaro,0,2,FALSE,,,
2017/18,Clausura,2,2018-01-13,,America,Pachuca,2,2,FALSE,,,
2017/18,Clausura,2,2018-01-13,19:00,UANL,Santos Laguna,2,1,FALSE,,,
2017/18,Clausura,2,2018-01-13,19:06,Leon,Toluca,3,1,FALSE,,,
2017/18,Clausura,2,2018-01-13,21:06,Guadalajara,Cruz Azul,1,3,FALSE,,,
2017/18,Clausura,2,2018-01-14,12:00,UNAM,Atlas,3,1,FALSE,,,
2017/18,Clausura,2,2018-01-14,18:00,CD Veracruz,Monterrey,0,2,FALSE,,,
2017/18,Clausura,3,2018-01-19,19:00,Puebla,CD Veracruz,2,0,FALSE,,,
2017/18,Clausura,3,2018-01-19,21:00,Atlas,Toluca,1,3,FALSE,,,
2017/18,Clausura,3,2018-01-20,17:00,Cruz Azul,Leon,0,0,FALSE,,,
2017/18,Clausura,3,2018-01-20,,Querétaro,UANL,0,0,FALSE,,,
2017/18,Clausura,3,2018-01-20,19:00,Monterrey,Tijuana,0,0,FALSE,,,
2017/18,Clausura,3,2018-01-20,19:06,Pachuca,Lobos BUAP,3,1,FALSE,,,
2017/18,Clausura,3,2018-01-20,21:00,Necaxa,Guadalajara,1,3,FALSE,,,
2017/18,Clausura,3,2018-01-21,12:00,UNAM,America,0,0,FALSE,,,
2017/18,Clausura,3,2018-01-21,18:00,Santos Laguna,Monarcas Morelia,1,0,FALSE,,,
2017/18,Clausura,4,2018-01-26,19:00,Monarcas Morelia,Querétaro,1,0,FALSE,,,
2017/18,Clausura,4,2018-01-26,21:00,Tijuana,Puebla,2,0,FALSE,,,
2017/18,Clausura,4,2018-01-27,17:00,Lobos BUAP,UNAM,1,1,FALSE,,,
2017/18,Clausura,4,2018-01-27,19:00,UANL,Pachuca,3,2,FALSE,,,
2017/18,Clausura,4,2018-01-27,19:06,Leon,Necaxa,0,4,FALSE,,,
2017/18,Clausura,4,2018-01-27,21:00,America,Atlas,1,0,FALSE,,,
2017/18,Clausura,4,2018-01-27,21:06,Guadalajara,Monterrey,1,2,FALSE,,,
2017/18,Clausura,4,2018-01-28,12:00,Toluca,Cruz Azul,1,1,FALSE,,,
2017/18,Clausura,4,2018-01-28,18:00,CD Veracruz,Santos Laguna,1,1,FALSE,,,
2017/18,Clausura,5,2018-02-02,19:00,Puebla,Guadalajara,2,0,FALSE,,,
2017/18,Clausura,5,2018-02-02,21:00,Atlas,Cruz Azul,2,1,FALSE,,,
2017/18,Clausura,5,2018-02-03,17:00,Querétaro,CD Veracruz,0,1,FALSE,,,
2017/18,Clausura,5,2018-02-03,19:00,Monterrey,Leon,5,1,FALSE,,,
2017/18,Clausura,5,2018-02-03,,Santos Laguna,Tijuana,0,0,FALSE,,,
2017/18,Clausura,5,2018-02-03,19:06,Pachuca,Monarcas Morelia,2,3,FALSE,,,
2017/18,Clausura,5,2018-02-03,21:00,America,Lobos BUAP,5,1,FALSE,,,
2017/18,Clausura,5,2018-02-03,,Necaxa,Toluca,0,0,FALSE,,,
2017/18,Clausura,5,2018-02-04,12:00,UNAM,UANL,2,0,FALSE,,,
2017/18,Clausura,6,2018-02-09,19:00,Monarcas Morelia,UNAM,1,2,FALSE,,,
2017/18,Clausura,6,2018-02-09,21:00,Tijuana,Querétaro,0,2,FALSE,,,
2017/18,Clausura,6,2018-02-10,17:00,Cruz Azul,Necaxa,0,2,FALSE,,,
2017/18,Clausura,6,2018-02-10,,Lobos BUAP,Atlas,3,1,FALSE,,,
2017/18,Clausura,6,2018-02-10,19:00,UANL,America,1,1,FALSE,,,
2017/18,Clausura,6,2018-02-10,19:06,Leon,Puebla,2,1,FALSE,,,
2017/18,Clausura,6,2018-02-10,21:06,Guadalajara,Santos Laguna,0,2,FALSE,,,
2017/18,Clausura,6,2018-02-11,12:00,Toluca,Monterrey,2,1,FALSE,,,
2017/18,Clausura,6,2018-02-11,18:00,CD Veracruz,Pachuca,0,1,FALSE,,,
2017/18,Clausura,7,2018-02-13,19:00,Atlas,Necaxa,1,1,FALSE,,,
2017/18,Clausura,7,2018-02-13,20:30,Lobos BUAP,UANL,0,0,FALSE,,,
2017/18,Clausura,7,2018-02-13,20:45,America,Monarcas Morelia,4,1,FALSE,,,
2017/18,Clausura,7,2018-02-14,19:00,Santos Laguna,Leon,5,1,FALSE,,,
2017/18,Clausura,7,2018-02-14,,Querétaro,Guadalajara,2,2,FALSE,,,
2017/18,Clausura,7,2018-02-14,20:45,Monterrey,Cruz Azul,2,2,FALSE,,,
2017/18,Clausura,7,2018-02-14,21:00,Puebla,Toluca,2,0,FALSE,,,
2017/18,Clausura,7,2018-02-14,,UNAM,CD Veracruz,1,2,FALSE,,,
2017/18,Clausura,7,2018-02-14,21:06,Pachuca,Tijuana,2,0,FALSE,,,
2017/18,Clausura,8,2018-02-16,19:00,Monarcas Morelia,Lobos BUAP,2,1,FALSE,,,
2017/18,Clausura,8,2018-02-17,17:00,Cruz Azul,Puebla,1,1,FALSE,,,
2017/18,Clausura,8,2018-02-17,19:00,UANL,Atlas,2,0,FALSE,,,
2017/18,Clausura,8,2018-02-17,19:06,Leon,Querétaro,1,1,FALSE,,,
2017/18,Clausura,8,2018-02-17,20:30,Tijuana,UNAM,4,1,FALSE,,,
2017/18,Clausura,8,2018-02-17,21:00,Necaxa,Monterrey,3,0,FALSE,,,
2017/18,Clausura,8,2018-02-17,21:06,Guadalajara,Pachuca,1,1,FALSE,,,
2017/18,Clausura,8,2018-02-18,12:00,Toluca,Santos Laguna,2,0,FALSE,,,
2017/18,Clausura,8,2018-02-18,18:00,CD Veracruz,America,1,1,FALSE,,,
2017/18,Clausura,9,2018-02-23,21:00,Puebla,Necaxa,1,1,FALSE,,,
2017/18,Clausura,9,2018-02-23,,Atlas,Monterrey,0,1,FALSE,,,
2017/18,Clausura,9,2018-02-24,17:00,Lobos BUAP,CD Veracruz,5,0,FALSE,,,
2017/18,Clausura,9,2018-02-24,,Querétaro,Toluca,0,2,FALSE,,,
2017/18,Clausura,9,2018-02-24,19:00,UANL,Monarcas Morelia,2,1,FALSE,,,
2017/18,Clausura,9,2018-02-24,19:06,Pachuca,Leon,2,1,FALSE,,,
2017/18,Clausura,9,2018-02-24,21:00,America,Tijuana,0,0,FALSE,,,
2017/18,Clausura,9,2018-02-25,12:00,UNAM,Guadalajara,1,1,FALSE,,,
2017/18,Clausura,9,2018-02-25,18:00,Santos Laguna,Cruz Azul,2,0,FALSE,,,
2017/18,Clausura,10,2018-03-02,21:00,Monarcas Morelia,Atlas,2,1,FALSE,,,
2017/18,Clausura,10,2018-03-02,,Tijuana,Lobos BUAP,3,1,FALSE,,,
2017/18,Clausura,10,2018-03-03,17:00,Cruz Azul,Querétaro,0,1,FALSE,,,
2017/18,Clausura,10,2018-03-03,19:00,Monterrey,Puebla,1,3,FALSE,,,
2017/18,Clausura,10,2018-03-03,19:06,Leon,UNAM,3,0,FALSE,,,
2017/18,Clausura,10,2018-03-03,21:00,Necaxa,Santos Laguna,1,2,FALSE,,,
2017/18,Clausura,10,2018-03-03,21:06,Guadalajara,America,1,1,FALSE,,,
2017/18,Clausura,10,2018-03-04,12:00,Toluca,Pachuca,2,1,FALSE,,,
2017/18,Clausura,10,2018-03-04,18:00,CD Veracruz,UANL,0,2,FALSE,,,
2017/18,Clausura,11,2018-03-09,19:00,Monarcas Morelia,CD Veracruz,2,0,FALSE,,,
2017/18,Clausura,11,2018-03-09,21:00,Atlas,Puebla,1,0,FALSE,,,
2017/18,Clausura,11,2018-03-10,17:00,Cruz Azul,Pachuca,5,0,FALSE,,,
2017/18,Clausura,11,2018-03-10,,Lobos BUAP,Guadalajara,0,1,FALSE,,,
2017/18,Clausura,11,2018-03-10,,Querétaro,Necaxa,1,1,FALSE,,,
2017/18,Clausura,11,2018-03-10,19:00,UANL,Tijuana,1,0,FALSE,,,
2017/18,Clausura,11,2018-03-10,21:00,America,Leon,2,0,FALSE,,,
2017/18,Clausura,11,2018-03-11,12:00,UNAM,Toluca,0,1,FALSE,,,
2017/18,Clausura,11,2018-03-11,18:00,Santos Laguna,Monterrey,3,2,FALSE,,,
2017/18,Clausura,12,2018-03-16,19:00,Puebla,Santos Laguna,0,1,FALSE,,,
2017/18,Clausura,12,2018-03-16,20:00,Tijuana,Monarcas Morelia,1,1,FALSE,,,
2017/18,Clausura,12,2018-03-17,17:00,Cruz Azul,UNAM,1,1,FALSE,,,
2017/18,Clausura,12,2018-03-17,19:00,Monterrey,Querétaro,3,1,FALSE,,,
2017/18,Clausura,12,2018-03-17,19:06,Leon,Lobos BUAP,2,2,FALSE,,,
2017/18,Clausura,12,2018-03-17,21:00,America,Toluca,1,2,FALSE,,,
2017/18,Clausura,12,2018-03-17,,Necaxa,Pachuca,1,1,FALSE,,,
2017/18,Clausura,12,2018-03-17,21:06,Guadalajara,UANL,0,0,FALSE,,,
2017/18,Clausura,12,2018-03-18,18:00,CD Veracruz,Atlas,3,1,FALSE,,,
2017/18,Clausura,13,2018-03-30,19:00,Monarcas Morelia,Guadalajara,1,2,FALSE,,,
2017/18,Clausura,13,2018-03-30,21:00,Atlas,Santos Laguna,3,2,FALSE,,,
2017/18,Clausura,13,2018-03-31,17:00,Lobos BUAP,Toluca,1,2,FALSE,,,
2017/18,Clausura,13,2018-03-31,,Querétaro,Puebla,2,1,FALSE,,,
2017/18,Clausura,13,2018-03-31,19:00,UANL,Leon,4,1,FALSE,,,
2017/18,Clausura,13,2018-03-31,19:06,Pachuca,Monterrey,1,2,FALSE,,,
2017/18,Clausura,13,2018-03-31,21:00,America,Cruz Azul,2,1,FALSE,,,
2017/18,Clausura,13,2018-04-01,12:00,UNAM,Necaxa,1,1,FALSE,,,
2017/18,Clausura,13,2018-04-01,18:00,CD Veracruz,Tijuana,1,0,FALSE,,,
2017/18,Clausura,14,2018-04-06,19:00,Puebla,Pachuca,2,6,FALSE,,,
2017/18,Clausura,14,2018-04-06,21:00,Tijuana,Atlas,2,2,FALSE,,,
2017/18,Clausura,14,2018-04-07,17:00,Cruz Azul,Lobos BUAP,1,0,FALSE,,,
2017/18,Clausura,14,2018-04-07,19:00,Monterrey,UNAM,2,1,FALSE,,,
2017/18,Clausura,14,2018-04-07,19:06,Leon,Monarcas Morelia,2,3,FALSE,,,
2017/18,Clausura,14,2018-04-07,21:00,Necaxa,America,1,1,FALSE,,,
2017/18,Clausura,14,2018-04-07,21:06,Guadalajara,CD Veracruz,0,1,FALSE,,,
2017/18,Clausura,14,2018-04-08,12:00,Toluca,UANL,1,0,FALSE,,,
2017/18,Clausura,14,2018-04-08,18:00,Santos Laguna,Querétaro,3,0,FALSE,,,
2017/18,Clausura,15,2018-04-13,21:00,Tijuana,Guadalajara,3,0,FALSE,,,
2017/18,Clausura,15,2018-04-13,,Atlas,Querétaro,1,0,FALSE,,,
2017/18,Clausura,15,2018-04-14,17:00,Lobos BUAP,Necaxa,0,1,FALSE,,,
2017/18,Clausura,15,2018-04-14,19:00,UANL,Cruz Azul,2,2,FALSE,,,
2017/18,Clausura,15,2018-04-14,19:06,Pachuca,Santos Laguna,3,1,FALSE,,,
2017/18,Clausura,15,2018-04-14,20:30,Monarcas Morelia,Toluca,0,1,FALSE,,,
2017/18,Clausura,15,2018-04-14,21:00,America,Monterrey,0,0,FALSE,,,
2017/18,Clausura,15,2018-04-15,12:00,UNAM,Puebla,4,2,FALSE,,,
2017/18,Clausura,15,2018-04-15,18:00,CD Veracruz,Leon,1,2,FALSE,,,
2017/18,Clausura,16,2018-04-20,19:00,Puebla,America,3,1,FALSE,,,
2017/18,Clausura,16,2018-04-20,21:00,Atlas,Guadalajara,1,0,FALSE,,,
2017/18,Clausura,16,2018-04-21,17:00,Cruz Azul,Monarcas Morelia,2,0,FALSE,,,
2017/18,Clausura,16,2018-04-21,,Querétaro,Pachuca,0,0,FALSE,,,
2017/18,Clausura,16,2018-04-21,19:00,Monterrey,Lobos BUAP,4,0,FALSE,,,
2017/18,Clausura,16,2018-04-21,19:06,Leon,Tijuana,1,1,FALSE,,,
2017/18,Clausura,16,2018-04-21,21:00,Necaxa,UANL,1,1,FALSE,,,
2017/18,Clausura,16,2018-04-22,12:00,Toluca,CD Veracruz,3,0,FALSE,,,
2017/18,Clausura,16,2018-04-22,18:00,Santos Laguna,UNAM,1,2,FALSE,,,
2017/18,Clausura,17,2018-04-27,19:00,Monarcas Morelia,Necaxa,2,2,FALSE,,,
2017/18,Clausura,17,2018-04-27,21:00,Tijuana,Toluca,1,0,FALSE,,,
2017/18,Clausura,17,2018-04-28,17:00,Lobos BUAP,Puebla,0,1,FALSE,,,
2017/18,Clausura,17,2018-04-28,19:00,UANL,Monterrey,2,2,FALSE,,,
2017/18,Clausura,17,2018-04-28,19:06,Pachuca,Atlas,0,0,FALSE,,,
2017/18,Clausura,17,2018-04-28,21:00,America,Santos Laguna,1,0,FALSE,,,
2017/18,Clausura,17,2018-04-28,21:06,Guadalajara,Leon,0,2,FALSE,,,
2017/18,Clausura,17,2018-04-29,12:00,UNAM,Querétaro,1,1,FALSE,,,
2017/18,Clausura,17,2018-04-29,18:00,CD Veracruz,Cruz Azul,1,2,FALSE,,,
2017/18,Clausura,17,2018-05-02,19:30,UNAM,America,1,4,FALSE,,,
2017/18,Clausura,17,2018-05-02,21:30,Tijuana,Monterrey,1,1,FALSE,,,
2017/18,Clausura,17,2018-05-03,19:30,UANL,Santos Laguna,2,0,FALSE,,,
2017/18,Clausura,17,2018-05-03,21:30,Monarcas Morelia,Toluca,2,2,FALSE,,,
2017/18,Clausura,17,2018-05-05,19:00,America,UNAM,2,1,FALSE,,,
2017/18,Clausura,17,2018-05-05,21:00,Monterrey,Tijuana,1,2,FALSE,,,
2017/18,Clausura,17,2018-05-06,12:00,Toluca,Monarcas Morelia,2,2,FALSE,,,
2017/18,Clausura,17,2018-05-06,18:00,Santos Laguna,UANL,2,0,FALSE,,,
2017/18,Clausura,17,2018-05-10,19:30,Santos Laguna,America,4,1,FALSE,,,
2017/18,Clausura,17,2018-05-10,21:30,Tijuana,Toluca,2,1,FALSE,,,
2017/18,Clausura,17,2018-05-13,12:00,Toluca,Tijuana,4,1,FALSE,,,
2017/18,Clausura,17,2018-05-13,19:00,America,Santos Laguna,2,2,FALSE,,,
2017/18,Clausura,17,2018-05-17,20:00,Santos Laguna,Toluca,2,1,FALSE,,,
2017/18,Clausura,17,2018-05-20,19:00,Toluca,Santos Laguna,1,1,FALSE,,,
2018/19,Apertura,1,2018-07-20,19:00,CD Veracruz,UNAM,0,2,FALSE,,,
2018/19,Apertura,1,2018-07-20,21:00,Atlas,Querétaro,0,0,FALSE,,,
2018/19,Apertura,1,2018-07-21,17:00,Cruz Azul,Puebla,3,0,FALSE,,,
2018/19,Apertura,1,2018-07-21,19:00,Pachuca,Monterrey,0,1,FALSE,,,
2018/19,Apertura,1,2018-07-21,21:00,UANL,Leon,2,0,FALSE,,,
2018/19,Apertura,1,2018-07-21,,Tijuana,Guadalajara,2,1,FALSE,,,
2018/19,Apertura,1,2018-07-22,12:00,Toluca,Monarcas Morelia,2,0,FALSE,,,
2018/19,Apertura,1,2018-07-22,18:00,Santos Laguna,Lobos BUAP,2,1,FALSE,,,
2018/19,Apertura,1,2018-07-22,20:00,Necaxa,America,2,1,FALSE,,,
2018/19,Apertura,2,2018-07-27,19:00,Monarcas Morelia,Santos Laguna,3,1,FALSE,,,
2018/19,Apertura,2,2018-07-27,21:00,Puebla,Toluca,2,1,FALSE,,,
2018/19,Apertura,2,2018-07-28,17:00,Querétaro,Pachuca,1,0,FALSE,,,
2018/19,Apertura,2,2018-07-28,19:00,America,Atlas,3,0,FALSE,,,
2018/19,Apertura,2,2018-07-28,21:06,Guadalajara,Cruz Azul,0,1,FALSE,,,
2018/19,Apertura,2,2018-07-29,12:00,UNAM,Necaxa,5,3,FALSE,,,
2018/19,Apertura,2,2018-07-29,16:00,Lobos BUAP,CD Veracruz,2,0,FALSE,,,
2018/19,Apertura,2,2018-07-29,18:00,UANL,Tijuana,1,0,FALSE,,,
2018/19,Apertura,2,2018-07-29,20:00,Leon,Monterrey,0,2,FALSE,,,
2018/19,Apertura,3,2018-08-03,19:00,CD Veracruz,Monarcas Morelia,2,2,FALSE,,,
2018/19,Apertura,3,2018-08-03,21:00,Atlas,UNAM,0,3,FALSE,,,
2018/19,Apertura,3,2018-08-04,17:00,Necaxa,Lobos BUAP,1,0,FALSE,,,
2018/19,Apertura,3,2018-08-04,19:00,Pachuca,America,1,3,FALSE,,,
2018/19,Apertura,3,2018-08-04,21:00,Cruz Azul,UANL,1,0,FALSE,,,
2018/19,Apertura,3,2018-08-04,21:06,Monterrey,Querétaro,2,1,FALSE,,,
2018/19,Apertura,3,2018-08-05,12:00,Toluca,Guadalajara,2,2,FALSE,,,
2018/19,Apertura,3,2018-08-05,18:00,Santos Laguna,Puebla,2,0,FALSE,,,
2018/19,Apertura,3,2018-08-05,20:06,Tijuana,Leon,1,1,FALSE,,,
2018/19,Apertura,4,2018-08-10,19:00,Puebla,CD Veracruz,1,2,FALSE,,,
2018/19,Apertura,4,2018-08-10,21:00,Monarcas Morelia,Necaxa,2,1,FALSE,,,
2018/19,Apertura,4,2018-08-11,17:00,Lobos BUAP,Atlas,0,0,FALSE,,,
2018/19,Apertura,4,2018-08-11,19:00,Leon,Querétaro,4,0,FALSE,,,
2018/19,Apertura,4,2018-08-11,,UANL,Toluca,1,2,FALSE,,,
2018/19,Apertura,4,2018-08-11,21:00,America,Monterrey,3,0,FALSE,,,
2018/19,Apertura,4,2018-08-12,16:00,UNAM,Pachuca,0,0,FALSE,,,
2018/19,Apertura,4,2018-08-12,18:00,Guadalajara,Santos Laguna,1,2,FALSE,,,
2018/19,Apertura,4,2018-08-12,20:06,Tijuana,Cruz Azul,1,1,FALSE,,,
2018/19,Apertura,5,2018-08-17,19:00,CD Veracruz,Guadalajara,0,2,FALSE,,,
2018/19,Apertura,5,2018-08-17,21:00,Atlas,Monarcas Morelia,0,1,FALSE,,,
2018/19,Apertura,5,2018-08-18,17:00,Cruz Azul,Leon,3,0,FALSE,,,
2018/19,Apertura,5,2018-08-18,19:00,Pachuca,Lobos BUAP,3,0,FALSE,,,
2018/19,Apertura,5,2018-08-18,21:00,Necaxa,Puebla,2,2,FALSE,,,
2018/19,Apertura,5,2018-08-18,,Querétaro,America,1,1,FALSE,,,
2018/19,Apertura,5,2018-08-18,21:06,Monterrey,UNAM,1,0,FALSE,,,
2018/19,Apertura,5,2018-08-19,12:00,Toluca,Tijuana,3,0,FALSE,,,
2018/19,Apertura,5,2018-08-19,18:00,Santos Laguna,UANL,3,1,FALSE,,,
2018/19,Apertura,6,2018-08-21,19:00,Monarcas Morelia,Pachuca,1,1,FALSE,,,
2018/19,Apertura,6,2018-08-21,,UNAM,Querétaro,0,1,FALSE,,,
2018/19,Apertura,6,2018-08-21,21:00,Puebla,Atlas,2,0,FALSE,,,
2018/19,Apertura,6,2018-08-21,,Guadalajara,Necaxa,1,0,FALSE,,,
2018/19,Apertura,6,2018-08-22,19:00,Cruz Azul,Toluca,1,0,FALSE,,,
2018/19,Apertura,6,2018-08-22,,Leon,America,2,0,FALSE,,,
2018/19,Apertura,6,2018-08-22,21:00,UANL,CD Veracruz,4,0,FALSE,,,
2018/19,Apertura,6,2018-08-22,,Lobos BUAP,Monterrey,1,2,FALSE,,,
2018/19,Apertura,6,2018-08-22,21:06,Tijuana,Santos Laguna,2,2,FALSE,,,
2018/19,Apertura,7,2018-08-24,21:00,Atlas,Guadalajara,0,1,FALSE,,,
2018/19,Apertura,7,2018-08-25,17:00,Pachuca,Puebla,2,0,FALSE,,,
2018/19,Apertura,7,2018-08-25,19:00,America,UNAM,2,2,FALSE,,,
2018/19,Apertura,7,2018-08-25,20:30,CD Veracruz,Tijuana,1,0,FALSE,,,
2018/19,Apertura,7,2018-08-25,21:00,Necaxa,UANL,1,1,FALSE,,,
2018/19,Apertura,7,2018-08-25,21:06,Monterrey,Monarcas Morelia,2,2,FALSE,,,
2018/19,Apertura,7,2018-08-26,12:00,Querétaro,Lobos BUAP,2,0,FALSE,,,
2018/19,Apertura,7,2018-08-26,16:00,Toluca,Leon,1,2,FALSE,,,
2018/19,Apertura,7,2018-08-26,18:00,Santos Laguna,Cruz Azul,1,1,FALSE,,,
2018/19,Apertura,8,2018-08-31,19:00,Monarcas Morelia,Querétaro,1,4,FALSE,,,
2018/19,Apertura,8,2018-08-31,21:00,Puebla,Monterrey,2,1,FALSE,,,
2018/19,Apertura,8,2018-08-31,21:06,Tijuana,Necaxa,1,0,FALSE,,,
2018/19,Apertura,8,2018-09-01,17:00,Cruz Azul,CD Veracruz,4,1,FALSE,,,
2018/19,Apertura,8,2018-09-01,19:00,Leon,UNAM,1,2,FALSE,,,
2018/19,Apertura,8,2018-09-01,,UANL,Atlas,3,1,FALSE,,,
2018/19,Apertura,8,2018-09-01,21:00,Guadalajara,Pachuca,1,3,FALSE,,,
2018/19,Apertura,8,2018-09-02,12:00,Toluca,Santos Laguna,2,1,FALSE,,,
2018/19,Apertura,8,2018-09-02,16:00,Lobos BUAP,America,0,2,FALSE,,,
2018/19,Apertura,9,2018-09-14,21:00,CD Veracruz,Toluca,2,3,FALSE,,,
2018/19,Apertura,9,2018-09-15,17:00,Querétaro,Puebla,0,1,FALSE,,,
2018/19,Apertura,9,2018-09-15,19:00,Pachuca,UANL,1,1,FALSE,,,
2018/19,Apertura,9,2018-09-15,,America,Monarcas Morelia,2,1,FALSE,,,
2018/19,Apertura,9,2018-09-15,20:45,Necaxa,Cruz Azul,2,0,FALSE,,,
2018/19,Apertura,9,2018-09-15,21:06,Monterrey,Guadalajara,2,4,FALSE,,,
2018/19,Apertura,9,2018-09-16,12:00,UNAM,Lobos BUAP,4,2,FALSE,,,
2018/19,Apertura,9,2018-09-16,16:00,Santos Laguna,Leon,3,0,FALSE,,,
2018/19,Apertura,9,2018-09-16,18:00,Atlas,Tijuana,0,1,FALSE,,,
2018/19,Apertura,10,2018-09-21,19:00,Monarcas Morelia,UNAM,0,0,FALSE,,,
2018/19,Apertura,10,2018-09-21,21:00,Puebla,America,2,3,FALSE,,,
2018/19,Apertura,10,2018-09-22,17:00,Toluca,Necaxa,3,2,FALSE,,,
2018/19,Apertura,10,2018-09-22,19:00,Leon,Lobos BUAP,0,1,FALSE,,,
2018/19,Apertura,10,2018-09-22,21:00,Cruz Azul,Atlas,2,0,FALSE,,,
2018/19,Apertura,10,2018-09-22,21:06,Tijuana,Pachuca,1,0,FALSE,,,
2018/19,Apertura,10,2018-09-23,16:00,Guadalajara,Querétaro,1,1,FALSE,,,
2018/19,Apertura,10,2018-09-23,18:00,Santos Laguna,CD Veracruz,1,1,FALSE,,,
2018/19,Apertura,10,2018-09-23,20:00,UANL,Monterrey,0,0,FALSE,,,
2018/19,Apertura,11,2018-09-28,19:00,CD Veracruz,Leon,0,4,FALSE,,,
2018/19,Apertura,11,2018-09-28,21:00,Atlas,Toluca,2,0,FALSE,,,
2018/19,Apertura,11,2018-09-29,17:00,Querétaro,UANL,0,2,FALSE,,,
2018/19,Apertura,11,2018-09-29,19:00,Pachuca,Cruz Azul,3,1,FALSE,,,
2018/19,Apertura,11,2018-09-29,21:00,Necaxa,Santos Laguna,0,1,FALSE,,,
2018/19,Apertura,11,2018-09-29,21:06,Monterrey,Tijuana,3,0,FALSE,,,
2018/19,Apertura,11,2018-09-30,12:00,UNAM,Puebla,2,2,FALSE,,,
2018/19,Apertura,11,2018-09-30,16:00,Lobos BUAP,Monarcas Morelia,3,1,FALSE,,,
2018/19,Apertura,11,2018-09-30,18:00,America,Guadalajara,1,1,FALSE,,,
2018/19,Apertura,12,2018-10-05,19:00,Santos Laguna,Atlas,3,1,FALSE,,,
2018/19,Apertura,12,2018-10-05,21:10,CD Veracruz,Necaxa,0,0,FALSE,,,
2018/19,Apertura,12,2018-10-06,17:00,Cruz Azul,Monterrey,2,1,FALSE,,,
2018/19,Apertura,12,2018-10-06,19:00,Leon,Monarcas Morelia,1,2,FALSE,,,
2018/19,Apertura,12,2018-10-06,,UANL,America,2,3,FALSE,,,
2018/19,Apertura,12,2018-10-06,21:06,Guadalajara,UNAM,1,2,FALSE,,,
2018/19,Apertura,12,2018-10-06,21:36,Tijuana,Querétaro,1,1,FALSE,,,
2018/19,Apertura,12,2018-10-07,12:00,Toluca,Pachuca,2,1,FALSE,,,
2018/19,Apertura,12,2018-10-07,18:00,Puebla,Lobos BUAP,2,2,FALSE,,,
2018/19,Apertura,13,2018-10-19,21:00,Atlas,CD Veracruz,4,3,FALSE,,,
2018/19,Apertura,13,2018-10-20,17:00,Querétaro,Cruz Azul,2,0,FALSE,,,
2018/19,Apertura,13,2018-10-20,19:00,Pachuca,Santos Laguna,1,1,FALSE,,,
2018/19,Apertura,13,2018-10-20,,America,Tijuana,3,0,FALSE,,,
2018/19,Apertura,13,2018-10-20,21:00,Necaxa,Leon,0,2,FALSE,,,
2018/19,Apertura,13,2018-10-20,21:06,Monterrey,Toluca,2,1,FALSE,,,
2018/19,Apertura,13,2018-10-21,12:00,Lobos BUAP,Guadalajara,1,1,FALSE,,,
2018/19,Apertura,13,2018-10-21,16:30,UNAM,UANL,3,3,FALSE,,,
2018/19,Apertura,13,2018-10-21,18:00,Monarcas Morelia,Puebla,2,0,FALSE,,,
2018/19,Apertura,14,2018-10-26,19:00,Santos Laguna,Monterrey,1,0,FALSE,,,
2018/19,Apertura,14,2018-10-26,21:00,CD Veracruz,Pachuca,2,3,FALSE,,,
2018/19,Apertura,14,2018-10-27,17:00,Necaxa,Atlas,2,2,FALSE,,,
2018/19,Apertura,14,2018-10-27,19:00,UANL,Lobos BUAP,2,2,FALSE,,,
2018/19,Apertura,14,2018-10-27,,Guadalajara,Monarcas Morelia,1,2,FALSE,,,
2018/19,Apertura,14,2018-10-27,21:00,Cruz Azul,America,0,0,FALSE,,,
2018/19,Apertura,14,2018-10-27,21:06,Tijuana,UNAM,0,1,FALSE,,,
2018/19,Apertura,14,2018-10-28,12:00,Toluca,Querétaro,4,0,FALSE,,,
2018/19,Apertura,14,2018-10-28,19:00,Leon,Puebla,0,4,FALSE,,,
2018/19,Apertura,15,2018-11-02,19:00,Monarcas Morelia,UANL,0,2,FALSE,,,
2018/19,Apertura,15,2018-11-02,21:00,Puebla,Guadalajara,2,2,FALSE,,,
2018/19,Apertura,15,2018-11-03,17:00,Pachuca,Necaxa,6,2,FALSE,,,
2018/19,Apertura,15,2018-11-03,19:00,America,Toluca,1,1,FALSE,,,
2018/19,Apertura,15,2018-11-03,19:06,Monterrey,CD Veracruz,2,0,FALSE,,,
2018/19,Apertura,15,2018-11-03,21:00,Lobos BUAP,Tijuana,3,1,FALSE,,,
2018/19,Apertura,15,2018-11-04,12:00,UNAM,Cruz Azul,1,2,FALSE,,,
2018/19,Apertura,15,2018-11-04,16:00,Querétaro,Santos Laguna,2,1,FALSE,,,
2018/19,Apertura,15,2018-11-04,18:00,Atlas,Leon,0,0,FALSE,,,
2018/19,Apertura,16,2018-11-09,19:00,CD Veracruz,Querétaro,2,2,FALSE,,,
2018/19,Apertura,16,2018-11-09,21:00,Atlas,Pachuca,0,0,FALSE,,,
2018/19,Apertura,16,2018-11-10,17:00,Cruz Azul,Lobos BUAP,2,1,FALSE,,,
2018/19,Apertura,16,2018-11-10,19:00,Leon,Guadalajara,0,1,FALSE,,,
2018/19,Apertura,16,2018-11-10,,UANL,Puebla,6,1,FALSE,,,
2018/19,Apertura,16,2018-11-10,21:00,Necaxa,Monterrey,1,1,FALSE,,,
2018/19,Apertura,16,2018-11-10,,Tijuana,Monarcas Morelia,2,3,FALSE,,,
2018/19,Apertura,16,2018-11-11,12:00,Toluca,UNAM,0,1,FALSE,,,
2018/19,Apertura,16,2018-11-11,18:00,Santos Laguna,America,1,1,FALSE,,,
2018/19,Apertura,17,2018-11-23,19:00,Monarcas Morelia,Cruz Azul,0,2,FALSE,,,
2018/19,Apertura,17,2018-11-23,21:00,Puebla,Tijuana,0,0,FALSE,,,
2018/19,Apertura,17,2018-11-24,17:00,Querétaro,Necaxa,1,0,FALSE,,,
2018/19,Apertura,17,2018-11-24,19:00,Pachuca,Leon,1,1,FALSE,,,
2018/19,Apertura,17,2018-11-24,,America,CD Veracruz,4,1,FALSE,,,
2018/19,Apertura,17,2018-11-24,21:00,Guadalajara,UANL,0,1,FALSE,,,
2018/19,Apertura,17,2018-11-24,21:06,Monterrey,Atlas,3,1,FALSE,,,
2018/19,Apertura,17,2018-11-25,12:00,UNAM,Santos Laguna,1,1,FALSE,,,
2018/19,Apertura,17,2018-11-25,16:00,Lobos BUAP,Toluca,2,0,FALSE,,,
2018/19,Apertura,17,2018-11-28,19:00,Querétaro,Cruz Azul,0,2,FALSE,,,
2018/19,Apertura,17,2018-11-28,21:06,Monterrey,Santos Laguna,1,0,FALSE,,,
2018/19,Apertura,17,2018-11-29,19:00,Toluca,America,2,2,FALSE,,,
2018/19,Apertura,17,2018-11-29,21:00,UANL,UNAM,2,1,FALSE,,,
2018/19,Apertura,17,2018-12-01,19:00,Cruz Azul,Querétaro,1,1,FALSE,,,
2018/19,Apertura,17,2018-12-01,21:00,Santos Laguna,Monterrey,0,2,FALSE,,,
2018/19,Apertura,17,2018-12-02,12:00,UNAM,UANL,3,1,FALSE,,,
2018/19,Apertura,17,2018-12-02,18:30,America,Toluca,3,2,FALSE,,,
2018/19,Apertura,17,2018-12-05,20:06,Monterrey,Cruz Azul,1,0,FALSE,,,
2018/19,Apertura,17,2018-12-06,20:45,UNAM,America,1,1,FALSE,,,
2018/19,Apertura,17,2018-12-08,19:00,Cruz Azul,Monterrey,1,0,FALSE,,,
2018/19,Apertura,17,2018-12-09,18:45,America,UNAM,6,1,FALSE,,,
2018/19,Apertura,17,2018-12-13,20:30,America,Cruz Azul,0,0,FALSE,,,
2018/19,Apertura,17,2018-12-16,18:30,Cruz Azul,America,0,2,FALSE,,,
2018/19,Clausura,1,2019-01-04,19:00,Monarcas Morelia,Toluca,1,3,FALSE,,,
2018/19,Clausura,1,2019-01-04,21:00,Puebla,Cruz Azul,1,1,FALSE,,,
2018/19,Clausura,1,2019-01-05,17:00,Querétaro,Atlas,1,2,FALSE,,,
2018/19,Clausura,1,2019-01-05,17:06,Monterrey,Pachuca,5,0,FALSE,,,
2018/19,Clausura,1,2019-01-05,19:06,Leon,UANL,2,2,FALSE,,,
2018/19,Clausura,1,2019-01-05,21:00,Guadalajara,Tijuana,2,0,FALSE,,,
2018/19,Clausura,1,2019-01-06,12:00,UNAM,CD Veracruz,0,0,FALSE,,,
2018/19,Clausura,1,2019-01-06,16:00,Lobos BUAP,Santos Laguna,2,0,FALSE,,,
2018/19,Clausura,1,2019-03-05,20:45,America,Necaxa,1,3,FALSE,,,
2018/19,Clausura,2,2019-01-11,19:00,CD Veracruz,Lobos BUAP,0,1,FALSE,,,
2018/19,Clausura,2,2019-01-11,21:00,Atlas,America,1,2,FALSE,,,
2018/19,Clausura,2,2019-01-12,17:00,Monterrey,Leon,2,2,FALSE,,,
2018/19,Clausura,2,2019-01-12,19:00,Cruz Azul,Guadalajara,0,1,FALSE,,,
2018/19,Clausura,2,2019-01-12,19:06,Pachuca,Querétaro,3,0,FALSE,,,
2018/19,Clausura,2,2019-01-12,21:00,Necaxa,UNAM,2,1,FALSE,,,
2018/19,Clausura,2,2019-01-12,,Tijuana,UANL,0,3,FALSE,,,
2018/19,Clausura,2,2019-01-13,12:00,Toluca,Puebla,2,0,FALSE,,,
2018/19,Clausura,2,2019-01-13,18:00,Santos Laguna,Monarcas Morelia,1,0,FALSE,,,
2018/19,Clausura,3,2019-01-18,21:00,Monarcas Morelia,CD Veracruz,2,0,FALSE,,,
2018/19,Clausura,3,2019-01-18,,Puebla,Santos Laguna,1,1,FALSE,,,
2018/19,Clausura,3,2019-01-19,17:00,Querétaro,Monterrey,1,2,FALSE,,,
2018/19,Clausura,3,2019-01-19,19:00,America,Pachuca,3,0,FALSE,,,
2018/19,Clausura,3,2019-01-19,21:00,UANL,Cruz Azul,0,1,FALSE,,,
2018/19,Clausura,3,2019-01-20,12:00,UNAM,Atlas,2,2,FALSE,,,
2018/19,Clausura,3,2019-01-20,16:00,Lobos BUAP,Necaxa,2,3,FALSE,,,
2018/19,Clausura,3,2019-01-20,18:30,Guadalajara,Toluca,1,0,FALSE,,,
2018/19,Clausura,3,2019-01-20,20:00,Leon,Tijuana,0,1,FALSE,,,
2018/19,Clausura,4,2019-01-25,19:00,CD Veracruz,Puebla,0,1,FALSE,,,
2018/19,Clausura,4,2019-01-25,21:00,Atlas,Lobos BUAP,3,1,FALSE,,,
2018/19,Clausura,4,2019-01-26,17:00,Cruz Azul,Tijuana,1,0,FALSE,,,
2018/19,Clausura,4,2019-01-26,,Monterrey,America,3,2,FALSE,,,
2018/19,Clausura,4,2019-01-26,19:00,Pachuca,UNAM,1,0,FALSE,,,
2018/19,Clausura,4,2019-01-26,21:00,Necaxa,Monarcas Morelia,0,0,FALSE,,,
2018/19,Clausura,4,2019-01-27,12:00,Toluca,UANL,0,1,FALSE,,,
2018/19,Clausura,4,2019-01-27,16:00,Querétaro,Leon,0,4,FALSE,,,
2018/19,Clausura,4,2019-01-27,18:06,Santos Laguna,Guadalajara,1,0,FALSE,,,
2018/19,Clausura,5,2019-02-01,19:00,Monarcas Morelia,Atlas,1,2,FALSE,,,
2018/19,Clausura,5,2019-02-01,21:00,Puebla,Necaxa,1,4,FALSE,,,
2018/19,Clausura,5,2019-02-02,17:00,America,Querétaro,2,0,FALSE,,,
2018/19,Clausura,5,2019-02-02,19:00,Leon,Cruz Azul,2,0,FALSE,,,
2018/19,Clausura,5,2019-02-02,,UANL,Santos Laguna,2,1,FALSE,,,
2018/19,Clausura,5,2019-02-02,21:06,Tijuana,Toluca,2,0,FALSE,,,
2018/19,Clausura,5,2019-02-03,12:00,UNAM,Monterrey,1,1,FALSE,,,
2018/19,Clausura,5,2019-02-03,16:00,Lobos BUAP,Pachuca,1,1,FALSE,,,
2018/19,Clausura,5,2019-02-04,18:36,Guadalajara,CD Veracruz,0,0,FALSE,,,
2018/19,Clausura,6,2019-02-08,19:00,CD Veracruz,UANL,0,2,FALSE,,,
2018/19,Clausura,6,2019-02-08,21:00,Atlas,Puebla,1,2,FALSE,,,
2018/19,Clausura,6,2019-02-09,17:00,Monterrey,Lobos BUAP,4,0,FALSE,,,
2018/19,Clausura,6,2019-02-09,,Querétaro,UNAM,0,2,FALSE,,,
2018/19,Clausura,6,2019-02-09,19:00,America,Leon,0,3,FALSE,,,
2018/19,Clausura,6,2019-02-09,,Pachuca,Monarcas Morelia,2,0,FALSE,,,
2018/19,Clausura,6,2019-02-09,21:00,Necaxa,Guadalajara,3,3,FALSE,,,
2018/19,Clausura,6,2019-02-10,12:00,Toluca,Cruz Azul,1,1,FALSE,,,
2018/19,Clausura,6,2019-02-10,18:00,Santos Laguna,Tijuana,1,1,FALSE,,,
2018/19,Clausura,7,2019-02-15,19:00,Monarcas Morelia,Monterrey,2,3,FALSE,,,
2018/19,Clausura,7,2019-02-15,21:00,Puebla,Pachuca,1,1,FALSE,,,
2018/19,Clausura,7,2019-02-15,21:06,Tijuana,CD Veracruz,3,0,FALSE,,,
2018/19,Clausura,7,2019-02-16,17:00,Cruz Azul,Santos Laguna,1,2,FALSE,,,
2018/19,Clausura,7,2019-02-16,19:00,Leon,Toluca,3,0,FALSE,,,
2018/19,Clausura,7,2019-02-16,,UANL,Necaxa,3,2,FALSE,,,
2018/19,Clausura,7,2019-02-16,21:00,Guadalajara,Atlas,3,0,FALSE,,,
2018/19,Clausura,7,2019-02-17,12:00,UNAM,America,1,0,FALSE,,,
2018/19,Clausura,7,2019-02-17,16:00,Lobos BUAP,Querétaro,3,1,FALSE,,,
2018/19,Clausura,8,2019-02-22,21:00,CD Veracruz,Cruz Azul,1,1,FALSE,,,
2018/19,Clausura,8,2019-02-22,,Atlas,UANL,0,1,FALSE,,,
2018/19,Clausura,8,2019-02-23,17:00,Querétaro,Monarcas Morelia,3,0,FALSE,,,
2018/19,Clausura,8,2019-02-23,19:00,America,Lobos BUAP,3,0,FALSE,,,
2018/19,Clausura,8,2019-02-23,,Monterrey,Puebla,0,0,FALSE,,,
2018/19,Clausura,8,2019-02-23,21:00,Necaxa,Tijuana,1,2,FALSE,,,
2018/19,Clausura,8,2019-02-23,,Pachuca,Guadalajara,3,1,FALSE,,,
2018/19,Clausura,8,2019-02-24,12:00,UNAM,Leon,1,3,FALSE,,,
2018/19,Clausura,8,2019-02-24,18:06,Santos Laguna,Toluca,4,0,FALSE,,,
2018/19,Clausura,9,2019-03-01,21:00,Monarcas Morelia,America,2,2,FALSE,,,
2018/19,Clausura,9,2019-03-01,,Tijuana,Atlas,3,1,FALSE,,,
2018/19,Clausura,9,2019-03-02,17:00,Cruz Azul,Necaxa,2,1,FALSE,,,
2018/19,Clausura,9,2019-03-02,19:00,Leon,Santos Laguna,3,0,FALSE,,,
2018/19,Clausura,9,2019-03-02,,UANL,Pachuca,3,0,FALSE,,,
2018/19,Clausura,9,2019-03-02,21:00,Guadalajara,Monterrey,0,2,FALSE,,,
2018/19,Clausura,9,2019-03-03,12:00,Toluca,CD Veracruz,3,1,FALSE,,,
2018/19,Clausura,9,2019-03-03,16:00,Lobos BUAP,UNAM,2,1,FALSE,,,
2018/19,Clausura,9,2019-03-04,20:00,Puebla,Querétaro,1,0,FALSE,,,
2018/19,Clausura,10,2019-03-08,19:00,CD Veracruz,Santos Laguna,2,2,FALSE,,,
2018/19,Clausura,10,2019-03-08,21:00,Atlas,Cruz Azul,0,2,FALSE,,,
2018/19,Clausura,10,2019-03-09,17:00,Pachuca,Tijuana,4,0,FALSE,,,
2018/19,Clausura,10,2019-03-09,19:00,America,Puebla,1,0,FALSE,,,
2018/19,Clausura,10,2019-03-09,,Monterrey,UANL,1,1,FALSE,,,
2018/19,Clausura,10,2019-03-09,21:00,Necaxa,Toluca,1,1,FALSE,,,
2018/19,Clausura,10,2019-03-09,,Querétaro,Guadalajara,0,0,FALSE,,,
2018/19,Clausura,10,2019-03-10,12:00,UNAM,Monarcas Morelia,2,2,FALSE,,,
2018/19,Clausura,10,2019-03-10,16:00,Lobos BUAP,Leon,0,1,FALSE,,,
2018/19,Clausura,11,2019-03-15,19:00,Monarcas Morelia,Lobos BUAP,1,1,FALSE,,,
2018/19,Clausura,11,2019-03-15,21:00,Puebla,UNAM,1,0,FALSE,,,
2018/19,Clausura,11,2019-03-16,17:00,Cruz Azul,Pachuca,4,1,FALSE,,,
2018/19,Clausura,11,2019-03-16,19:00,Guadalajara,America,0,2,FALSE,,,
2018/19,Clausura,11,2019-03-16,21:00,UANL,Querétaro,4,1,FALSE,,,
2018/19,Clausura,11,2019-03-16,21:06,Tijuana,Monterrey,1,0,FALSE,,,
2018/19,Clausura,11,2019-03-17,12:00,Toluca,Atlas,2,0,FALSE,,,
2018/19,Clausura,11,2019-03-17,18:06,Santos Laguna,Necaxa,1,2,FALSE,,,
2018/19,Clausura,11,2019-03-17,20:00,Leon,CD Veracruz,2,0,FALSE,,,
2018/19,Clausura,12,2019-03-29,19:00,Monarcas Morelia,Leon,2,3,FALSE,,,
2018/19,Clausura,12,2019-03-29,21:00,Atlas,Santos Laguna,1,0,FALSE,,,
2018/19,Clausura,12,2019-03-30,17:00,Querétaro,Tijuana,1,0,FALSE,,,
2018/19,Clausura,12,2019-03-30,19:00,America,UANL,3,0,FALSE,,,
2018/19,Clausura,12,2019-03-30,,Pachuca,Toluca,3,2,FALSE,,,
2018/19,Clausura,12,2019-03-30,21:00,Monterrey,Cruz Azul,2,2,FALSE,,,
2018/19,Clausura,12,2019-03-30,,Necaxa,CD Veracruz,2,0,FALSE,,,
2018/19,Clausura,12,2019-03-31,12:00,UNAM,Guadalajara,2,1,FALSE,,,
2018/19,Clausura,12,2019-03-31,16:00,Lobos BUAP,Puebla,0,4,FALSE,,,
2018/19,Clausura,13,2019-04-05,19:00,CD Veracruz,Atlas,0,1,FALSE,,,
2018/19,Clausura,13,2019-04-05,21:00,Puebla,Monarcas Morelia,1,1,FALSE,,,
2018/19,Clausura,13,2019-04-06,17:06,Cruz Azul,Querétaro,3,0,FALSE,,,
2018/19,Clausura,13,2019-04-06,19:00,Leon,Necaxa,2,1,FALSE,,,
2018/19,Clausura,13,2019-04-06,,UANL,UNAM,2,0,FALSE,,,
2018/19,Clausura,13,2019-04-06,21:00,Guadalajara,Lobos BUAP,0,1,FALSE,,,
2018/19,Clausura,13,2019-04-06,21:06,Tijuana,America,3,2,FALSE,,,
2018/19,Clausura,13,2019-04-07,12:00,Toluca,Monterrey,5,1,FALSE,,,
2018/19,Clausura,13,2019-04-07,18:06,Santos Laguna,Pachuca,0,0,FALSE,,,
2018/19,Clausura,14,2019-04-12,21:00,Puebla,Leon,0,3,FALSE,,,
2018/19,Clausura,14,2019-04-12,,Atlas,Necaxa,1,2,FALSE,,,
2018/19,Clausura,14,2019-04-13,17:00,Querétaro,Toluca,0,0,FALSE,,,
2018/19,Clausura,14,2019-04-13,19:00,Pachuca,CD Veracruz,9,2,FALSE,,,
2018/19,Clausura,14,2019-04-13,21:00,Monarcas Morelia,Guadalajara,1,0,FALSE,,,
2018/19,Clausura,14,2019-04-14,12:00,UNAM,Tijuana,1,0,FALSE,,,
2018/19,Clausura,14,2019-04-14,16:00,Lobos BUAP,UANL,0,3,FALSE,,,
2018/19,Clausura,14,2019-04-14,18:00,America,Cruz Azul,0,0,FALSE,,,
2018/19,Clausura,14,2019-04-14,20:30,Monterrey,Santos Laguna,4,0,FALSE,,,
2018/19,Clausura,15,2019-04-19,20:00,CD Veracruz,Monterrey,0,1,FALSE,,,
2018/19,Clausura,15,2019-04-19,21:06,Tijuana,Lobos BUAP,1,2,FALSE,,,
2018/19,Clausura,15,2019-04-20,17:00,Necaxa,Pachuca,2,2,FALSE,,,
2018/19,Clausura,15,2019-04-20,17:06,Leon,Atlas,5,2,FALSE,,,
2018/19,Clausura,15,2019-04-20,19:00,Cruz Azul,UNAM,2,1,FALSE,,,
2018/19,Clausura,15,2019-04-20,,UANL,Monarcas Morelia,3,3,FALSE,,,
2018/19,Clausura,15,2019-04-20,21:00,Guadalajara,Puebla,1,3,FALSE,,,
2018/19,Clausura,15,2019-04-21,12:00,Toluca,America,3,2,FALSE,,,
2018/19,Clausura,15,2019-04-21,18:06,Santos Laguna,Querétaro,2,1,FALSE,,,
2018/19,Clausura,16,2019-04-26,19:00,Puebla,UANL,1,1,FALSE,,,
2018/19,Clausura,16,2019-04-26,21:00,Monarcas Morelia,Tijuana,1,4,FALSE,,,
2018/19,Clausura,16,2019-04-27,17:00,Pachuca,Atlas,1,0,FALSE,,,
2018/19,Clausura,16,2019-04-27,19:00,America,Santos Laguna,1,0,FALSE,,,
2018/19,Clausura,16,2019-04-27,,Monterrey,Necaxa,2,2,FALSE,,,
2018/19,Clausura,16,2019-04-27,21:00,Guadalajara,Leon,2,1,FALSE,,,
2018/19,Clausura,16,2019-04-28,12:00,UNAM,Toluca,2,2,FALSE,,,
2018/19,Clausura,16,2019-04-28,16:00,Lobos BUAP,Cruz Azul,1,4,FALSE,,,
2018/19,Clausura,16,2019-04-28,18:00,Querétaro,CD Veracruz,2,1,FALSE,,,
2018/19,Clausura,17,2019-05-03,21:00,CD Veracruz,America,0,2,FALSE,,,
2018/19,Clausura,17,2019-05-04,17:00,Cruz Azul,Monarcas Morelia,1,1,FALSE,,,
2018/19,Clausura,17,2019-05-04,19:00,Leon,Pachuca,2,1,FALSE,,,
2018/19,Clausura,17,2019-05-04,,UANL,Guadalajara,2,1,FALSE,,,
2018/19,Clausura,17,2019-05-04,21:00,Necaxa,Querétaro,1,0,FALSE,,,
2018/19,Clausura,17,2019-05-04,21:06,Tijuana,Puebla,4,0,FALSE,,,
2018/19,Clausura,17,2019-05-05,12:00,Toluca,Lobos BUAP,4,0,FALSE,,,
2018/19,Clausura,17,2019-05-05,16:00,Atlas,Monterrey,2,0,FALSE,,,
2018/19,Clausura,17,2019-05-05,18:06,Santos Laguna,UNAM,5,2,FALSE,,,
2018/19,Clausura,17,2019-05-08,19:00,Pachuca,UANL,1,1,FALSE,,,
2018/19,Clausura,17,2019-05-08,21:06,Tijuana,Leon,1,3,FALSE,,,
2018/19,Clausura,17,2019-05-09,19:00,Necaxa,Monterrey,1,0,FALSE,,,
2018/19,Clausura,17,2019-05-09,21:05,America,Cruz Azul,3,1,FALSE,,,
2018/19,Clausura,17,2019-05-11,19:00,UANL,Pachuca,1,1,FALSE,,,
2018/19,Clausura,17,2019-05-11,21:06,Leon,Tijuana,2,1,FALSE,,,
2018/19,Clausura,17,2019-05-12,18:10,Cruz Azul,America,1,0,FALSE,,,
2018/19,Clausura,17,2019-05-12,20:00,Monterrey,Necaxa,1,0,FALSE,,,
2018/19,Clausura,17,2019-05-15,21:06,Monterrey,UANL,1,0,FALSE,,,
2018/19,Clausura,17,2019-05-16,20:30,America,Leon,0,1,FALSE,,,
2018/19,Clausura,17,2019-05-18,19:00,UANL,Monterrey,1,0,FALSE,,,
2018/19,Clausura,17,2019-05-19,20:06,Leon,America,0,1,FALSE,,,
2018/19,Clausura,17,2019-05-23,20:45,UANL,Leon,1,0,FALSE,,,
2018/19,Clausura,17,2019-05-26,20:06,Leon,UANL,0,0,FALSE,,,
2019/20,Apertura,1,2019-07-19,19:00,Puebla,Tijuana,1,3,FALSE,,,
2019/20,Apertura,1,2019-07-19,21:45,Atlas,FC Juárez,1,0,FALSE,,,
2019/20,Apertura,1,2019-07-20,17:00,Atlético San Luis,UNAM,0,2,FALSE,,,
2019/20,Apertura,1,2019-07-20,,Pachuca,Leon,1,3,FALSE,,,
2019/20,Apertura,1,2019-07-20,19:05,America,Monterrey,4,2,FALSE,,,
2019/20,Apertura,1,2019-07-20,21:00,UANL,Monarcas Morelia,4,2,FALSE,,,
2019/20,Apertura,1,2019-07-20,,Necaxa,Cruz Azul,0,0,FALSE,,,
2019/20,Apertura,1,2019-07-21,12:00,Toluca,Querétaro,0,2,FALSE,,,
2019/20,Apertura,1,2019-07-21,18:45,Santos Laguna,Guadalajara,3,0,FALSE,,,
2019/20,Apertura,2,2019-07-26,19:00,Monarcas Morelia,Atlas,0,1,FALSE,,,
2019/20,Apertura,2,2019-07-26,21:00,CD Veracruz,Pachuca,3,3,FALSE,,,
2019/20,Apertura,2,2019-07-27,19:00,Leon,America,0,0,FALSE,,,
2019/20,Apertura,2,2019-07-27,21:00,Cruz Azul,Toluca,1,1,FALSE,,,
2019/20,Apertura,2,2019-07-27,21:06,Tijuana,Querétaro,1,1,FALSE,,,
2019/20,Apertura,2,2019-07-28,12:00,UNAM,Necaxa,2,0,FALSE,,,
2019/20,Apertura,2,2019-07-28,17:00,Atlético San Luis,Monterrey,1,0,FALSE,,,
2019/20,Apertura,2,2019-07-28,18:45,Santos Laguna,FC Juárez,3,0,FALSE,,,
2019/20,Apertura,2,2019-07-28,19:00,Guadalajara,UANL,2,0,FALSE,,,
2019/20,Apertura,3,2019-08-02,19:00,Puebla,Guadalajara,1,1,FALSE,,,
2019/20,Apertura,3,2019-08-02,21:00,Atlas,Santos Laguna,1,2,FALSE,,,
2019/20,Apertura,3,2019-08-03,17:00,Querétaro,Cruz Azul,3,0,FALSE,,,
2019/20,Apertura,3,2019-08-03,19:00,America,Tijuana,3,1,FALSE,,,
2019/20,Apertura,3,2019-08-03,,Pachuca,Monarcas Morelia,1,2,FALSE,,,
2019/20,Apertura,3,2019-08-03,21:05,Necaxa,CD Veracruz,7,0,FALSE,,,
2019/20,Apertura,3,2019-08-03,21:06,Monterrey,Leon,3,2,FALSE,,,
2019/20,Apertura,3,2019-08-04,12:00,UNAM,UANL,0,1,FALSE,,,
2019/20,Apertura,3,2019-08-04,19:00,FC Juárez,Toluca,2,0,FALSE,,,
2019/20,Apertura,4,2019-08-09,19:00,Monarcas Morelia,Monterrey,0,1,FALSE,,,
2019/20,Apertura,4,2019-08-09,21:00,CD Veracruz,Atlas,1,2,FALSE,,,
2019/20,Apertura,4,2019-08-09,21:06,Tijuana,UNAM,1,0,FALSE,,,
2019/20,Apertura,4,2019-08-10,17:00,Querétaro,Pachuca,2,1,FALSE,,,
2019/20,Apertura,4,2019-08-10,,Cruz Azul,FC Juárez,2,0,FALSE,,,
2019/20,Apertura,4,2019-08-10,19:00,UANL,Necaxa,3,1,FALSE,,,
2019/20,Apertura,4,2019-08-10,21:05,Guadalajara,Atlético San Luis,3,0,FALSE,,,
2019/20,Apertura,4,2019-08-11,12:00,Toluca,America,0,1,FALSE,,,
2019/20,Apertura,4,2019-08-11,18:45,Santos Laguna,Puebla,4,1,FALSE,,,
2019/20,Apertura,5,2019-08-16,19:00,Puebla,Pachuca,0,4,FALSE,,,
2019/20,Apertura,5,2019-08-16,21:00,Atlas,Cruz Azul,1,3,FALSE,,,
2019/20,Apertura,5,2019-08-17,17:00,Atlético San Luis,UANL,1,1,FALSE,,,
2019/20,Apertura,5,2019-08-17,19:00,Leon,Guadalajara,4,3,FALSE,,,
2019/20,Apertura,5,2019-08-17,21:05,America,Monarcas Morelia,1,0,FALSE,,,
2019/20,Apertura,5,2019-08-17,21:06,Monterrey,Toluca,2,0,FALSE,,,
2019/20,Apertura,5,2019-08-18,12:00,UNAM,CD Veracruz,2,0,FALSE,,,
2019/20,Apertura,5,2019-08-18,17:00,Necaxa,Santos Laguna,3,0,FALSE,,,
2019/20,Apertura,5,2019-08-18,19:00,FC Juárez,Querétaro,0,2,FALSE,,,
2019/20,Apertura,6,2019-08-23,19:00,CD Veracruz,Atlético San Luis,1,2,FALSE,,,
2019/20,Apertura,6,2019-08-23,21:00,Monarcas Morelia,UNAM,2,0,FALSE,,,
2019/20,Apertura,6,2019-08-23,,Santos Laguna,Monterrey,2,1,FALSE,,,
2019/20,Apertura,6,2019-08-24,17:00,Querétaro,Leon,0,4,FALSE,,,
2019/20,Apertura,6,2019-08-24,19:00,Pachuca,Atlas,3,1,FALSE,,,
2019/20,Apertura,6,2019-08-24,,Cruz Azul,Puebla,1,1,FALSE,,,
2019/20,Apertura,6,2019-08-24,21:05,UANL,America,1,1,FALSE,,,
2019/20,Apertura,6,2019-08-25,12:00,Toluca,Tijuana,2,0,FALSE,,,
2019/20,Apertura,6,2019-08-25,17:00,Guadalajara,Necaxa,1,2,FALSE,,,
2019/20,Apertura,7,2019-08-27,19:00,CD Veracruz,Querétaro,0,5,FALSE,,,
2019/20,Apertura,7,2019-08-27,,Atlético San Luis,Monarcas Morelia,1,1,FALSE,,,
2019/20,Apertura,7,2019-08-27,,Atlas,UANL,1,1,FALSE,,,
2019/20,Apertura,7,2019-08-27,21:00,America,Pachuca,1,1,FALSE,,,
2019/20,Apertura,7,2019-08-28,19:00,Leon,Santos Laguna,2,2,FALSE,,,
2019/20,Apertura,7,2019-08-28,21:00,Necaxa,Toluca,1,1,FALSE,,,
2019/20,Apertura,7,2019-08-28,21:06,Tijuana,Cruz Azul,3,2,FALSE,,,
2019/20,Apertura,7,2019-08-29,19:00,Puebla,FC Juárez,2,1,FALSE,,,
2019/20,Apertura,7,2019-08-29,21:00,Monterrey,UNAM,2,0,FALSE,,,
2019/20,Apertura,8,2019-08-30,19:00,Monarcas Morelia,CD Veracruz,1,0,FALSE,,,
2019/20,Apertura,8,2019-08-30,21:10,Atlas,America,3,0,FALSE,,,
2019/20,Apertura,8,2019-08-31,17:00,Necaxa,Tijuana,3,2,FALSE,,,
2019/20,Apertura,8,2019-08-31,19:00,UANL,Leon,1,1,FALSE,,,
2019/20,Apertura,8,2019-08-31,,Pachuca,Atlético San Luis,0,2,FALSE,,,
2019/20,Apertura,8,2019-08-31,21:05,Cruz Azul,Guadalajara,1,1,FALSE,,,
2019/20,Apertura,8,2019-09-01,12:00,UNAM,Toluca,2,1,FALSE,,,
2019/20,Apertura,8,2019-09-01,17:00,Querétaro,Puebla,1,1,FALSE,,,
2019/20,Apertura,8,2019-09-01,19:00,FC Juárez,Monterrey,1,0,FALSE,,,
2019/20,Apertura,9,2019-09-13,19:00,Puebla,Atlético San Luis,1,3,FALSE,,,
2019/20,Apertura,9,2019-09-13,21:00,CD Veracruz,Cruz Azul,0,0,FALSE,,,
2019/20,Apertura,9,2019-09-13,21:06,Tijuana,UANL,1,1,FALSE,,,
2019/20,Apertura,9,2019-09-14,17:00,Monterrey,Necaxa,0,2,FALSE,,,
2019/20,Apertura,9,2019-09-14,19:00,Leon,FC Juárez,3,1,FALSE,,,
2019/20,Apertura,9,2019-09-14,,Guadalajara,Atlas,1,0,FALSE,,,
2019/20,Apertura,9,2019-09-14,21:06,America,UNAM,1,1,FALSE,,,
2019/20,Apertura,9,2019-09-15,12:00,Toluca,Monarcas Morelia,0,2,FALSE,,,
2019/20,Apertura,9,2019-09-15,18:45,Santos Laguna,Pachuca,2,2,FALSE,,,
2019/20,Apertura,10,2019-09-20,21:00,Monarcas Morelia,Guadalajara,1,0,FALSE,,,
2019/20,Apertura,10,2019-09-20,,Atlas,Toluca,0,1,FALSE,,,
2019/20,Apertura,10,2019-09-21,17:00,Atlético San Luis,Santos Laguna,2,3,FALSE,,,
2019/20,Apertura,10,2019-09-21,,Necaxa,Leon,2,4,FALSE,,,
2019/20,Apertura,10,2019-09-21,,Monterrey,Puebla,3,2,FALSE,,,
2019/20,Apertura,10,2019-09-21,19:00,Pachuca,Tijuana,4,1,FALSE,,,
2019/20,Apertura,10,2019-09-21,21:00,America,Querétaro,2,2,FALSE,,,
2019/20,Apertura,10,2019-09-22,12:00,UNAM,Cruz Azul,1,1,FALSE,,,
2019/20,Apertura,10,2019-09-22,19:00,FC Juárez,CD Veracruz,2,0,FALSE,,,
2019/20,Apertura,11,2019-09-24,19:00,Querétaro,Necaxa,1,2,FALSE,,,
2019/20,Apertura,11,2019-09-24,,UANL,Puebla,0,1,FALSE,,,
2019/20,Apertura,11,2019-09-24,21:00,Guadalajara,Pachuca,2,4,FALSE,,,
2019/20,Apertura,11,2019-09-24,,Leon,Atlas,1,1,FALSE,,,
2019/20,Apertura,11,2019-09-25,19:00,FC Juárez,America,1,1,FALSE,,,
2019/20,Apertura,11,2019-09-25,,Santos Laguna,CD Veracruz,5,0,FALSE,,,
2019/20,Apertura,11,2019-09-25,21:05,Cruz Azul,Monterrey,1,1,FALSE,,,
2019/20,Apertura,11,2019-09-25,21:06,Tijuana,Monarcas Morelia,3,2,FALSE,,,
2019/20,Apertura,11,2019-09-26,20:00,Toluca,Atlético San Luis,3,1,FALSE,,,
2019/20,Apertura,12,2019-09-27,19:00,Puebla,Leon,2,1,FALSE,,,
2019/20,Apertura,12,2019-09-27,21:00,Atlas,Querétaro,2,0,FALSE,,,
2019/20,Apertura,12,2019-09-28,17:00,Pachuca,Cruz Azul,2,0,FALSE,,,
2019/20,Apertura,12,2019-09-28,19:00,Necaxa,FC Juárez,0,0,FALSE,,,
2019/20,Apertura,12,2019-09-28,19:06,Monterrey,UANL,0,2,FALSE,,,
2019/20,Apertura,12,2019-09-28,21:05,America,Guadalajara,4,1,FALSE,,,
2019/20,Apertura,12,2019-09-29,12:00,UNAM,Santos Laguna,2,0,FALSE,,,
2019/20,Apertura,12,2019-09-29,17:00,Atlético San Luis,Tijuana,2,3,FALSE,,,
2019/20,Apertura,12,2019-09-29,19:00,CD Veracruz,Toluca,1,1,FALSE,,,
2019/20,Apertura,13,2019-10-04,21:00,Monarcas Morelia,Necaxa,2,3,FALSE,,,
2019/20,Apertura,13,2019-10-05,17:00,Leon,CD Veracruz,1,1,FALSE,,,
2019/20,Apertura,13,2019-10-05,19:00,Cruz Azul,America,5,2,FALSE,,,
2019/20,Apertura,13,2019-10-05,,UANL,Santos Laguna,4,0,FALSE,,,
2019/20,Apertura,13,2019-10-05,21:05,Guadalajara,UNAM,1,1,FALSE,,,
2019/20,Apertura,13,2019-10-05,21:06,Tijuana,Atlas,2,2,FALSE,,,
2019/20,Apertura,13,2019-10-06,12:00,Toluca,Puebla,1,1,FALSE,,,
2019/20,Apertura,13,2019-10-06,18:00,FC Juárez,Atlético San Luis,1,2,FALSE,,,
2019/20,Apertura,13,2019-10-06,20:00,Querétaro,Monterrey,2,1,FALSE,,,
2019/20,Apertura,14,2019-10-18,19:00,Puebla,Atlas,0,1,FALSE,,,
2019/20,Apertura,14,2019-10-18,21:00,CD Veracruz,UANL,1,3,FALSE,,,
2019/20,Apertura,14,2019-10-18,21:06,Santos Laguna,Tijuana,4,1,FALSE,,,
2019/20,Apertura,14,2019-10-19,17:00,Cruz Azul,Monarcas Morelia,2,3,FALSE,,,
2019/20,Apertura,14,2019-10-19,19:00,Pachuca,FC Juárez,0,1,FALSE,,,
2019/20,Apertura,14,2019-10-19,21:00,Necaxa,America,2,2,FALSE,,,
2019/20,Apertura,14,2019-10-20,12:00,UNAM,Leon,1,2,FALSE,,,
2019/20,Apertura,14,2019-10-20,17:00,Atlético San Luis,Querétaro,0,2,FALSE,,,
2019/20,Apertura,14,2019-10-20,19:00,Monterrey,Guadalajara,1,1,FALSE,,,
2019/20,Apertura,15,2019-10-25,19:00,Monarcas Morelia,Santos Laguna,2,2,FALSE,,,
2019/20,Apertura,15,2019-10-25,21:00,Tijuana,CD Veracruz,2,0,FALSE,,,
2019/20,Apertura,15,2019-10-25,,Atlas,Necaxa,0,2,FALSE,,,
2019/20,Apertura,15,2019-10-26,17:00,Querétaro,UNAM,3,0,FALSE,,,
2019/20,Apertura,15,2019-10-26,19:00,America,Puebla,2,0,FALSE,,,
2019/20,Apertura,15,2019-10-26,,Leon,Atlético San Luis,3,2,FALSE,,,
2019/20,Apertura,15,2019-10-26,21:05,UANL,Cruz Azul,1,1,FALSE,,,
2019/20,Apertura,15,2019-10-27,12:00,Toluca,Pachuca,2,0,FALSE,,,
2019/20,Apertura,15,2019-10-27,19:00,FC Juárez,Guadalajara,1,2,FALSE,,,
2019/20,Apertura,16,2019-10-29,19:00,Santos Laguna,Querétaro,1,0,FALSE,,,
2019/20,Apertura,16,2019-10-29,,CD Veracruz,Puebla,1,0,FALSE,,,
2019/20,Apertura,16,2019-10-29,,Atlético San Luis,America,0,1,FALSE,,,
2019/20,Apertura,16,2019-10-29,21:00,UNAM,Atlas,5,1,FALSE,,,
2019/20,Apertura,16,2019-10-30,19:00,Pachuca,Monterrey,2,3,FALSE,,,
2019/20,Apertura,16,2019-10-30,21:00,Guadalajara,Tijuana,0,1,FALSE,,,
2019/20,Apertura,16,2019-10-30,,UANL,Toluca,1,0,FALSE,,,
2019/20,Apertura,16,2019-10-31,19:00,Monarcas Morelia,FC Juárez,6,1,FALSE,,,
2019/20,Apertura,16,2019-10-31,21:00,Cruz Azul,Leon,1,0,FALSE,,,
2019/20,Apertura,17,2019-11-01,19:00,Puebla,UNAM,1,1,FALSE,,,
2019/20,Apertura,17,2019-11-01,21:00,Atlas,Atlético San Luis,1,2,FALSE,,,
2019/20,Apertura,17,2019-11-02,17:00,Querétaro,UANL,0,0,FALSE,,,
2019/20,Apertura,17,2019-11-02,19:00,America,Santos Laguna,1,2,FALSE,,,
2019/20,Apertura,17,2019-11-02,,Monterrey,CD Veracruz,1,1,FALSE,,,
2019/20,Apertura,17,2019-11-02,21:05,Necaxa,Pachuca,1,2,FALSE,,,
2019/20,Apertura,17,2019-11-03,12:00,Toluca,Guadalajara,1,3,FALSE,,,
2019/20,Apertura,17,2019-11-03,19:00,FC Juárez,Tijuana,3,0,FALSE,,,
2019/20,Apertura,17,2019-11-03,20:00,Leon,Monarcas Morelia,1,1,FALSE,,,
2019/20,Apertura,18,2019-11-08,19:00,Monarcas Morelia,Puebla,3,2,FALSE,,,
2019/20,Apertura,18,2019-11-08,21:00,CD Veracruz,America,0,5,FALSE,,,
2019/20,Apertura,18,2019-11-08,21:10,Tijuana,Monterrey,0,4,FALSE,,,
2019/20,Apertura,18,2019-11-09,17:00,Atlético San Luis,Necaxa,0,2,FALSE,,,
2019/20,Apertura,18,2019-11-09,19:00,UANL,Pachuca,0,0,FALSE,,,
2019/20,Apertura,18,2019-11-09,21:00,Guadalajara,Querétaro,3,2,FALSE,,,
2019/20,Apertura,18,2019-11-09,,Leon,Toluca,4,0,FALSE,,,
2019/20,Apertura,18,2019-11-10,12:00,UNAM,FC Juárez,1,1,FALSE,,,
2019/20,Apertura,18,2019-11-10,18:45,Santos Laguna,Cruz Azul,3,1,FALSE,,,
2019/20,Apertura,19,2019-11-22,19:00,Puebla,Necaxa,3,0,FALSE,,,
2019/20,Apertura,19,2019-11-22,21:10,Tijuana,Leon,1,2,FALSE,,,
2019/20,Apertura,19,2019-11-23,17:00,Querétaro,Monarcas Morelia,3,1,FALSE,,,
2019/20,Apertura,19,2019-11-23,19:00,Cruz Azul,Atlético San Luis,3,1,FALSE,,,
2019/20,Apertura,19,2019-11-23,,Monterrey,Atlas,2,0,FALSE,,,
2019/20,Apertura,19,2019-11-23,21:00,Pachuca,UNAM,2,0,FALSE,,,
2019/20,Apertura,19,2019-11-23,,Guadalajara,CD Veracruz,3,1,FALSE,,,
2019/20,Apertura,19,2019-11-24,12:00,Toluca,Santos Laguna,2,2,FALSE,,,
2019/20,Apertura,19,2019-11-24,19:00,FC Juárez,UANL,1,2,FALSE,,,
2019/20,Apertura,19,2019-11-27,19:00,Monarcas Morelia,Leon,3,3,FALSE,,,
2019/20,Apertura,19,2019-11-27,21:00,Necaxa,Querétaro,3,0,FALSE,,,
2019/20,Apertura,19,2019-11-28,19:06,Monterrey,Santos Laguna,5,2,FALSE,,,
2019/20,Apertura,19,2019-11-28,21:00,America,UANL,1,2,FALSE,,,
2019/20,Apertura,19,2019-11-30,19:00,Leon,Monarcas Morelia,1,2,FALSE,,,
2019/20,Apertura,19,2019-11-30,21:05,Querétaro,Necaxa,2,3,FALSE,,,
2019/20,Apertura,19,2019-12-01,19:00,Santos Laguna,Monterrey,1,1,FALSE,,,
2019/20,Apertura,19,2019-12-01,21:00,UANL,America,2,4,FALSE,,,
2019/20,Apertura,19,2019-12-04,21:06,Monterrey,Necaxa,2,1,FALSE,,,
2019/20,Apertura,19,2019-12-08,18:30,Monarcas Morelia,America,0,2,FALSE,,,
2019/20,Apertura,19,2019-12-07,20:30,Necaxa,Monterrey,0,1,FALSE,,,
2019/20,Apertura,19,2019-12-08,18:30,America,Monarcas Morelia,2,0,FALSE,,,
2019/20,Apertura,19,2019-12-26,20:36,Monterrey,America,2,1,FALSE,,,
2019/20,Apertura,19,2019-12-29,20:15,America,Monterrey,2,1,TRUE,2,4,
2019/20,Clausura,1,2020-01-10,21:00,Monarcas Morelia,Toluca,0,1,FALSE,,,
2019/20,Clausura,1,2020-01-10,21:10,Tijuana,Santos Laguna,2,1,FALSE,,,
2019/20,Clausura,1,2020-01-11,17:00,Cruz Azul,Atlas,1,2,FALSE,,,
2019/20,Clausura,1,2020-01-11,19:00,Guadalajara,FC Juárez,2,0,FALSE,,,
2019/20,Clausura,1,2020-01-11,,Leon,Querétaro,3,1,FALSE,,,
2019/20,Clausura,1,2020-01-11,21:05,UANL,Atlético San Luis,0,0,FALSE,,,
2019/20,Clausura,1,2020-01-12,12:00,UNAM,Pachuca,2,1,FALSE,,,
2019/20,Clausura,1,2020-02-04,20:30,Puebla,America,0,1,FALSE,,,
2019/20,Clausura,1,2020-02-05,20:30,Necaxa,Monterrey,2,2,FALSE,,,
2019/20,Clausura,2,2020-01-16,21:15,FC Juárez,UNAM,4,4,FALSE,,,
2019/20,Clausura,2,2020-01-17,19:00,Atlético San Luis,Cruz Azul,2,1,FALSE,,,
2019/20,Clausura,2,2020-01-17,21:00,Atlas,Puebla,0,1,FALSE,,,
2019/20,Clausura,2,2020-01-18,17:00,Monterrey,Monarcas Morelia,2,2,FALSE,,,
2019/20,Clausura,2,2020-01-18,19:00,Pachuca,Guadalajara,0,0,FALSE,,,
2019/20,Clausura,2,2020-01-18,21:00,America,UANL,1,0,FALSE,,,
2019/20,Clausura,2,2020-01-19,12:00,Toluca,Necaxa,2,3,FALSE,,,
2019/20,Clausura,2,2020-01-19,16:00,Querétaro,Tijuana,3,0,FALSE,,,
2019/20,Clausura,2,2020-01-19,18:45,Santos Laguna,Leon,3,2,FALSE,,,
2019/20,Clausura,3,2020-01-24,21:00,Puebla,Querétaro,0,1,FALSE,,,
2019/20,Clausura,3,2020-01-24,21:10,Tijuana,America,0,0,FALSE,,,
2019/20,Clausura,3,2020-01-25,17:00,Cruz Azul,Santos Laguna,3,0,FALSE,,,
2019/20,Clausura,3,2020-01-25,19:00,UANL,Atlas,2,1,FALSE,,,
2019/20,Clausura,3,2020-01-25,21:00,Leon,Pachuca,3,0,FALSE,,,
2019/20,Clausura,3,2020-01-25,21:05,Guadalajara,Toluca,2,2,FALSE,,,
2019/20,Clausura,3,2020-01-26,12:00,UNAM,Monterrey,1,0,FALSE,,,
2019/20,Clausura,3,2020-01-26,17:00,Necaxa,Atlético San Luis,1,1,FALSE,,,
2019/20,Clausura,3,2020-01-26,19:00,FC Juárez,Monarcas Morelia,3,0,FALSE,,,
2019/20,Clausura,4,2020-01-31,19:00,Atlético San Luis,Guadalajara,2,2,FALSE,,,
2019/20,Clausura,4,2020-01-31,21:00,Atlas,Tijuana,2,1,FALSE,,,
2019/20,Clausura,4,2020-02-01,17:00,Monarcas Morelia,Leon,1,2,FALSE,,,
2019/20,Clausura,4,2020-02-01,,Monterrey,Querétaro,1,2,FALSE,,,
2019/20,Clausura,4,2020-02-01,,Necaxa,Puebla,2,0,FALSE,,,
2019/20,Clausura,4,2020-02-01,19:00,Pachuca,UANL,2,0,FALSE,,,
2019/20,Clausura,4,2020-02-01,21:00,America,FC Juárez,1,3,FALSE,,,
2019/20,Clausura,4,2020-02-01,,Santos Laguna,UNAM,1,1,FALSE,,,
2019/20,Clausura,4,2020-02-02,12:00,Toluca,Cruz Azul,3,3,FALSE,,,
2019/20,Clausura,5,2020-02-06,21:15,Atlas,Monarcas Morelia,1,3,FALSE,,,
2019/20,Clausura,5,2020-02-07,21:00,Puebla,Santos Laguna,2,2,FALSE,,,
2019/20,Clausura,5,2020-02-07,21:10,Tijuana,Toluca,1,1,FALSE,,,
2019/20,Clausura,5,2020-02-08,17:00,Cruz Azul,Pachuca,3,1,FALSE,,,
2019/20,Clausura,5,2020-02-08,19:00,UANL,Guadalajara,3,0,FALSE,,,
2019/20,Clausura,5,2020-02-08,21:00,Leon,Monterrey,3,1,FALSE,,,
2019/20,Clausura,5,2020-02-09,12:00,UNAM,Atlético San Luis,4,0,FALSE,,,
2019/20,Clausura,5,2020-02-09,18:00,Querétaro,America,1,2,FALSE,,,
2019/20,Clausura,5,2020-02-09,20:00,FC Juárez,Necaxa,2,1,FALSE,,,
2019/20,Clausura,6,2020-02-14,19:00,Atlético San Luis,Leon,3,1,FALSE,,,
2019/20,Clausura,6,2020-02-14,21:00,Monarcas Morelia,Tijuana,1,1,FALSE,,,
2019/20,Clausura,6,2020-02-15,17:00,Pachuca,Puebla,1,0,FALSE,,,
2019/20,Clausura,6,2020-02-15,,Toluca,UNAM,2,3,FALSE,,,
2019/20,Clausura,6,2020-02-15,19:00,America,Atlas,2,0,FALSE,,,
2019/20,Clausura,6,2020-02-15,19:06,Monterrey,FC Juárez,1,1,FALSE,,,
2019/20,Clausura,6,2020-02-15,21:00,Guadalajara,Cruz Azul,1,2,FALSE,,,
2019/20,Clausura,6,2020-02-16,17:00,Necaxa,Querétaro,2,3,FALSE,,,
2019/20,Clausura,6,2020-02-16,18:45,Santos Laguna,UANL,2,1,FALSE,,,
2019/20,Clausura,7,2020-02-21,19:00,Atlas,Pachuca,0,2,FALSE,,,
2019/20,Clausura,7,2020-02-21,21:00,Puebla,Toluca,2,0,FALSE,,,
2019/20,Clausura,7,2020-02-21,21:10,Tijuana,Guadalajara,0,1,FALSE,,,
2019/20,Clausura,7,2020-02-22,17:00,Leon,Necaxa,2,1,FALSE,,,
2019/20,Clausura,7,2020-02-22,19:00,Cruz Azul,UANL,2,1,FALSE,,,
2019/20,Clausura,7,2020-02-22,21:00,Monterrey,America,0,1,FALSE,,,
2019/20,Clausura,7,2020-02-23,12:00,UNAM,Monarcas Morelia,1,2,FALSE,,,
2019/20,Clausura,7,2020-02-23,17:00,Querétaro,Atlético San Luis,0,1,FALSE,,,
2019/20,Clausura,7,2020-02-23,19:00,FC Juárez,Santos Laguna,1,2,FALSE,,,
2019/20,Clausura,8,2020-02-28,19:00,Atlético San Luis,FC Juárez,0,3,FALSE,,,
2019/20,Clausura,8,2020-02-28,,Toluca,Monterrey,2,0,FALSE,,,
2019/20,Clausura,8,2020-02-28,21:00,Monarcas Morelia,Cruz Azul,2,4,FALSE,,,
2019/20,Clausura,8,2020-02-28,21:10,Tijuana,Puebla,0,1,FALSE,,,
2019/20,Clausura,8,2020-02-29,17:00,Pachuca,Querétaro,1,1,FALSE,,,
2019/20,Clausura,8,2020-02-29,19:00,America,Necaxa,0,3,FALSE,,,
2019/20,Clausura,8,2020-02-29,21:00,UANL,UNAM,3,0,FALSE,,,
2019/20,Clausura,8,2020-03-01,17:00,Guadalajara,Leon,2,0,FALSE,,,
2019/20,Clausura,8,2020-03-01,18:45,Santos Laguna,Atlas,1,0,FALSE,,,
2019/20,Clausura,9,2020-03-06,19:00,Querétaro,Toluca,1,1,FALSE,,,
2019/20,Clausura,9,2020-03-06,20:00,UNAM,America,3,3,FALSE,,,
2019/20,Clausura,9,2020-03-06,21:00,Puebla,UANL,0,0,FALSE,,,
2019/20,Clausura,9,2020-03-07,17:00,Monterrey,Atlético San Luis,2,2,FALSE,,,
2019/20,Clausura,9,2020-03-07,,Cruz Azul,Tijuana,4,2,FALSE,,,
2019/20,Clausura,9,2020-03-07,19:00,Pachuca,Santos Laguna,1,0,FALSE,,,
2019/20,Clausura,9,2020-03-07,21:06,Atlas,Guadalajara,1,2,FALSE,,,
2019/20,Clausura,9,2020-03-08,17:00,Necaxa,Monarcas Morelia,1,2,FALSE,,,
2019/20,Clausura,9,2020-03-08,19:00,FC Juárez,Leon,1,4,FALSE,,,
2019/20,Clausura,10,2020-03-13,21:00,Monarcas Morelia,Querétaro,4,0,FALSE,,,
2019/20,Clausura,10,2020-03-13,21:10,Tijuana,Pachuca,3,2,FALSE,,,
2019/20,Clausura,10,2020-03-14,17:00,Atlético San Luis,Puebla,0,1,FALSE,,,
2019/20,Clausura,10,2020-03-14,19:00,UANL,FC Juárez,3,2,FALSE,,,
2019/20,Clausura,10,2020-03-14,,Leon,UNAM,3,1,FALSE,,,
2019/20,Clausura,10,2020-03-14,21:00,Guadalajara,Monterrey,1,1,FALSE,,,
2019/20,Clausura,10,2020-03-15,12:00,Toluca,Atlas,2,3,FALSE,,,
2019/20,Clausura,10,2020-03-15,18:00,Santos Laguna,Necaxa,2,1,FALSE,,,
2019/20,Clausura,10,2020-03-15,20:15,America,Cruz Azul,0,1,FALSE,,,
2020/21,Apertura,1,2020-07-24,19:30,Necaxa,UANL,0,3,FALSE,,,
2020/21,Apertura,1,2020-07-25,19:00,Guadalajara,Leon,0,0,FALSE,,,
2020/21,Apertura,1,2020-07-25,21:00,Tijuana,Atlas,3,1,FALSE,,,
2020/21,Apertura,1,2020-07-25,,Cruz Azul,Santos Laguna,2,0,FALSE,,,
2020/21,Apertura,1,2020-07-26,12:00,UNAM,Querétaro,3,2,FALSE,,,
2020/21,Apertura,1,2020-07-27,18:00,Atlético San Luis,FC Juárez,1,1,FALSE,,,
2020/21,Apertura,1,2020-07-27,20:00,Pachuca,America,1,2,FALSE,,,
2020/21,Apertura,1,2020-07-27,22:00,Mazatlan,Puebla,1,4,FALSE,,,
2020/21,Apertura,1,2020-07-28,19:00,Monterrey,Toluca,3,1,FALSE,,,
2020/21,Apertura,2,2020-07-31,19:30,Puebla,Cruz Azul,1,1,FALSE,,,
2020/21,Apertura,2,2020-07-31,21:30,FC Juárez,Necaxa,1,0,FALSE,,,
2020/21,Apertura,2,2020-08-01,19:00,UANL,Pachuca,1,1,FALSE,,,
2020/21,Apertura,2,2020-08-01,21:00,America,Tijuana,4,0,FALSE,,,
2020/21,Apertura,2,2020-08-02,12:00,Toluca,Atlético San Luis,3,2,FALSE,,,
2020/21,Apertura,2,2020-08-02,17:00,Querétaro,Mazatlan,1,1,FALSE,,,
2020/21,Apertura,2,2020-08-02,19:00,Santos Laguna,Guadalajara,2,0,FALSE,,,
2020/21,Apertura,2,2020-08-03,19:00,Atlas,UNAM,1,2,FALSE,,,
2020/21,Apertura,2,2020-08-03,21:00,Leon,Monterrey,1,0,FALSE,,,
2020/21,Apertura,3,2020-08-06,19:00,Pachuca,Querétaro,1,0,FALSE,,,
2020/21,Apertura,3,2020-08-06,21:06,Tijuana,UANL,0,0,FALSE,,,
2020/21,Apertura,3,2020-08-07,19:30,Necaxa,America,1,1,FALSE,,,
2020/21,Apertura,3,2020-08-07,21:30,Mazatlan,Toluca,2,1,FALSE,,,
2020/21,Apertura,3,2020-08-08,19:00,Cruz Azul,Leon,2,0,FALSE,,,
2020/21,Apertura,3,2020-08-08,19:06,Monterrey,Santos Laguna,2,2,FALSE,,,
2020/21,Apertura,3,2020-08-08,21:00,Guadalajara,Puebla,0,1,FALSE,,,
2020/21,Apertura,3,2020-08-09,12:00,UNAM,FC Juárez,1,1,FALSE,,,
2020/21,Apertura,3,2020-08-09,19:00,Atlético San Luis,Atlas,1,1,FALSE,,,
2020/21,Apertura,4,2020-08-11,17:00,Necaxa,Mazatlan,1,0,FALSE,,,
2020/21,Apertura,4,2020-08-11,19:00,Pachuca,Leon,0,1,FALSE,,,
2020/21,Apertura,4,2020-08-11,21:00,UANL,Puebla,2,1,FALSE,,,
2020/21,Apertura,4,2020-08-12,17:00,Querétaro,Cruz Azul,1,0,FALSE,,,
2020/21,Apertura,4,2020-08-12,19:00,FC Juárez,Guadalajara,0,2,FALSE,,,
2020/21,Apertura,4,2020-08-12,21:00,UNAM,Monterrey,1,1,FALSE,,,
2020/21,Apertura,4,2020-08-12,21:06,Tijuana,Atlético San Luis,0,2,FALSE,,,
2020/21,Apertura,4,2020-08-13,19:00,Atlas,Toluca,1,2,FALSE,,,
2020/21,Apertura,4,2020-08-13,21:00,America,Santos Laguna,3,1,FALSE,,,
2020/21,Apertura,5,2020-08-14,21:30,Puebla,Pachuca,0,1,FALSE,,,
2020/21,Apertura,5,2020-08-15,17:00,Guadalajara,Atlético San Luis,2,1,FALSE,,,
2020/21,Apertura,5,2020-08-15,19:00,Cruz Azul,FC Juárez,3,2,FALSE,,,
2020/21,Apertura,5,2020-08-15,21:00,Mazatlan,UNAM,0,0,FALSE,,,
2020/21,Apertura,5,2020-08-15,21:06,Monterrey,Necaxa,1,1,FALSE,,,
2020/21,Apertura,5,2020-08-16,12:00,Toluca,UANL,3,2,FALSE,,,
2020/21,Apertura,5,2020-08-16,19:06,Santos Laguna,Atlas,0,0,FALSE,,,
2020/21,Apertura,5,2020-08-16,21:00,Querétaro,America,4,1,FALSE,,,
2020/21,Apertura,5,2020-08-17,21:00,Leon,Tijuana,2,1,FALSE,,,
2020/21,Apertura,6,2020-08-21,19:30,Necaxa,Santos Laguna,2,1,FALSE,,,
2020/21,Apertura,6,2020-08-21,21:30,FC Juárez,Leon,0,0,FALSE,,,
2020/21,Apertura,6,2020-08-22,17:00,Atlas,Querétaro,1,0,FALSE,,,
2020/21,Apertura,6,2020-08-22,19:00,UANL,UNAM,1,1,FALSE,,,
2020/21,Apertura,6,2020-08-22,21:00,America,Monterrey,1,3,FALSE,,,
2020/21,Apertura,6,2020-08-23,17:30,Toluca,Guadalajara,1,0,FALSE,,,
2020/21,Apertura,6,2020-08-23,19:35,Atlético San Luis,Cruz Azul,1,3,FALSE,,,
2020/21,Apertura,6,2020-08-23,21:06,Tijuana,Puebla,1,0,FALSE,,,
2020/21,Apertura,6,2020-08-24,21:05,Pachuca,Mazatlan,4,3,FALSE,,,
2020/21,Apertura,7,2020-08-28,19:30,Puebla,Toluca,4,1,FALSE,,,
2020/21,Apertura,7,2020-08-28,21:30,Mazatlan,UANL,1,1,FALSE,,,
2020/21,Apertura,7,2020-08-29,19:00,Atlético San Luis,America,1,2,FALSE,,,
2020/21,Apertura,7,2020-08-29,,Guadalajara,Pachuca,0,0,FALSE,,,
2020/21,Apertura,7,2020-08-29,21:00,Cruz Azul,Necaxa,3,0,FALSE,,,
2020/21,Apertura,7,2020-08-30,12:00,UNAM,Tijuana,3,0,FALSE,,,
2020/21,Apertura,7,2020-08-30,19:06,Santos Laguna,Querétaro,2,1,FALSE,,,
2020/21,Apertura,7,2020-08-30,21:06,Monterrey,FC Juárez,2,1,FALSE,,,
2020/21,Apertura,7,2020-08-31,21:05,Leon,Atlas,2,1,FALSE,,,
2020/21,Apertura,8,2020-09-02,20:00,America,Mazatlan,3,1,FALSE,,,
2020/21,Apertura,8,2020-09-03,19:00,Querétaro,Toluca,4,1,FALSE,,,
2020/21,Apertura,8,2020-09-03,21:00,Pachuca,Atlético San Luis,3,1,FALSE,,,
2020/21,Apertura,8,2020-09-04,19:30,Necaxa,Leon,0,2,FALSE,,,
2020/21,Apertura,8,2020-09-04,21:06,Tijuana,Monterrey,2,1,FALSE,,,
2020/21,Apertura,8,2020-09-04,21:30,FC Juárez,Santos Laguna,1,1,FALSE,,,
2020/21,Apertura,8,2020-09-05,17:00,UNAM,Puebla,4,1,FALSE,,,
2020/21,Apertura,8,2020-09-05,19:00,Atlas,Cruz Azul,1,0,FALSE,,,
2020/21,Apertura,8,2020-09-05,21:00,UANL,Guadalajara,1,3,FALSE,,,
2020/21,Apertura,9,2020-09-08,17:00,Atlético San Luis,Necaxa,2,1,FALSE,,,
2020/21,Apertura,9,2020-09-08,19:00,Toluca,FC Juárez,0,1,FALSE,,,
2020/21,Apertura,9,2020-09-08,19:06,Monterrey,Atlas,1,1,FALSE,,,
2020/21,Apertura,9,2020-09-08,21:00,Guadalajara,Querétaro,1,1,FALSE,,,
2020/21,Apertura,9,2020-09-08,,Puebla,America,2,3,FALSE,,,
2020/21,Apertura,9,2020-09-09,17:00,Leon,UANL,1,1,FALSE,,,
2020/21,Apertura,9,2020-09-09,19:00,Cruz Azul,Pachuca,1,0,FALSE,,,
2020/21,Apertura,9,2020-09-09,21:00,Mazatlan,Tijuana,1,0,FALSE,,,
2020/21,Apertura,9,2020-09-09,21:06,Santos Laguna,UNAM,1,2,FALSE,,,
2020/21,Apertura,10,2020-09-11,19:30,Necaxa,Guadalajara,1,2,FALSE,,,
2020/21,Apertura,10,2020-09-11,21:30,FC Juárez,Puebla,1,0,FALSE,,,
2020/21,Apertura,10,2020-09-12,17:00,Atlas,Mazatlan,1,1,FALSE,,,
2020/21,Apertura,10,2020-09-12,19:00,UANL,Santos Laguna,2,0,FALSE,,,
2020/21,Apertura,10,2020-09-12,21:00,America,Toluca,1,1,FALSE,,,
2020/21,Apertura,10,2020-09-13,12:00,UNAM,Atlético San Luis,3,0,FALSE,,,
2020/21,Apertura,10,2020-09-13,19:00,Querétaro,Leon,2,3,FALSE,,,
2020/21,Apertura,10,2020-09-13,21:06,Tijuana,Cruz Azul,1,2,FALSE,,,
2020/21,Apertura,10,2020-09-14,21:00,Pachuca,Monterrey,1,1,FALSE,,,
2020/21,Apertura,11,2020-09-18,19:30,Necaxa,Puebla,0,1,FALSE,,,
2020/21,Apertura,11,2020-09-18,21:30,Mazatlan,Cruz Azul,2,3,FALSE,,,
2020/21,Apertura,11,2020-09-19,17:00,Atlas,Pachuca,0,1,FALSE,,,
2020/21,Apertura,11,2020-09-19,19:00,UANL,Querétaro,3,0,FALSE,,,
2020/21,Apertura,11,2020-09-19,21:00,America,Guadalajara,1,0,FALSE,,,
2020/21,Apertura,11,2020-09-20,12:00,Toluca,Santos Laguna,1,2,FALSE,,,
2020/21,Apertura,11,2020-09-20,19:00,Atlético San Luis,Monterrey,1,2,FALSE,,,
2020/21,Apertura,11,2020-09-21,21:00,Leon,UNAM,2,0,FALSE,,,
2020/21,Apertura,11,2020-09-30,19:06,Tijuana,FC Juárez,2,1,FALSE,,,
2020/21,Apertura,12,2020-09-24,21:00,Pachuca,Toluca,0,0,FALSE,,,
2020/21,Apertura,12,2020-09-25,19:30,Puebla,Querétaro,3,3,FALSE,,,
2020/21,Apertura,12,2020-09-25,21:30,FC Juárez,Atlas,0,1,FALSE,,,
2020/21,Apertura,12,2020-09-26,17:00,Guadalajara,Mazatlan,2,1,FALSE,,,
2020/21,Apertura,12,2020-09-26,19:00,UNAM,Necaxa,1,1,FALSE,,,
2020/21,Apertura,12,2020-09-26,21:06,Monterrey,UANL,0,2,FALSE,,,
2020/21,Apertura,12,2020-09-27,17:00,Atlético San Luis,Leon,0,2,FALSE,,,
2020/21,Apertura,12,2020-09-27,20:45,Cruz Azul,America,0,0,FALSE,,,
2020/21,Apertura,12,2020-10-11,19:06,Santos Laguna,Tijuana,2,0,FALSE,,,
2020/21,Apertura,13,2020-10-02,19:30,Puebla,Santos Laguna,0,2,FALSE,,,
2020/21,Apertura,13,2020-10-02,21:30,Leon,Mazatlan,2,1,FALSE,,,
2020/21,Apertura,13,2020-10-03,17:00,Atlas,Necaxa,0,1,FALSE,,,
2020/21,Apertura,13,2020-10-03,19:00,UANL,Atlético San Luis,3,0,FALSE,,,
2020/21,Apertura,13,2020-10-03,21:00,America,UNAM,2,2,FALSE,,,
2020/21,Apertura,13,2020-10-04,12:00,Toluca,Cruz Azul,2,0,FALSE,,,
2020/21,Apertura,13,2020-10-04,17:00,FC Juárez,Pachuca,1,1,FALSE,,,
2020/21,Apertura,13,2020-10-04,19:00,Querétaro,Monterrey,1,2,FALSE,,,
2020/21,Apertura,13,2020-10-04,21:06,Tijuana,Guadalajara,0,0,FALSE,,,
2020/21,Apertura,14,2020-10-15,21:00,Atlético San Luis,Querétaro,2,1,FALSE,,,
2020/21,Apertura,14,2020-10-16,19:30,Necaxa,Tijuana,2,0,FALSE,,,
2020/21,Apertura,14,2020-10-16,21:30,Mazatlan,FC Juárez,3,2,FALSE,,,
2020/21,Apertura,14,2020-10-17,17:06,Monterrey,Puebla,3,1,FALSE,,,
2020/21,Apertura,14,2020-10-17,19:00,Guadalajara,Atlas,3,2,FALSE,,,
2020/21,Apertura,14,2020-10-17,21:00,Cruz Azul,UANL,0,2,FALSE,,,
2020/21,Apertura,14,2020-10-18,12:00,UNAM,Toluca,1,0,FALSE,,,
2020/21,Apertura,14,2020-10-18,19:06,Santos Laguna,Pachuca,1,1,FALSE,,,
2020/21,Apertura,14,2020-10-19,21:00,Leon,America,3,2,FALSE,,,
2020/21,Apertura,15,2020-10-23,19:30,Puebla,Leon,1,2,FALSE,,,
2020/21,Apertura,15,2020-10-24,17:00,Querétaro,Necaxa,0,1,FALSE,,,
2020/21,Apertura,15,2020-10-24,19:00,UANL,FC Juárez,1,1,FALSE,,,
2020/21,Apertura,15,2020-10-24,21:00,Mazatlan,Monterrey,1,2,FALSE,,,
2020/21,Apertura,15,2020-10-24,,America,Atlas,1,0,FALSE,,,
2020/21,Apertura,15,2020-10-25,12:00,Toluca,Tijuana,2,0,FALSE,,,
2020/21,Apertura,15,2020-10-25,17:30,Guadalajara,Cruz Azul,0,2,FALSE,,,
2020/21,Apertura,15,2020-10-25,19:06,Santos Laguna,Atlético San Luis,2,1,FALSE,,,
2020/21,Apertura,15,2020-10-26,21:00,Pachuca,UNAM,1,1,FALSE,,,
2020/21,Apertura,16,2020-10-29,21:00,Atlético San Luis,Mazatlan,0,5,FALSE,,,
2020/21,Apertura,16,2020-10-30,19:30,Necaxa,Toluca,3,2,FALSE,,,
2020/21,Apertura,16,2020-10-30,21:06,Tijuana,Pachuca,0,2,FALSE,,,
2020/21,Apertura,16,2020-10-30,21:30,FC Juárez,Querétaro,1,0,FALSE,,,
2020/21,Apertura,16,2020-10-31,17:00,Atlas,Puebla,0,1,FALSE,,,
2020/21,Apertura,16,2020-10-31,19:00,UNAM,Guadalajara,2,2,FALSE,,,
2020/21,Apertura,16,2020-10-31,21:06,Monterrey,Cruz Azul,1,0,FALSE,,,
2020/21,Apertura,16,2020-11-01,17:30,America,UANL,3,1,FALSE,,,
2020/21,Apertura,16,2020-11-02,21:00,Leon,Santos Laguna,2,1,FALSE,,,
2020/21,Apertura,17,2020-11-06,19:30,Puebla,Atlético San Luis,1,0,FALSE,,,
2020/21,Apertura,17,2020-11-06,21:30,FC Juárez,America,1,1,FALSE,,,
2020/21,Apertura,17,2020-11-07,17:00,Guadalajara,Monterrey,3,1,FALSE,,,
2020/21,Apertura,17,2020-11-07,,Pachuca,Necaxa,0,1,FALSE,,,
2020/21,Apertura,17,2020-11-07,19:00,UANL,Atlas,1,1,FALSE,,,
2020/21,Apertura,17,2020-11-07,21:00,Cruz Azul,UNAM,1,2,FALSE,,,
2020/21,Apertura,17,2020-11-08,12:00,Toluca,Leon,2,2,FALSE,,,
2020/21,Apertura,17,2020-11-08,19:06,Santos Laguna,Mazatlan,4,0,FALSE,,,
2020/21,Apertura,17,2020-11-08,21:06,Querétaro,Tijuana,2,2,FALSE,,,
2020/21,Apertura,17,2020-11-21,19:00,Santos Laguna,Pachuca,0,3,FALSE,,,
2020/21,Apertura,17,2020-11-21,21:10,Guadalajara,Necaxa,1,0,FALSE,,,
2020/21,Apertura,17,2020-11-22,19:00,UANL,Toluca,2,1,FALSE,,,
2020/21,Apertura,17,2020-11-22,21:10,Monterrey,Puebla,2,2,TRUE,2,4,
2020/21,Apertura,17,2020-11-25,19:00,Puebla,Leon,2,1,FALSE,,,
2020/21,Apertura,17,2020-11-25,21:06,Guadalajara,America,1,0,FALSE,,,
2020/21,Apertura,17,2020-11-26,19:00,UANL,Cruz Azul,1,3,FALSE,,,
2020/21,Apertura,17,2020-11-26,21:06,Pachuca,UNAM,0,1,FALSE,,,
2020/21,Apertura,17,2020-11-28,19:00,Leon,Puebla,2,0,FALSE,,,
2020/21,Apertura,17,2020-11-28,21:06,America,Guadalajara,1,2,FALSE,,,
2020/21,Apertura,17,2020-11-29,12:00,UNAM,Pachuca,0,0,FALSE,,,
2020/21,Apertura,17,2020-11-29,18:30,Cruz Azul,UANL,0,1,FALSE,,,
2020/21,Apertura,17,2020-12-02,21:05,Guadalajara,Leon,1,1,FALSE,,,
2020/21,Apertura,17,2020-12-03,21:00,Cruz Azul,UNAM,4,0,FALSE,,,
2020/21,Apertura,17,2020-12-05,21:00,Leon,Guadalajara,1,0,FALSE,,,
2020/21,Apertura,17,2020-12-06,18:30,UNAM,Cruz Azul,4,0,FALSE,,,
2020/21,Apertura,17,2020-12-10,21:00,UNAM,Leon,1,1,FALSE,,,
2020/21,Apertura,17,2020-12-13,20:30,Leon,UNAM,2,0,FALSE,,,
2020/21,Clausura,1,2021-01-08,19:30,Puebla,Guadalajara,1,1,FALSE,,,
2020/21,Clausura,1,2021-01-08,21:06,Tijuana,UNAM,0,0,FALSE,,,
2020/21,Clausura,1,2021-01-08,21:30,Mazatlan,Necaxa,3,2,FALSE,,,
2020/21,Clausura,1,2021-01-09,17:00,Atlas,Monterrey,0,2,FALSE,,,
2020/21,Clausura,1,2021-01-09,19:00,UANL,Leon,2,0,FALSE,,,
2020/21,Clausura,1,2021-01-09,21:00,America,Atlético San Luis,2,1,FALSE,,,
2020/21,Clausura,1,2021-01-10,12:00,Toluca,Querétaro,3,1,FALSE,,,
2020/21,Clausura,1,2021-01-10,19:06,Santos Laguna,Cruz Azul,1,0,FALSE,,,
2020/21,Clausura,1,2021-01-11,21:00,Pachuca,FC Juárez,1,1,FALSE,,,
2020/21,Clausura,2,2021-01-15,19:30,Necaxa,Atlético San Luis,1,0,FALSE,,,
2020/21,Clausura,2,2021-01-15,21:30,FC Juárez,Tijuana,0,0,FALSE,,,
2020/21,Clausura,2,2021-01-16,17:00,Guadalajara,Toluca,1,1,FALSE,,,
2020/21,Clausura,2,2021-01-16,19:00,Cruz Azul,Puebla,0,1,FALSE,,,
2020/21,Clausura,2,2021-01-16,21:06,Monterrey,America,1,0,FALSE,,,
2020/21,Clausura,2,2021-01-17,12:00,UNAM,Mazatlan,3,0,FALSE,,,
2020/21,Clausura,2,2021-01-17,19:06,Santos Laguna,UANL,2,0,FALSE,,,
2020/21,Clausura,2,2021-01-17,21:06,Querétaro,Atlas,1,0,FALSE,,,
2020/21,Clausura,2,2021-01-18,21:00,Leon,Pachuca,0,0,FALSE,,,
2020/21,Clausura,3,2021-01-21,21:00,Atlético San Luis,Guadalajara,3,1,FALSE,,,
2020/21,Clausura,3,2021-01-22,19:30,Puebla,Tijuana,0,1,FALSE,,,
2020/21,Clausura,3,2021-01-22,21:30,Mazatlan,Santos Laguna,0,0,FALSE,,,
2020/21,Clausura,3,2021-01-23,19:00,Atlas,UANL,0,2,FALSE,,,
2020/21,Clausura,3,2021-01-24,12:00,Toluca,Necaxa,2,0,FALSE,,,
2020/21,Clausura,3,2021-01-24,19:00,Querétaro,UNAM,2,0,FALSE,,,
2020/21,Clausura,3,2021-01-25,21:00,Pachuca,Cruz Azul,0,1,FALSE,,,
2020/21,Clausura,3,2021-01-26,20:30,America,FC Juárez,2,0,FALSE,,,
2020/21,Clausura,3,2021-03-10,21:00,Monterrey,Leon,1,1,FALSE,,,
2020/21,Clausura,4,2021-01-28,21:00,UANL,Necaxa,1,1,FALSE,,,
2020/21,Clausura,4,2021-01-29,21:30,Mazatlan,Pachuca,1,0,FALSE,,,
2020/21,Clausura,4,2021-01-30,19:00,Guadalajara,FC Juárez,1,2,FALSE,,,
2020/21,Clausura,4,2021-01-30,21:00,Cruz Azul,Querétaro,4,1,FALSE,,,
2020/21,Clausura,4,2021-01-30,21:06,Tijuana,Toluca,3,2,FALSE,,,
2020/21,Clausura,4,2021-01-31,12:00,UNAM,Atlas,0,0,FALSE,,,
2020/21,Clausura,4,2021-01-31,19:06,Santos Laguna,America,1,1,FALSE,,,
2020/21,Clausura,4,2021-02-01,21:00,Leon,Atlético San Luis,3,1,FALSE,,,
2020/21,Clausura,4,2021-02-02,21:00,Puebla,Monterrey,0,0,FALSE,,,
2020/21,Clausura,5,2021-02-04,19:00,Atlético San Luis,Tijuana,2,2,FALSE,,,
2020/21,Clausura,5,2021-02-04,21:00,Querétaro,Pachuca,3,1,FALSE,,,
2020/21,Clausura,5,2021-02-05,21:30,Necaxa,Cruz Azul,0,2,FALSE,,,
2020/21,Clausura,5,2021-02-06,17:00,Atlas,Santos Laguna,1,1,FALSE,,,
2020/21,Clausura,5,2021-02-06,19:00,America,Puebla,1,0,FALSE,,,
2020/21,Clausura,5,2021-02-06,21:00,Monterrey,UNAM,1,0,FALSE,,,
2020/21,Clausura,5,2021-02-07,12:00,Toluca,Mazatlan,4,1,FALSE,,,
2020/21,Clausura,5,2021-02-08,21:00,Leon,Guadalajara,1,3,FALSE,,,
2020/21,Clausura,5,2021-04-14,21:00,FC Juárez,UANL,2,3,FALSE,,,
2020/21,Clausura,6,2021-02-12,19:30,Puebla,FC Juárez,4,0,FALSE,,,
2020/21,Clausura,6,2021-02-12,21:06,Tijuana,Leon,2,0,FALSE,,,
2020/21,Clausura,6,2021-02-12,21:30,Mazatlan,Atlético San Luis,0,3,FALSE,,,
2020/21,Clausura,6,2021-02-13,19:00,Guadalajara,Necaxa,2,2,FALSE,,,
2020/21,Clausura,6,2021-02-13,21:00,America,Querétaro,2,1,FALSE,,,
2020/21,Clausura,6,2021-02-14,12:00,Toluca,UNAM,1,0,FALSE,,,
2020/21,Clausura,6,2021-02-14,19:06,Santos Laguna,Monterrey,1,0,FALSE,,,
2020/21,Clausura,6,2021-02-15,21:00,Pachuca,Atlas,0,1,FALSE,,,
2020/21,Clausura,6,2021-02-17,21:00,UANL,Cruz Azul,0,2,FALSE,,,
2020/21,Clausura,7,2021-02-18,21:00,Atlético San Luis,Santos Laguna,1,0,FALSE,,,
2020/21,Clausura,7,2021-02-19,19:30,Necaxa,Monterrey,1,1,FALSE,,,
2020/21,Clausura,7,2021-02-19,21:30,FC Juárez,Mazatlan,1,0,FALSE,,,
2020/21,Clausura,7,2021-02-20,19:00,Cruz Azul,Toluca,3,2,FALSE,,,
2020/21,Clausura,7,2021-02-20,21:00,Atlas,America,3,0,FALSE,,,
2020/21,Clausura,7,2021-02-21,12:00,UNAM,Leon,0,1,FALSE,,,
2020/21,Clausura,7,2021-02-21,17:00,Querétaro,Puebla,1,1,FALSE,,,
2020/21,Clausura,7,2021-02-21,19:00,UANL,Tijuana,3,2,FALSE,,,
2020/21,Clausura,7,2021-02-22,21:00,Pachuca,Guadalajara,1,1,FALSE,,,
2020/21,Clausura,8,2021-02-25,21:00,Atlético San Luis,UANL,2,2,FALSE,,,
2020/21,Clausura,8,2021-02-26,19:30,Puebla,Necaxa,1,0,FALSE,,,
2020/21,Clausura,8,2021-02-26,21:30,Mazatlan,Querétaro,3,0,FALSE,,,
2020/21,Clausura,8,2021-02-27,17:00,Toluca,Atlas,0,0,FALSE,,,
2020/21,Clausura,8,2021-02-27,19:00,America,Pachuca,2,0,FALSE,,,
2020/21,Clausura,8,2021-02-27,21:00,Leon,Cruz Azul,0,1,FALSE,,,
2020/21,Clausura,8,2021-02-28,17:00,Monterrey,Tijuana,1,1,FALSE,,,
2020/21,Clausura,8,2021-02-28,19:06,Santos Laguna,FC Juárez,3,2,FALSE,,,
2020/21,Clausura,8,2021-02-28,21:00,Guadalajara,UNAM,2,1,FALSE,,,
2020/21,Clausura,9,2021-03-02,17:00,Atlas,Atlético San Luis,3,1,FALSE,,,
2020/21,Clausura,9,2021-03-02,19:00,UANL,Toluca,0,1,FALSE,,,
2020/21,Clausura,9,2021-03-02,21:00,Leon,Puebla,1,2,FALSE,,,
2020/21,Clausura,9,2021-03-03,19:00,FC Juárez,Monterrey,1,6,FALSE,,,
2020/21,Clausura,9,2021-03-03,,Querétaro,Guadalajara,2,2,FALSE,,,
2020/21,Clausura,9,2021-03-03,21:00,Cruz Azul,Mazatlan,1,0,FALSE,,,
2020/21,Clausura,9,2021-03-03,21:06,Tijuana,America,0,2,FALSE,,,
2020/21,Clausura,9,2021-03-04,19:00,Necaxa,Pachuca,2,2,FALSE,,,
2020/21,Clausura,9,2021-03-04,21:00,UNAM,Santos Laguna,1,0,FALSE,,,
2020/21,Clausura,10,2021-03-05,19:30,Atlético San Luis,Toluca,0,0,FALSE,,,
2020/21,Clausura,10,2021-03-05,21:30,Puebla,UANL,1,1,FALSE,,,
2020/21,Clausura,10,2021-03-06,17:00,Atlas,FC Juárez,2,0,FALSE,,,
2020/21,Clausura,10,2021-03-06,19:00,America,Leon,2,1,FALSE,,,
2020/21,Clausura,10,2021-03-06,19:06,Monterrey,Querétaro,2,1,FALSE,,,
2020/21,Clausura,10,2021-03-06,21:00,Mazatlan,Guadalajara,1,1,FALSE,,,
2020/21,Clausura,10,2021-03-07,19:06,Santos Laguna,Necaxa,3,1,FALSE,,,
2020/21,Clausura,10,2021-03-07,21:00,UNAM,Cruz Azul,0,1,FALSE,,,
2020/21,Clausura,10,2021-03-08,21:00,Pachuca,Tijuana,2,1,FALSE,,,
2020/21,Clausura,11,2021-03-12,19:30,Puebla,Atlas,0,1,FALSE,,,
2020/21,Clausura,11,2021-03-12,21:30,FC Juárez,UNAM,1,1,FALSE,,,
2020/21,Clausura,11,2021-03-13,19:00,UANL,Mazatlan,1,2,FALSE,,,
2020/21,Clausura,11,2021-03-13,21:00,Cruz Azul,Monterrey,1,0,FALSE,,,
2020/21,Clausura,11,2021-03-13,21:05,Tijuana,Santos Laguna,0,1,FALSE,,,
2020/21,Clausura,11,2021-03-14,12:00,Toluca,Pachuca,0,2,FALSE,,,
2020/21,Clausura,11,2021-03-14,18:00,Querétaro,Atlético San Luis,2,1,FALSE,,,
2020/21,Clausura,11,2021-03-14,20:00,Guadalajara,America,0,3,FALSE,,,
2020/21,Clausura,11,2021-03-15,21:00,Leon,Necaxa,3,1,FALSE,,,
2020/21,Clausura,12,2021-03-18,20:00,Pachuca,UANL,1,0,FALSE,,,
2020/21,Clausura,12,2021-03-19,19:00,Necaxa,FC Juárez,1,0,FALSE,,,
2020/21,Clausura,12,2021-03-19,21:00,Mazatlan,America,0,1,FALSE,,,
2020/21,Clausura,12,2021-03-20,17:00,Atlético San Luis,UNAM,0,1,FALSE,,,
2020/21,Clausura,12,2021-03-20,19:00,Cruz Azul,Atlas,3,2,FALSE,,,
2020/21,Clausura,12,2021-03-20,21:05,Tijuana,Querétaro,3,1,FALSE,,,
2020/21,Clausura,12,2021-03-21,12:00,Toluca,Puebla,4,4,FALSE,,,
2020/21,Clausura,12,2021-03-21,19:06,Santos Laguna,Leon,1,2,FALSE,,,
2020/21,Clausura,12,2021-04-21,21:10,Monterrey,Guadalajara,1,2,FALSE,,,
2020/21,Clausura,13,2021-04-02,19:30,Puebla,Mazatlan,3,1,FALSE,,,
2020/21,Clausura,13,2021-04-02,21:30,FC Juárez,Cruz Azul,0,1,FALSE,,,
2020/21,Clausura,13,2021-04-03,17:00,Atlas,Tijuana,1,0,FALSE,,,
2020/21,Clausura,13,2021-04-03,19:00,America,Necaxa,2,1,FALSE,,,
2020/21,Clausura,13,2021-04-03,21:06,Monterrey,Atlético San Luis,2,0,FALSE,,,
2020/21,Clausura,13,2021-04-04,12:00,UNAM,Pachuca,2,2,FALSE,,,
2020/21,Clausura,13,2021-04-04,17:00,Guadalajara,Santos Laguna,1,1,FALSE,,,
2020/21,Clausura,13,2021-04-04,19:00,Querétaro,UANL,0,1,FALSE,,,
2020/21,Clausura,13,2021-04-04,21:05,Leon,Toluca,2,1,FALSE,,,
2020/21,Clausura,14,2021-04-09,19:30,Necaxa,UNAM,0,1,FALSE,,,
2020/21,Clausura,14,2021-04-09,21:30,FC Juárez,Atlético San Luis,2,1,FALSE,,,
2020/21,Clausura,14,2021-04-10,17:00,Atlas,Leon,1,3,FALSE,,,
2020/21,Clausura,14,2021-04-10,19:00,Cruz Azul,Guadalajara,1,0,FALSE,,,
2020/21,Clausura,14,2021-04-10,21:05,UANL,America,1,3,FALSE,,,
2020/21,Clausura,14,2021-04-11,12:00,Toluca,Monterrey,1,2,FALSE,,,
2020/21,Clausura,14,2021-04-11,19:00,Querétaro,Santos Laguna,1,0,FALSE,,,
2020/21,Clausura,14,2021-04-11,21:06,Tijuana,Mazatlan,2,3,FALSE,,,
2020/21,Clausura,14,2021-04-12,21:00,Pachuca,Puebla,1,3,FALSE,,,
2020/21,Clausura,15,2021-04-16,19:30,Necaxa,Querétaro,0,0,FALSE,,,
2020/21,Clausura,15,2021-04-16,21:30,Mazatlan,Atlas,0,0,FALSE,,,
2020/21,Clausura,15,2021-04-17,17:00,Atlético San Luis,Puebla,1,4,FALSE,,,
2020/21,Clausura,15,2021-04-17,19:00,Guadalajara,Tijuana,2,0,FALSE,,,
2020/21,Clausura,15,2021-04-17,21:05,America,Cruz Azul,1,1,FALSE,,,
2020/21,Clausura,15,2021-04-18,12:00,UNAM,UANL,0,0,FALSE,,,
2020/21,Clausura,15,2021-04-18,19:00,Santos Laguna,Toluca,3,1,FALSE,,,
2020/21,Clausura,15,2021-04-18,21:06,Monterrey,Pachuca,0,1,FALSE,,,
2020/21,Clausura,15,2021-04-19,21:00,Leon,FC Juárez,2,0,FALSE,,,
2020/21,Clausura,16,2021-04-23,19:30,Puebla,UNAM,0,0,FALSE,,,
2020/21,Clausura,16,2021-04-23,21:06,Tijuana,Necaxa,1,0,FALSE,,,
2020/21,Clausura,16,2021-04-23,21:35,Mazatlan,Leon,4,3,FALSE,,,
2020/21,Clausura,16,2021-04-24,17:00,Cruz Azul,Atlético San Luis,3,2,FALSE,,,
2020/21,Clausura,16,2021-04-24,19:00,Atlas,Guadalajara,0,1,FALSE,,,
2020/21,Clausura,16,2021-04-24,21:10,UANL,Monterrey,2,1,FALSE,,,
2020/21,Clausura,16,2021-04-25,17:30,Toluca,America,3,1,FALSE,,,
2020/21,Clausura,16,2021-04-25,19:30,Querétaro,FC Juárez,1,0,FALSE,,,
2020/21,Clausura,16,2021-04-26,21:00,Pachuca,Santos Laguna,1,0,FALSE,,,
2020/21,Clausura,17,2021-04-29,21:00,Atlético San Luis,Pachuca,1,5,FALSE,,,
2020/21,Clausura,17,2021-04-30,19:30,Necaxa,Atlas,1,5,FALSE,,,
2020/21,Clausura,17,2021-04-30,21:30,FC Juárez,Toluca,1,0,FALSE,,,
2020/21,Clausura,17,2021-05-01,17:00,Guadalajara,UANL,0,0,FALSE,,,
2020/21,Clausura,17,2021-05-01,,Leon,Querétaro,2,1,FALSE,,,
2020/21,Clausura,17,2021-05-01,19:00,Cruz Azul,Tijuana,1,1,FALSE,,,
2020/21,Clausura,17,2021-05-01,21:06,Monterrey,Mazatlan,1,0,FALSE,,,
2020/21,Clausura,17,2021-05-02,19:06,Santos Laguna,Puebla,0,0,FALSE,,,
2020/21,Clausura,17,2021-05-02,21:05,UNAM,America,0,1,FALSE,,,
2020/21,Clausura,17,2021-05-08,19:00,Atlas,UANL,1,0,FALSE,,,
2020/21,Clausura,17,2021-05-08,21:15,Santos Laguna,Querétaro,5,0,FALSE,,,
2020/21,Clausura,17,2021-05-09,19:00,Leon,Toluca,2,2,TRUE,2,4,
2020/21,Clausura,17,2021-05-09,21:15,Pachuca,Guadalajara,4,2,FALSE,,,
2020/21,Clausura,17,2021-05-12,19:00,Toluca,Cruz Azul,2,1,FALSE,,,
2020/21,Clausura,17,2021-05-12,21:05,Atlas,Puebla,1,0,FALSE,,,
2020/21,Clausura,17,2021-05-13,19:00,Pachuca,America,3,1,FALSE,,,
2020/21,Clausura,17,2021-05-13,21:05,Santos Laguna,Monterrey,2,1,FALSE,,,
2020/21,Clausura,17,2021-05-15,18:00,Puebla,Atlas,1,0,FALSE,,,
2020/21,Clausura,17,2021-05-15,20:05,Cruz Azul,Toluca,3,1,FALSE,,,
2020/21,Clausura,17,2021-05-16,18:00,Monterrey,Santos Laguna,1,1,FALSE,,,
2020/21,Clausura,17,2021-05-16,20:05,America,Pachuca,4,2,FALSE,,,
2020/21,Clausura,17,2021-05-19,20:30,Pachuca,Cruz Azul,0,0,FALSE,,,
2020/21,Clausura,17,2021-05-20,21:00,Santos Laguna,Puebla,3,0,FALSE,,,
2020/21,Clausura,17,2021-05-22,20:00,Cruz Azul,Pachuca,1,0,FALSE,,,
2020/21,Clausura,17,2021-05-23,19:00,Puebla,Santos Laguna,1,0,FALSE,,,
2020/21,Clausura,17,2021-05-27,21:00,Santos Laguna,Cruz Azul,0,1,FALSE,,,
2020/21,Clausura,17,2021-05-30,20:15,Cruz Azul,Santos Laguna,1,1,FALSE,,,
2021/22,Apertura,1,2021-07-22,21:00,Querétaro,America,0,0,FALSE,,,
2021/22,Apertura,1,2021-07-23,19:00,Necaxa,Santos Laguna,0,3,FALSE,,,
2021/22,Apertura,1,2021-07-23,21:00,FC Juárez,Toluca,1,3,FALSE,,,
2021/22,Apertura,1,2021-07-24,16:00,Pachuca,Leon,4,0,FALSE,,,
2021/22,Apertura,1,2021-07-24,21:00,Guadalajara,Atlético San Luis,1,2,FALSE,,,
2021/22,Apertura,1,2021-07-25,12:00,UNAM,Atlas,0,0,FALSE,,,
2021/22,Apertura,1,2021-07-25,19:06,Monterrey,Puebla,1,1,FALSE,,,
2021/22,Apertura,1,2021-07-25,21:06,Tijuana,UANL,1,2,FALSE,,,
2021/22,Apertura,1,2021-07-26,20:00,Cruz Azul,Mazatlan,0,2,FALSE,,,
2021/22,Apertura,2,2021-07-30,19:00,Mazatlan,Pachuca,2,1,FALSE,,,
2021/22,Apertura,2,2021-07-30,21:05,Puebla,Guadalajara,0,2,FALSE,,,
2021/22,Apertura,2,2021-07-31,17:00,Leon,Tijuana,2,1,FALSE,,,
2021/22,Apertura,2,2021-07-31,19:00,America,Necaxa,2,1,FALSE,,,
2021/22,Apertura,2,2021-07-31,21:00,Monterrey,UNAM,2,0,FALSE,,,
2021/22,Apertura,2,2021-07-31,21:05,Atlas,FC Juárez,2,0,FALSE,,,
2021/22,Apertura,2,2021-08-01,12:00,Toluca,UANL,3,1,FALSE,,,
2021/22,Apertura,2,2021-08-01,18:00,Santos Laguna,Cruz Azul,1,1,FALSE,,,
2021/22,Apertura,2,2021-08-02,21:00,Atlético San Luis,Querétaro,1,1,FALSE,,,
2021/22,Apertura,3,2021-08-05,21:05,Querétaro,Leon,0,1,FALSE,,,
2021/22,Apertura,3,2021-08-06,19:00,Mazatlan,Monterrey,1,1,FALSE,,,
2021/22,Apertura,3,2021-08-06,21:05,Necaxa,Cruz Azul,1,2,FALSE,,,
2021/22,Apertura,3,2021-08-06,,Tijuana,Toluca,0,2,FALSE,,,
2021/22,Apertura,3,2021-08-07,17:00,Guadalajara,FC Juárez,2,2,FALSE,,,
2021/22,Apertura,3,2021-08-07,19:00,America,Puebla,2,0,FALSE,,,
2021/22,Apertura,3,2021-08-07,21:00,UANL,Santos Laguna,1,1,FALSE,,,
2021/22,Apertura,3,2021-08-08,12:00,UNAM,Atlético San Luis,1,3,FALSE,,,
2021/22,Apertura,3,2021-08-09,21:00,Pachuca,Atlas,0,1,FALSE,,,
2021/22,Apertura,4,2021-08-12,21:00,Atlético San Luis,Necaxa,0,2,FALSE,,,
2021/22,Apertura,4,2021-08-13,19:00,Puebla,UANL,1,1,FALSE,,,
2021/22,Apertura,4,2021-08-13,21:00,FC Juárez,Tijuana,1,1,FALSE,,,
2021/22,Apertura,4,2021-08-14,17:00,UNAM,Querétaro,0,0,FALSE,,,
2021/22,Apertura,4,2021-08-14,19:00,Leon,Mazatlan,3,0,FALSE,,,
2021/22,Apertura,4,2021-08-14,21:00,Cruz Azul,Toluca,4,0,FALSE,,,
2021/22,Apertura,4,2021-08-14,21:06,Monterrey,Pachuca,3,1,FALSE,,,
2021/22,Apertura,4,2021-08-15,17:00,Atlas,America,0,1,FALSE,,,
2021/22,Apertura,4,2021-08-15,19:06,Santos Laguna,Guadalajara,0,0,FALSE,,,
2021/22,Apertura,5,2021-08-17,17:00,Toluca,Mazatlan,2,2,FALSE,,,
2021/22,Apertura,5,2021-08-17,19:00,UANL,Querétaro,3,0,FALSE,,,
2021/22,Apertura,5,2021-08-17,21:00,Necaxa,UNAM,3,0,FALSE,,,
2021/22,Apertura,5,2021-08-17,21:06,Tijuana,Puebla,1,1,FALSE,,,
2021/22,Apertura,5,2021-08-18,19:00,Cruz Azul,Monterrey,1,1,FALSE,,,
2021/22,Apertura,5,2021-08-18,,Santos Laguna,Atlas,1,1,FALSE,,,
2021/22,Apertura,5,2021-08-18,21:00,Guadalajara,Leon,0,3,FALSE,,,
2021/22,Apertura,5,2021-08-18,,FC Juárez,America,1,2,FALSE,,,
2021/22,Apertura,5,2021-11-03,19:00,Pachuca,Atlético San Luis,0,0,FALSE,,,
2021/22,Apertura,6,2021-08-20,21:00,Mazatlan,UANL,0,3,FALSE,,,
2021/22,Apertura,6,2021-08-21,17:00,Atlas,Toluca,0,0,FALSE,,,
2021/22,Apertura,6,2021-08-21,19:00,Leon,Santos Laguna,1,1,FALSE,,,
2021/22,Apertura,6,2021-08-21,21:00,Atlético San Luis,Cruz Azul,0,0,FALSE,,,
2021/22,Apertura,6,2021-08-21,21:36,Monterrey,Guadalajara,0,0,FALSE,,,
2021/22,Apertura,6,2021-08-22,12:00,UNAM,Puebla,2,0,FALSE,,,
2021/22,Apertura,6,2021-08-22,17:00,America,Tijuana,2,0,FALSE,,,
2021/22,Apertura,6,2021-08-22,19:00,Necaxa,FC Juárez,1,0,FALSE,,,
2021/22,Apertura,6,2021-08-22,21:00,Querétaro,Pachuca,0,2,FALSE,,,
2021/22,Apertura,7,2021-08-27,19:00,Mazatlan,Atlético San Luis,2,2,FALSE,,,
2021/22,Apertura,7,2021-08-27,21:00,Puebla,Querétaro,1,0,FALSE,,,
2021/22,Apertura,7,2021-08-27,21:05,Tijuana,Monterrey,2,2,FALSE,,,
2021/22,Apertura,7,2021-08-28,17:00,Guadalajara,Necaxa,2,1,FALSE,,,
2021/22,Apertura,7,2021-08-28,19:00,UANL,Atlas,1,1,FALSE,,,
2021/22,Apertura,7,2021-08-28,21:00,Leon,America,1,1,FALSE,,,
2021/22,Apertura,7,2021-08-29,12:00,Toluca,UNAM,2,1,FALSE,,,
2021/22,Apertura,7,2021-08-29,18:00,Santos Laguna,FC Juárez,2,0,FALSE,,,
2021/22,Apertura,7,2021-08-29,20:00,Cruz Azul,Pachuca,1,1,FALSE,,,
2021/22,Apertura,8,2021-09-10,19:00,Puebla,Atlético San Luis,2,2,FALSE,,,
2021/22,Apertura,8,2021-09-10,21:00,FC Juárez,Cruz Azul,2,1,FALSE,,,
2021/22,Apertura,8,2021-09-10,21:06,Tijuana,Santos Laguna,2,1,FALSE,,,
2021/22,Apertura,8,2021-09-11,17:00,Atlas,Monterrey,2,1,FALSE,,,
2021/22,Apertura,8,2021-09-11,19:00,UANL,Leon,2,2,FALSE,,,
2021/22,Apertura,8,2021-09-11,21:00,America,Mazatlan,2,0,FALSE,,,
2021/22,Apertura,8,2021-09-12,17:00,UNAM,Guadalajara,0,0,FALSE,,,
2021/22,Apertura,8,2021-09-12,19:00,Querétaro,Necaxa,3,0,FALSE,,,
2021/22,Apertura,8,2021-09-13,21:00,Pachuca,Toluca,1,2,FALSE,,,
2021/22,Apertura,9,2021-09-16,19:00,Atlético San Luis,Tijuana,4,1,FALSE,,,
2021/22,Apertura,9,2021-09-17,21:00,Necaxa,Atlas,0,3,FALSE,,,
2021/22,Apertura,9,2021-09-18,17:00,Leon,FC Juárez,0,1,FALSE,,,
2021/22,Apertura,9,2021-09-18,19:00,Toluca,America,3,1,FALSE,,,
2021/22,Apertura,9,2021-09-18,21:00,Mazatlan,UNAM,2,2,FALSE,,,
2021/22,Apertura,9,2021-09-18,,Guadalajara,Pachuca,1,0,FALSE,,,
2021/22,Apertura,9,2021-09-19,19:00,Cruz Azul,Querétaro,2,0,FALSE,,,
2021/22,Apertura,9,2021-09-19,19:06,Monterrey,UANL,2,0,FALSE,,,
2021/22,Apertura,9,2021-09-19,21:06,Santos Laguna,Puebla,1,1,FALSE,,,
2021/22,Apertura,10,2021-09-23,21:00,Pachuca,Necaxa,1,0,FALSE,,,
2021/22,Apertura,10,2021-09-24,20:00,Puebla,Cruz Azul,1,1,FALSE,,,
2021/22,Apertura,10,2021-09-24,21:06,Tijuana,Mazatlan,0,0,FALSE,,,
2021/22,Apertura,10,2021-09-25,17:00,Atlas,Leon,2,0,FALSE,,,
2021/22,Apertura,10,2021-09-25,19:00,UANL,UNAM,0,0,FALSE,,,
2021/22,Apertura,10,2021-09-25,21:00,America,Guadalajara,0,0,FALSE,,,
2021/22,Apertura,10,2021-09-26,12:00,Toluca,Atlético San Luis,1,2,FALSE,,,
2021/22,Apertura,10,2021-09-26,19:06,Santos Laguna,Monterrey,1,2,FALSE,,,
2021/22,Apertura,10,2021-10-08,19:00,FC Juárez,Querétaro,0,0,FALSE,,,
2021/22,Apertura,11,2021-09-22,19:06,Monterrey,Toluca,2,0,FALSE,,,
2021/22,Apertura,11,2021-09-28,17:00,Necaxa,Tijuana,3,0,FALSE,,,
2021/22,Apertura,11,2021-09-28,19:00,Mazatlan,FC Juárez,3,1,FALSE,,,
2021/22,Apertura,11,2021-09-28,21:00,Atlas,Puebla,0,1,FALSE,,,
2021/22,Apertura,11,2021-09-28,21:05,Pachuca,America,1,1,FALSE,,,
2021/22,Apertura,11,2021-09-29,17:00,Atlético San Luis,UANL,0,3,FALSE,,,
2021/22,Apertura,11,2021-09-29,21:15,Querétaro,Guadalajara,1,0,FALSE,,,
2021/22,Apertura,11,2021-11-03,21:00,Cruz Azul,Leon,0,1,FALSE,,,
2021/22,Apertura,11,2021-11-04,19:00,UNAM,Santos Laguna,0,3,FALSE,,,
2021/22,Apertura,12,2021-10-01,19:00,Puebla,Pachuca,1,2,FALSE,,,
2021/22,Apertura,12,2021-10-01,21:00,FC Juárez,Monterrey,3,1,FALSE,,,
2021/22,Apertura,12,2021-10-02,17:00,Leon,Atlético San Luis,0,0,FALSE,,,
2021/22,Apertura,12,2021-10-02,19:06,Santos Laguna,Mazatlan,1,0,FALSE,,,
2021/22,Apertura,12,2021-10-02,21:00,Guadalajara,Atlas,0,1,FALSE,,,
2021/22,Apertura,12,2021-10-03,12:00,Toluca,Querétaro,1,1,FALSE,,,
2021/22,Apertura,12,2021-10-03,17:00,America,UNAM,2,0,FALSE,,,
2021/22,Apertura,12,2021-10-03,19:00,UANL,Necaxa,0,0,FALSE,,,
2021/22,Apertura,12,2021-10-03,21:06,Tijuana,Cruz Azul,0,1,FALSE,,,
2021/22,Apertura,13,2021-10-14,20:00,Querétaro,Tijuana,1,1,FALSE,,,
2021/22,Apertura,13,2021-10-15,19:00,Necaxa,Puebla,0,1,FALSE,,,
2021/22,Apertura,13,2021-10-15,21:00,Mazatlan,Atlas,1,0,FALSE,,,
2021/22,Apertura,13,2021-10-16,17:00,Monterrey,Leon,0,1,FALSE,,,
2021/22,Apertura,13,2021-10-16,19:00,Atlético San Luis,America,0,1,FALSE,,,
2021/22,Apertura,13,2021-10-16,,Pachuca,Santos Laguna,1,1,FALSE,,,
2021/22,Apertura,13,2021-10-16,21:00,Cruz Azul,UANL,1,1,FALSE,,,
2021/22,Apertura,13,2021-10-17,12:00,UNAM,FC Juárez,1,0,FALSE,,,
2021/22,Apertura,13,2021-10-17,17:00,Guadalajara,Toluca,2,0,FALSE,,,
2021/22,Apertura,14,2021-09-21,21:00,FC Juárez,Atlético San Luis,1,0,FALSE,,,
2021/22,Apertura,14,2021-10-19,17:00,Querétaro,Monterrey,1,0,FALSE,,,
2021/22,Apertura,14,2021-10-19,19:00,Puebla,Mazatlan,2,0,FALSE,,,
2021/22,Apertura,14,2021-10-19,19:05,America,Santos Laguna,2,1,FALSE,,,
2021/22,Apertura,14,2021-10-19,21:05,Atlas,Cruz Azul,0,0,FALSE,,,
2021/22,Apertura,14,2021-10-20,19:00,Leon,UNAM,1,2,FALSE,,,
2021/22,Apertura,14,2021-10-20,,Toluca,Necaxa,1,1,FALSE,,,
2021/22,Apertura,14,2021-10-20,21:00,UANL,Pachuca,3,0,FALSE,,,
2021/22,Apertura,14,2021-10-20,21:06,Tijuana,Guadalajara,0,0,FALSE,,,
2021/22,Apertura,15,2021-10-22,21:00,Mazatlan,Querétaro,2,1,FALSE,,,
2021/22,Apertura,15,2021-10-23,17:00,Puebla,Leon,0,1,FALSE,,,
2021/22,Apertura,15,2021-10-23,17:06,Monterrey,Necaxa,0,1,FALSE,,,
2021/22,Apertura,15,2021-10-23,19:00,America,UANL,1,0,FALSE,,,
2021/22,Apertura,15,2021-10-23,21:00,Guadalajara,Cruz Azul,1,1,FALSE,,,
2021/22,Apertura,15,2021-10-24,12:00,UNAM,Tijuana,3,1,FALSE,,,
2021/22,Apertura,15,2021-10-24,19:00,Atlético San Luis,Atlas,2,6,FALSE,,,
2021/22,Apertura,15,2021-10-24,19:06,Santos Laguna,Toluca,2,2,FALSE,,,
2021/22,Apertura,15,2021-10-24,21:00,Pachuca,FC Juárez,1,1,FALSE,,,
2021/22,Apertura,16,2021-10-28,19:00,Atlas,Tijuana,0,2,FALSE,,,
2021/22,Apertura,16,2021-10-29,19:00,Necaxa,Mazatlan,2,1,FALSE,,,
2021/22,Apertura,16,2021-10-29,21:00,FC Juárez,Puebla,0,2,FALSE,,,
2021/22,Apertura,16,2021-10-30,17:00,Querétaro,Santos Laguna,2,3,FALSE,,,
2021/22,Apertura,16,2021-10-30,19:06,Pachuca,UNAM,1,1,FALSE,,,
2021/22,Apertura,16,2021-10-30,21:10,UANL,Guadalajara,2,1,FALSE,,,
2021/22,Apertura,16,2021-10-31,12:00,Toluca,Leon,0,0,FALSE,,,
2021/22,Apertura,16,2021-10-31,17:05,Cruz Azul,America,2,1,FALSE,,,
2021/22,Apertura,16,2021-10-31,19:05,Atlético San Luis,Monterrey,1,1,FALSE,,,
2021/22,Apertura,17,2021-11-04,21:00,Atlas,Querétaro,2,0,FALSE,,,
2021/22,Apertura,17,2021-11-05,19:00,Puebla,Toluca,1,0,FALSE,,,
2021/22,Apertura,17,2021-11-05,21:00,Mazatlan,Guadalajara,0,1,FALSE,,,
2021/22,Apertura,17,2021-11-06,17:00,Leon,Necaxa,3,0,FALSE,,,
2021/22,Apertura,17,2021-11-06,19:00,America,Monterrey,0,0,FALSE,,,
2021/22,Apertura,17,2021-11-06,21:00,UANL,FC Juárez,3,0,FALSE,,,
2021/22,Apertura,17,2021-11-06,21:06,Tijuana,Pachuca,3,2,FALSE,,,
2021/22,Apertura,17,2021-11-07,17:00,UNAM,Cruz Azul,4,3,FALSE,,,
2021/22,Apertura,17,2021-11-07,19:06,Santos Laguna,Atlético San Luis,0,0,FALSE,,,
2021/22,Apertura,17,2021-11-20,19:00,Santos Laguna,Atlético San Luis,2,0,FALSE,,,
2021/22,Apertura,17,2021-11-20,21:00,Puebla,Guadalajara,2,2,TRUE,6,5,
2021/22,Apertura,17,2021-11-21,17:00,Toluca,UNAM,1,2,FALSE,,,
2021/22,Apertura,17,2021-11-21,19:15,Cruz Azul,Monterrey,1,4,FALSE,,,
2021/22,Apertura,17,2021-11-24,19:00,UNAM,America,0,0,FALSE,,,
2021/22,Apertura,17,2021-11-24,21:05,Monterrey,Atlas,0,0,FALSE,,,
2021/22,Apertura,17,2021-11-25,19:00,Puebla,Leon,2,1,FALSE,,,
2021/22,Apertura,17,2021-11-25,21:05,Santos Laguna,UANL,2,1,FALSE,,,
2021/22,Apertura,17,2021-11-27,19:00,America,UNAM,1,3,FALSE,,,
2021/22,Apertura,17,2021-11-27,21:05,Atlas,Monterrey,1,1,FALSE,,,
2021/22,Apertura,17,2021-11-28,18:00,UANL,Santos Laguna,1,0,FALSE,,,
2021/22,Apertura,17,2021-11-28,20:05,Leon,Puebla,2,0,FALSE,,,
2021/22,Apertura,17,2021-12-01,21:00,UANL,Leon,2,1,FALSE,,,
2021/22,Apertura,17,2021-12-02,21:00,UNAM,Atlas,0,1,FALSE,,,
2021/22,Apertura,17,2021-12-04,21:00,Leon,UANL,2,1,FALSE,,,
2021/22,Apertura,17,2021-12-05,19:00,Atlas,UNAM,0,1,FALSE,,,
2021/22,Apertura,17,2021-12-09,21:00,Leon,Atlas,3,2,FALSE,,,
2021/22,Apertura,17,2021-12-12,20:15,Atlas,Leon,1,0,TRUE,4,3,
2021/22,Clausura,1,2022-01-06,21:00,Atlético San Luis,Pachuca,0,2,FALSE,,,
2021/22,Clausura,1,2022-01-07,19:00,FC Juárez,Necaxa,2,1,FALSE,,,
2021/22,Clausura,1,2022-01-07,21:00,Puebla,America,1,1,FALSE,,,
2021/22,Clausura,1,2022-01-08,19:06,Monterrey,Querétaro,0,0,FALSE,,,
2021/22,Clausura,1,2022-01-08,21:00,Cruz Azul,Tijuana,2,0,FALSE,,,
2021/22,Clausura,1,2022-01-09,18:00,Guadalajara,Mazatlan,3,0,FALSE,,,
2021/22,Clausura,1,2022-01-10,21:00,UNAM,Toluca,5,0,FALSE,,,
2021/22,Clausura,1,2022-01-12,20:06,Santos Laguna,UANL,1,1,FALSE,,,
2021/22,Clausura,1,2022-01-19,21:00,Leon,Atlas,1,1,FALSE,,,
2021/22,Clausura,2,2022-01-14,19:00,Querétaro,UNAM,1,3,FALSE,,,
2021/22,Clausura,2,2022-01-14,21:00,Necaxa,Monterrey,0,4,FALSE,,,
2021/22,Clausura,2,2022-01-15,17:00,Atlas,Atlético San Luis,1,0,FALSE,,,
2021/22,Clausura,2,2022-01-15,19:00,UANL,Puebla,0,2,FALSE,,,
2021/22,Clausura,2,2022-01-15,21:00,Cruz Azul,FC Juárez,1,0,FALSE,,,
2021/22,Clausura,2,2022-01-15,21:06,Tijuana,Leon,1,1,FALSE,,,
2021/22,Clausura,2,2022-01-16,12:00,Toluca,Santos Laguna,3,1,FALSE,,,
2021/22,Clausura,2,2022-01-16,17:00,Pachuca,Guadalajara,2,1,FALSE,,,
2021/22,Clausura,2,2022-02-16,19:00,Mazatlan,America,2,1,FALSE,,,
2021/22,Clausura,3,2022-01-20,21:00,Atlético San Luis,FC Juárez,0,1,FALSE,,,
2021/22,Clausura,3,2022-01-21,21:00,Mazatlan,Toluca,1,2,FALSE,,,
2021/22,Clausura,3,2022-01-22,17:00,Guadalajara,Querétaro,1,1,FALSE,,,
2021/22,Clausura,3,2022-01-22,19:00,Leon,Pachuca,2,1,FALSE,,,
2021/22,Clausura,3,2022-01-22,21:00,America,Atlas,0,2,FALSE,,,
2021/22,Clausura,3,2022-01-22,21:06,Monterrey,Cruz Azul,2,2,FALSE,,,
2021/22,Clausura,3,2022-01-23,12:00,UNAM,UANL,1,2,FALSE,,,
2021/22,Clausura,3,2022-01-23,19:00,Santos Laguna,Necaxa,1,4,FALSE,,,
2021/22,Clausura,3,2022-01-28,21:00,Puebla,Tijuana,3,1,FALSE,,,
2021/22,Clausura,4,2022-02-05,17:00,Necaxa,Pachuca,1,3,FALSE,,,
2021/22,Clausura,4,2022-02-05,19:00,America,Atlético San Luis,2,3,FALSE,,,
2021/22,Clausura,4,2022-02-05,21:06,Tijuana,UNAM,1,0,FALSE,,,
2021/22,Clausura,4,2022-02-06,16:00,Querétaro,Puebla,0,2,FALSE,,,
2021/22,Clausura,4,2022-02-06,18:00,Atlas,Santos Laguna,2,1,FALSE,,,
2021/22,Clausura,4,2022-02-06,20:00,UANL,Mazatlan,4,3,FALSE,,,
2021/22,Clausura,4,2022-02-07,21:05,Leon,Cruz Azul,0,1,FALSE,,,
2021/22,Clausura,4,2022-02-09,19:00,FC Juárez,Guadalajara,1,3,FALSE,,,
2021/22,Clausura,4,2022-04-06,19:00,Toluca,Monterrey,2,2,FALSE,,,
2021/22,Clausura,5,2022-02-11,19:00,Mazatlan,Tijuana,2,0,FALSE,,,
2021/22,Clausura,5,2022-02-11,21:00,Puebla,Atlas,1,1,FALSE,,,
2021/22,Clausura,5,2022-02-12,17:00,Atlético San Luis,Toluca,0,1,FALSE,,,
2021/22,Clausura,5,2022-02-12,,Guadalajara,UANL,1,3,FALSE,,,
2021/22,Clausura,5,2022-02-12,19:00,Cruz Azul,Necaxa,1,2,FALSE,,,
2021/22,Clausura,5,2022-02-12,21:00,Santos Laguna,America,2,3,FALSE,,,
2021/22,Clausura,5,2022-02-13,12:00,UNAM,Leon,2,1,FALSE,,,
2021/22,Clausura,5,2022-02-14,21:00,Pachuca,Querétaro,2,2,FALSE,,,
2021/22,Clausura,5,2022-03-15,21:06,Monterrey,FC Juárez,3,0,FALSE,,,
2021/22,Clausura,6,2022-02-18,19:00,Puebla,Monterrey,1,0,FALSE,,,
2021/22,Clausura,6,2022-02-18,21:00,FC Juárez,Santos Laguna,0,0,FALSE,,,
2021/22,Clausura,6,2022-02-18,21:06,Tijuana,Necaxa,1,1,FALSE,,,
2021/22,Clausura,6,2022-02-19,17:00,Querétaro,Mazatlan,2,0,FALSE,,,
2021/22,Clausura,6,2022-02-19,19:00,UANL,Atlético San Luis,2,1,FALSE,,,
2021/22,Clausura,6,2022-02-19,21:00,Leon,Guadalajara,2,1,FALSE,,,
2021/22,Clausura,6,2022-02-20,16:00,America,Pachuca,1,3,FALSE,,,
2021/22,Clausura,6,2022-02-20,18:00,Toluca,Cruz Azul,1,4,FALSE,,,
2021/22,Clausura,6,2022-02-20,20:00,Atlas,UNAM,0,0,FALSE,,,
2021/22,Clausura,7,2022-02-24,19:00,Pachuca,Mazatlan,3,1,FALSE,,,
2021/22,Clausura,7,2022-02-24,21:05,Querétaro,Toluca,1,1,FALSE,,,
2021/22,Clausura,7,2022-02-25,19:00,Necaxa,Leon,0,1,FALSE,,,
2021/22,Clausura,7,2022-02-25,21:00,FC Juárez,UANL,2,3,FALSE,,,
2021/22,Clausura,7,2022-02-25,21:06,Tijuana,Atlas,2,0,FALSE,,,
2021/22,Clausura,7,2022-02-26,17:06,Monterrey,Atlético San Luis,0,2,FALSE,,,
2021/22,Clausura,7,2022-02-26,19:00,Guadalajara,Puebla,2,3,FALSE,,,
2021/22,Clausura,7,2022-02-26,21:00,UNAM,America,0,0,FALSE,,,
2021/22,Clausura,7,2022-02-27,19:00,Cruz Azul,Santos Laguna,1,2,FALSE,,,
2021/22,Clausura,8,2022-03-01,19:00,Toluca,Tijuana,1,2,FALSE,,,
2021/22,Clausura,8,2022-03-01,,Puebla,FC Juárez,1,1,FALSE,,,
2021/22,Clausura,8,2022-03-01,21:00,America,Querétaro,1,1,FALSE,,,
2021/22,Clausura,8,2022-03-01,,Leon,Monterrey,0,0,FALSE,,,
2021/22,Clausura,8,2022-03-01,,Mazatlan,Necaxa,0,0,FALSE,,,
2021/22,Clausura,8,2022-03-02,19:00,Atlas,Pachuca,0,1,FALSE,,,
2021/22,Clausura,8,2022-03-02,,UANL,Cruz Azul,2,2,FALSE,,,
2021/22,Clausura,8,2022-03-02,21:00,Atlético San Luis,Guadalajara,2,2,FALSE,,,
2021/22,Clausura,8,2022-03-02,,Santos Laguna,UNAM,3,2,FALSE,,,
2021/22,Clausura,9,2022-03-04,19:00,Necaxa,Toluca,0,1,FALSE,,,
2021/22,Clausura,9,2022-03-04,21:00,FC Juárez,Leon,0,1,FALSE,,,
2021/22,Clausura,9,2022-03-05,17:00,Querétaro,Atlas,0,3,FALSE,,,
2021/22,Clausura,9,2022-03-05,19:06,Monterrey,America,2,1,FALSE,,,
2021/22,Clausura,9,2022-03-05,21:00,Guadalajara,Santos Laguna,1,0,FALSE,,,
2021/22,Clausura,9,2022-03-05,,Cruz Azul,Puebla,1,3,FALSE,,,
2021/22,Clausura,9,2022-03-26,17:00,UNAM,Mazatlan,1,1,FALSE,,,
2021/22,Clausura,9,2022-04-06,21:06,Tijuana,Atlético San Luis,1,1,FALSE,,,
2021/22,Clausura,9,2022-04-07,19:00,Pachuca,UANL,2,1,FALSE,,,
2021/22,Clausura,10,2022-03-11,19:00,Necaxa,Querétaro,1,0,FALSE,,,
2021/22,Clausura,10,2022-03-11,21:00,FC Juárez,Atlas,1,2,FALSE,,,
2021/22,Clausura,10,2022-03-11,21:06,Monterrey,Mazatlan,2,1,FALSE,,,
2021/22,Clausura,10,2022-03-12,17:00,Leon,UANL,0,3,FALSE,,,
2021/22,Clausura,10,2022-03-12,19:00,Cruz Azul,UNAM,2,1,FALSE,,,
2021/22,Clausura,10,2022-03-12,21:00,Guadalajara,America,0,0,FALSE,,,
2021/22,Clausura,10,2022-03-13,12:00,Toluca,Pachuca,0,3,FALSE,,,
2021/22,Clausura,10,2022-03-13,17:00,Atlético San Luis,Puebla,2,1,FALSE,,,
2021/22,Clausura,10,2022-03-13,19:00,Santos Laguna,Tijuana,4,0,FALSE,,,
2021/22,Clausura,11,2022-03-17,21:05,Querétaro,Atlético San Luis,2,1,FALSE,,,
2021/22,Clausura,11,2022-03-18,21:00,Puebla,Santos Laguna,2,2,FALSE,,,
2021/22,Clausura,11,2022-03-19,17:00,UNAM,Necaxa,1,3,FALSE,,,
2021/22,Clausura,11,2022-03-19,19:00,UANL,Monterrey,2,0,FALSE,,,
2021/22,Clausura,11,2022-03-19,21:00,Pachuca,Cruz Azul,1,0,FALSE,,,
2021/22,Clausura,11,2022-03-20,17:00,America,Toluca,3,0,FALSE,,,
2021/22,Clausura,11,2022-03-20,19:00,Atlas,Guadalajara,1,1,FALSE,,,
2021/22,Clausura,11,2022-03-20,21:00,Mazatlan,Leon,1,2,FALSE,,,
2021/22,Clausura,11,2022-03-20,21:06,Tijuana,FC Juárez,1,0,FALSE,,,
2021/22,Clausura,12,2022-04-01,20:00,Atlético San Luis,Mazatlan,1,0,FALSE,,,
2021/22,Clausura,12,2022-04-02,17:00,Cruz Azul,Atlas,1,0,FALSE,,,
2021/22,Clausura,12,2022-04-02,19:00,Necaxa,America,0,1,FALSE,,,
2021/22,Clausura,12,2022-04-02,21:00,FC Juárez,UNAM,0,1,FALSE,,,
2021/22,Clausura,12,2022-04-03,12:00,Toluca,Puebla,2,1,FALSE,,,
2021/22,Clausura,12,2022-04-03,17:00,Leon,Querétaro,1,1,FALSE,,,
2021/22,Clausura,12,2022-04-03,19:00,Santos Laguna,Pachuca,3,1,FALSE,,,
2021/22,Clausura,12,2022-04-03,,UANL,Tijuana,2,0,FALSE,,,
2021/22,Clausura,12,2022-04-13,20:05,Guadalajara,Monterrey,1,3,FALSE,,,
2021/22,Clausura,13,2022-04-07,21:00,Atlas,Necaxa,2,1,FALSE,,,
2021/22,Clausura,13,2022-04-08,19:00,Puebla,UNAM,2,2,FALSE,,,
2021/22,Clausura,13,2022-04-08,21:00,Mazatlan,Cruz Azul,1,1,FALSE,,,
2021/22,Clausura,13,2022-04-09,17:00,Atlético San Luis,Leon,2,0,FALSE,,,
2021/22,Clausura,13,2022-04-09,19:00,Toluca,Guadalajara,1,1,FALSE,,,
2021/22,Clausura,13,2022-04-09,19:06,Monterrey,Santos Laguna,1,0,FALSE,,,
2021/22,Clausura,13,2022-04-09,21:00,America,FC Juárez,3,0,FALSE,,,
2021/22,Clausura,13,2022-04-10,19:00,Querétaro,UANL,0,1,FALSE,,,
2021/22,Clausura,13,2022-04-11,21:00,Pachuca,Tijuana,0,0,FALSE,,,
2021/22,Clausura,14,2022-04-14,21:00,Atlas,Mazatlan,1,2,FALSE,,,
2021/22,Clausura,14,2022-04-15,19:00,Necaxa,Atlético San Luis,4,2,FALSE,,,
2021/22,Clausura,14,2022-04-15,21:00,FC Juárez,Pachuca,1,2,FALSE,,,
2021/22,Clausura,14,2022-04-15,21:06,Tijuana,America,1,3,FALSE,,,
2021/22,Clausura,14,2022-04-16,17:00,Leon,Puebla,0,1,FALSE,,,
2021/22,Clausura,14,2022-04-16,19:00,Santos Laguna,Querétaro,1,1,FALSE,,,
2021/22,Clausura,14,2022-04-16,,UANL,Toluca,3,0,FALSE,,,
2021/22,Clausura,14,2022-04-16,21:00,Cruz Azul,Guadalajara,0,1,FALSE,,,
2021/22,Clausura,14,2022-04-17,12:00,UNAM,Monterrey,2,0,FALSE,,,
2021/22,Clausura,15,2022-04-19,19:00,Pachuca,Puebla,1,0,FALSE,,,
2021/22,Clausura,15,2022-04-19,,Necaxa,UANL,2,0,FALSE,,,
2021/22,Clausura,15,2022-04-19,21:00,Guadalajara,Tijuana,2,1,FALSE,,,
2021/22,Clausura,15,2022-04-19,,Toluca,FC Juárez,0,1,FALSE,,,
2021/22,Clausura,15,2022-04-19,,Mazatlan,Santos Laguna,1,0,FALSE,,,
2021/22,Clausura,15,2022-04-20,19:00,Atlético San Luis,UNAM,2,0,FALSE,,,
2021/22,Clausura,15,2022-04-20,21:00,America,Leon,2,0,FALSE,,,
2021/22,Clausura,15,2022-04-20,21:06,Monterrey,Atlas,0,0,FALSE,,,
2021/22,Clausura,15,2022-04-21,21:00,Querétaro,Cruz Azul,0,1,FALSE,,,
2021/22,Clausura,16,2022-04-22,19:00,Puebla,Necaxa,0,1,FALSE,,,
2021/22,Clausura,16,2022-04-22,21:00,FC Juárez,Mazatlan,0,2,FALSE,,,
2021/22,Clausura,16,2022-04-23,17:00,Pachuca,Monterrey,3,0,FALSE,,,
2021/22,Clausura,16,2022-04-23,19:00,UANL,America,0,2,FALSE,,,
2021/22,Clausura,16,2022-04-23,21:00,Guadalajara,UNAM,3,1,FALSE,,,
2021/22,Clausura,16,2022-04-24,12:00,Toluca,Atlas,2,4,FALSE,,,
2021/22,Clausura,16,2022-04-24,17:00,Cruz Azul,Atlético San Luis,0,1,FALSE,,,
2021/22,Clausura,16,2022-04-24,19:00,Santos Laguna,Leon,1,1,FALSE,,,
2021/22,Clausura,16,2022-04-24,21:06,Tijuana,Querétaro,2,2,FALSE,,,
2021/22,Clausura,17,2022-04-29,19:00,Necaxa,Guadalajara,0,1,FALSE,,,
2021/22,Clausura,17,2022-04-29,21:05,Mazatlan,Puebla,2,1,FALSE,,,
2021/22,Clausura,17,2022-04-30,17:00,Querétaro,FC Juárez,4,0,FALSE,,,
2021/22,Clausura,17,2022-04-30,19:00,Atlas,UANL,1,1,FALSE,,,
2021/22,Clausura,17,2022-04-30,19:06,Monterrey,Tijuana,2,0,FALSE,,,
2021/22,Clausura,17,2022-04-30,21:00,America,Cruz Azul,0,0,FALSE,,,
2021/22,Clausura,17,2022-05-01,12:00,UNAM,Pachuca,2,0,FALSE,,,
2021/22,Clausura,17,2022-05-01,16:00,Atlético San Luis,Santos Laguna,1,3,FALSE,,,
2021/22,Clausura,17,2022-05-01,20:06,Leon,Toluca,4,4,FALSE,,,
2021/22,Clausura,17,2022-05-07,17:45,Cruz Azul,Necaxa,1,1,TRUE,3,1,
2021/22,Clausura,17,2022-05-07,20:00,Monterrey,Atlético San Luis,2,2,TRUE,1,3,
2021/22,Clausura,17,2022-05-08,17:00,Puebla,Mazatlan,2,2,TRUE,3,1,
2021/22,Clausura,17,2022-05-08,19:15,Guadalajara,UNAM,4,1,FALSE,,,
2021/22,Clausura,17,2022-05-10,21:05,Puebla,America,1,1,FALSE,,,
2021/22,Clausura,17,2022-05-11,19:00,Atlético San Luis,Pachuca,2,2,FALSE,,,
2021/22,Clausura,17,2022-05-12,19:00,Cruz Azul,UANL,0,1,FALSE,,,
2021/22,Clausura,17,2022-05-12,21:05,Guadalajara,Atlas,1,2,FALSE,,,
2021/22,Clausura,17,2022-05-14,18:00,America,Puebla,3,2,FALSE,,,
2021/22,Clausura,17,2022-05-14,20:05,Pachuca,Atlético San Luis,3,2,FALSE,,,
2021/22,Clausura,17,2022-05-15,18:00,Atlas,Guadalajara,1,1,FALSE,,,
2021/22,Clausura,17,2022-05-15,20:05,UANL,Cruz Azul,0,1,FALSE,,,
2021/22,Clausura,17,2022-05-18,21:00,Atlas,UANL,3,0,FALSE,,,
2021/22,Clausura,17,2022-05-19,20:00,America,Pachuca,1,1,FALSE,,,
2021/22,Clausura,17,2022-05-21,20:00,UANL,Atlas,4,2,FALSE,,,
2021/22,Clausura,17,2022-05-22,20:06,Pachuca,America,3,0,FALSE,,,
2021/22,Clausura,17,2022-05-26,21:00,Atlas,Pachuca,2,0,FALSE,,,
2021/22,Clausura,17,2022-05-29,20:10,Pachuca,Atlas,2,1,FALSE,,,
2022/23,Apertura,1,2022-07-01,21:05,Mazatlan,Puebla,2,4,FALSE,,,
2022/23,Apertura,1,2022-07-02,17:00,Necaxa,Toluca,1,3,FALSE,,,
2022/23,Apertura,1,2022-07-02,,Guadalajara,FC Juárez,0,0,FALSE,,,
2022/23,Apertura,1,2022-07-02,19:05,UANL,Cruz Azul,2,3,FALSE,,,
2022/23,Apertura,1,2022-07-02,21:05,America,Atlas,0,0,FALSE,,,
2022/23,Apertura,1,2022-07-03,12:00,UNAM,Tijuana,1,1,FALSE,,,
2022/23,Apertura,1,2022-07-03,17:00,Atlético San Luis,Leon,1,2,FALSE,,,
2022/23,Apertura,1,2022-07-03,19:05,Santos Laguna,Monterrey,4,3,FALSE,,,
2022/23,Apertura,1,2022-07-04,21:00,Pachuca,Querétaro,2,0,FALSE,,,
2022/23,Apertura,2,2022-07-08,19:00,Mazatlan,UANL,0,1,FALSE,,,
2022/23,Apertura,2,2022-07-08,21:05,Tijuana,FC Juárez,0,2,FALSE,,,
2022/23,Apertura,2,2022-07-08,,Puebla,Santos Laguna,1,0,FALSE,,,
2022/23,Apertura,2,2022-07-09,19:00,Leon,UNAM,3,3,FALSE,,,
2022/23,Apertura,2,2022-07-09,19:05,Guadalajara,Atlético San Luis,0,1,FALSE,,,
2022/23,Apertura,2,2022-07-09,21:05,Monterrey,America,3,2,FALSE,,,
2022/23,Apertura,2,2022-07-09,,Cruz Azul,Pachuca,1,2,FALSE,,,
2022/23,Apertura,2,2022-07-10,12:00,Toluca,Atlas,3,2,FALSE,,,
2022/23,Apertura,2,2022-07-10,17:00,Querétaro,Necaxa,1,2,FALSE,,,
2022/23,Apertura,3,2022-07-13,21:00,America,Toluca,1,0,FALSE,,,
2022/23,Apertura,3,2022-07-15,19:00,Puebla,Leon,1,1,FALSE,,,
2022/23,Apertura,3,2022-07-15,21:05,FC Juárez,Querétaro,1,1,FALSE,,,
2022/23,Apertura,3,2022-07-16,17:00,Atlas,Cruz Azul,3,2,FALSE,,,
2022/23,Apertura,3,2022-07-16,19:05,Santos Laguna,Guadalajara,1,1,FALSE,,,
2022/23,Apertura,3,2022-07-17,12:00,UNAM,Necaxa,1,0,FALSE,,,
2022/23,Apertura,3,2022-07-17,17:00,Atlético San Luis,Monterrey,0,1,FALSE,,,
2022/23,Apertura,3,2022-07-17,19:00,UANL,Tijuana,1,0,FALSE,,,
2022/23,Apertura,3,2022-07-18,19:00,Pachuca,Mazatlan,1,1,FALSE,,,
2022/23,Apertura,4,2022-07-20,21:05,Guadalajara,Leon,0,0,FALSE,,,
2022/23,Apertura,4,2022-07-21,21:00,Querétaro,Monterrey,0,3,FALSE,,,
2022/23,Apertura,4,2022-07-22,19:00,Mazatlan,Atlético San Luis,1,1,FALSE,,,
2022/23,Apertura,4,2022-07-22,21:05,Necaxa,FC Juárez,1,0,FALSE,,,
2022/23,Apertura,4,2022-07-23,17:00,Toluca,Santos Laguna,2,1,FALSE,,,
2022/23,Apertura,4,2022-07-23,19:05,Cruz Azul,Puebla,2,2,FALSE,,,
2022/23,Apertura,4,2022-07-23,20:05,Tijuana,America,2,0,FALSE,,,
2022/23,Apertura,4,2022-07-23,21:05,UANL,Atlas,2,0,FALSE,,,
2022/23,Apertura,4,2022-07-24,19:00,Pachuca,UNAM,0,0,FALSE,,,
2022/23,Apertura,5,2022-07-26,19:00,Atlas,Tijuana,1,2,FALSE,,,
2022/23,Apertura,5,2022-07-26,,Monterrey,Puebla,1,0,FALSE,,,
2022/23,Apertura,5,2022-07-26,,FC Juárez,UANL,0,1,FALSE,,,
2022/23,Apertura,5,2022-07-26,21:05,Atlético San Luis,Cruz Azul,0,0,FALSE,,,
2022/23,Apertura,5,2022-07-26,,Leon,Toluca,0,1,FALSE,,,
2022/23,Apertura,5,2022-07-27,19:00,Necaxa,Pachuca,2,0,FALSE,,,
2022/23,Apertura,5,2022-07-27,,Querétaro,Guadalajara,2,2,FALSE,,,
2022/23,Apertura,5,2022-07-27,21:05,UNAM,Mazatlan,1,1,FALSE,,,
2022/23,Apertura,5,2022-09-14,21:05,America,Santos Laguna,3,3,FALSE,,,
2022/23,Apertura,6,2022-07-29,21:05,FC Juárez,Toluca,1,1,FALSE,,,
2022/23,Apertura,6,2022-07-30,17:00,Cruz Azul,Necaxa,1,0,FALSE,,,
2022/23,Apertura,6,2022-07-30,19:05,UANL,Querétaro,2,1,FALSE,,,
2022/23,Apertura,6,2022-07-30,21:05,Guadalajara,Pachuca,0,0,FALSE,,,
2022/23,Apertura,6,2022-07-30,,Tijuana,Mazatlan,2,0,FALSE,,,
2022/23,Apertura,6,2022-07-30,,Puebla,Atlético San Luis,0,0,FALSE,,,
2022/23,Apertura,6,2022-07-31,12:00,UNAM,Monterrey,1,1,FALSE,,,
2022/23,Apertura,6,2022-07-31,19:05,Santos Laguna,Atlas,1,0,FALSE,,,
2022/23,Apertura,6,2022-07-31,21:05,Leon,America,3,2,FALSE,,,
2022/23,Apertura,7,2022-08-04,21:00,Atlas,Querétaro,3,1,FALSE,,,
2022/23,Apertura,7,2022-08-05,21:05,Mazatlan,Guadalajara,2,1,FALSE,,,
2022/23,Apertura,7,2022-08-06,19:00,Monterrey,Leon,5,1,FALSE,,,
2022/23,Apertura,7,2022-08-06,21:05,Santos Laguna,Cruz Azul,4,0,FALSE,,,
2022/23,Apertura,7,2022-08-07,12:00,Toluca,Tijuana,3,1,FALSE,,,
2022/23,Apertura,7,2022-08-07,16:00,Atlético San Luis,Necaxa,1,2,FALSE,,,
2022/23,Apertura,7,2022-08-07,18:05,Pachuca,UANL,2,0,FALSE,,,
2022/23,Apertura,7,2022-08-07,20:05,America,FC Juárez,2,1,FALSE,,,
2022/23,Apertura,7,2022-09-23,21:05,Puebla,UNAM,2,1,FALSE,,,
2022/23,Apertura,8,2022-08-11,21:00,Querétaro,Atlético San Luis,1,1,FALSE,,,
2022/23,Apertura,8,2022-08-12,21:00,Necaxa,Monterrey,1,2,FALSE,,,
2022/23,Apertura,8,2022-08-12,21:05,Tijuana,Puebla,3,3,FALSE,,,
2022/23,Apertura,8,2022-08-13,17:00,Leon,Mazatlan,0,3,FALSE,,,
2022/23,Apertura,8,2022-08-13,19:05,UNAM,America,0,3,FALSE,,,
2022/23,Apertura,8,2022-08-13,21:05,Guadalajara,Atlas,1,1,FALSE,,,
2022/23,Apertura,8,2022-08-14,17:00,Cruz Azul,Toluca,2,3,FALSE,,,
2022/23,Apertura,8,2022-08-14,19:05,UANL,Santos Laguna,2,0,FALSE,,,
2022/23,Apertura,8,2022-09-14,21:05,FC Juárez,Pachuca,2,1,FALSE,,,
2022/23,Apertura,9,2022-08-16,19:00,Atlas,FC Juárez,0,1,FALSE,,,
2022/23,Apertura,9,2022-08-16,,Mazatlan,Querétaro,1,1,FALSE,,,
2022/23,Apertura,9,2022-08-16,21:05,Puebla,Necaxa,2,2,FALSE,,,
2022/23,Apertura,9,2022-08-17,19:00,Toluca,Monterrey,1,1,FALSE,,,
2022/23,Apertura,9,2022-08-17,21:05,Pachuca,America,0,3,FALSE,,,
2022/23,Apertura,9,2022-08-17,,Cruz Azul,Tijuana,1,2,FALSE,,,
2022/23,Apertura,9,2022-08-18,19:00,Santos Laguna,Leon,2,1,FALSE,,,
2022/23,Apertura,9,2022-08-18,21:05,Atlético San Luis,UNAM,3,2,FALSE,,,
2022/23,Apertura,9,2022-09-13,21:00,Guadalajara,UANL,1,4,FALSE,,,
2022/23,Apertura,10,2022-08-19,19:00,Necaxa,Guadalajara,0,4,FALSE,,,
2022/23,Apertura,10,2022-08-20,17:00,Querétaro,Tijuana,2,0,FALSE,,,
2022/23,Apertura,10,2022-08-20,19:05,Atlas,Puebla,1,1,FALSE,,,
2022/23,Apertura,10,2022-08-20,,Monterrey,UANL,0,0,FALSE,,,
2022/23,Apertura,10,2022-08-20,21:05,FC Juárez,Mazatlan,1,1,FALSE,,,
2022/23,Apertura,10,2022-08-20,,America,Cruz Azul,7,0,FALSE,,,
2022/23,Apertura,10,2022-08-21,12:00,UNAM,Santos Laguna,1,5,FALSE,,,
2022/23,Apertura,10,2022-08-21,17:00,Atlético San Luis,Toluca,1,0,FALSE,,,
2022/23,Apertura,10,2022-08-21,19:05,Pachuca,Leon,1,0,FALSE,,,
2022/23,Apertura,11,2022-08-26,19:00,Puebla,FC Juárez,2,2,FALSE,,,
2022/23,Apertura,11,2022-08-26,21:05,Mazatlan,America,1,3,FALSE,,,
2022/23,Apertura,11,2022-08-27,17:00,Cruz Azul,Querétaro,2,1,FALSE,,,
2022/23,Apertura,11,2022-08-27,19:05,UANL,Necaxa,0,0,FALSE,,,
2022/23,Apertura,11,2022-08-27,21:05,Guadalajara,UNAM,3,1,FALSE,,,
2022/23,Apertura,11,2022-08-28,12:00,Toluca,Pachuca,1,4,FALSE,,,
2022/23,Apertura,11,2022-08-28,19:00,Leon,Atlas,4,2,FALSE,,,
2022/23,Apertura,11,2022-08-28,19:05,Santos Laguna,Atlético San Luis,4,1,FALSE,,,
2022/23,Apertura,11,2022-08-28,21:05,Tijuana,Monterrey,0,3,FALSE,,,
2022/23,Apertura,12,2022-09-01,19:00,Atlético San Luis,Tijuana,0,0,FALSE,,,
2022/23,Apertura,12,2022-09-01,21:05,Querétaro,Puebla,1,1,FALSE,,,
2022/23,Apertura,12,2022-09-02,19:00,Necaxa,Leon,3,2,FALSE,,,
2022/23,Apertura,12,2022-09-02,21:05,FC Juárez,Cruz Azul,2,2,FALSE,,,
2022/23,Apertura,12,2022-09-03,17:05,Pachuca,Santos Laguna,2,0,FALSE,,,
2022/23,Apertura,12,2022-09-03,19:05,Atlas,UNAM,0,0,FALSE,,,
2022/23,Apertura,12,2022-09-03,,Monterrey,Mazatlan,0,0,FALSE,,,
2022/23,Apertura,12,2022-09-03,21:05,America,UANL,2,1,FALSE,,,
2022/23,Apertura,12,2022-09-04,17:30,Toluca,Guadalajara,0,0,FALSE,,,
2022/23,Apertura,13,2022-09-06,19:00,Leon,FC Juárez,1,0,FALSE,,,
2022/23,Apertura,13,2022-09-06,19:05,Santos Laguna,Necaxa,3,1,FALSE,,,
2022/23,Apertura,13,2022-09-06,21:05,Monterrey,Cruz Azul,3,2,FALSE,,,
2022/23,Apertura,13,2022-09-06,,America,Atlético San Luis,3,0,FALSE,,,
2022/23,Apertura,13,2022-09-07,19:00,Puebla,Pachuca,2,2,FALSE,,,
2022/23,Apertura,13,2022-09-07,,UANL,Toluca,3,1,FALSE,,,
2022/23,Apertura,13,2022-09-07,21:05,Mazatlan,Atlas,1,0,FALSE,,,
2022/23,Apertura,13,2022-09-07,,Tijuana,Guadalajara,1,2,FALSE,,,
2022/23,Apertura,13,2022-09-07,,UNAM,Querétaro,4,1,FALSE,,,
2022/23,Apertura,14,2022-09-09,21:05,FC Juárez,Monterrey,0,1,FALSE,,,
2022/23,Apertura,14,2022-09-10,17:00,Querétaro,Santos Laguna,3,3,FALSE,,,
2022/23,Apertura,14,2022-09-10,19:00,Necaxa,America,1,2,FALSE,,,
2022/23,Apertura,14,2022-09-10,19:05,UANL,Leon,0,1,FALSE,,,
2022/23,Apertura,14,2022-09-10,21:05,Guadalajara,Puebla,1,0,FALSE,,,
2022/23,Apertura,14,2022-09-10,,Toluca,UNAM,2,2,FALSE,,,
2022/23,Apertura,14,2022-09-11,16:00,Cruz Azul,Mazatlan,2,0,FALSE,,,
2022/23,Apertura,14,2022-09-11,18:05,Atlas,Atlético San Luis,1,3,FALSE,,,
2022/23,Apertura,14,2022-09-11,20:05,Pachuca,Tijuana,6,1,FALSE,,,
2022/23,Apertura,15,2022-09-16,19:00,Puebla,UANL,2,1,FALSE,,,
2022/23,Apertura,15,2022-09-16,21:00,Mazatlan,Toluca,1,1,FALSE,,,
2022/23,Apertura,15,2022-09-17,19:05,Monterrey,Atlas,2,0,FALSE,,,
2022/23,Apertura,15,2022-09-17,20:00,America,Guadalajara,2,1,FALSE,,,
2022/23,Apertura,15,2022-09-18,17:00,UNAM,Cruz Azul,1,2,FALSE,,,
2022/23,Apertura,15,2022-09-18,19:05,Leon,Querétaro,3,1,FALSE,,,
2022/23,Apertura,15,2022-09-18,,Santos Laguna,FC Juárez,2,0,FALSE,,,
2022/23,Apertura,15,2022-09-18,21:00,Atlético San Luis,Pachuca,1,2,FALSE,,,
2022/23,Apertura,15,2022-09-18,21:05,Tijuana,Necaxa,1,1,FALSE,,,
2022/23,Apertura,16,2022-08-02,20:00,Toluca,Puebla,1,1,FALSE,,,
2022/23,Apertura,16,2022-08-03,20:00,FC Juárez,Atlético San Luis,1,1,FALSE,,,
2022/23,Apertura,16,2022-08-23,19:05,Guadalajara,Monterrey,1,0,FALSE,,,
2022/23,Apertura,16,2022-08-23,21:05,Querétaro,America,0,1,FALSE,,,
2022/23,Apertura,16,2022-08-24,21:05,UNAM,UANL,1,1,FALSE,,,
2022/23,Apertura,16,2022-08-25,19:05,Pachuca,Atlas,3,1,FALSE,,,
2022/23,Apertura,16,2022-08-25,21:05,Tijuana,Santos Laguna,0,2,FALSE,,,
2022/23,Apertura,16,2022-09-15,19:00,Cruz Azul,Leon,2,1,FALSE,,,
2022/23,Apertura,16,2022-09-23,19:00,Necaxa,Mazatlan,2,2,FALSE,,,
2022/23,Apertura,17,2022-09-30,19:00,Puebla,America,1,2,FALSE,,,
2022/23,Apertura,17,2022-09-30,21:00,FC Juárez,UNAM,3,1,FALSE,,,
2022/23,Apertura,17,2022-10-01,17:00,Atlético San Luis,UANL,0,3,FALSE,,,
2022/23,Apertura,17,2022-10-01,17:05,Monterrey,Pachuca,0,0,FALSE,,,
2022/23,Apertura,17,2022-10-01,19:05,Atlas,Necaxa,1,0,FALSE,,,
2022/23,Apertura,17,2022-10-01,21:05,Cruz Azul,Guadalajara,2,1,FALSE,,,
2022/23,Apertura,17,2022-10-02,12:00,Toluca,Querétaro,4,1,FALSE,,,
2022/23,Apertura,17,2022-10-02,18:05,Santos Laguna,Mazatlan,3,0,FALSE,,,
2022/23,Apertura,17,2022-10-02,20:00,Leon,Tijuana,2,2,FALSE,,,
2022/23,Apertura,17,2022-10-08,19:00,UANL,Necaxa,2,0,FALSE,,,
2022/23,Apertura,17,2022-10-08,21:15,Cruz Azul,Leon,1,0,FALSE,,,
2022/23,Apertura,17,2022-10-09,12:00,Toluca,FC Juárez,3,0,FALSE,,,
2022/23,Apertura,17,2022-10-09,16:30,Puebla,Guadalajara,1,1,TRUE,5,4,
2022/23,Apertura,17,2022-10-12,19:06,Puebla,America,1,6,FALSE,,,
2022/23,Apertura,17,2022-10-12,21:06,Cruz Azul,Monterrey,0,0,FALSE,,,
2022/23,Apertura,17,2022-10-13,19:06,Toluca,Santos Laguna,4,3,FALSE,,,
2022/23,Apertura,17,2022-10-13,21:06,UANL,Pachuca,1,0,FALSE,,,
2022/23,Apertura,17,2022-10-15,18:06,Monterrey,Cruz Azul,3,0,FALSE,,,
2022/23,Apertura,17,2022-10-15,20:06,America,Puebla,5,1,FALSE,,,
2022/23,Apertura,17,2022-10-16,19:06,Santos Laguna,Toluca,1,2,FALSE,,,
2022/23,Apertura,17,2022-10-16,21:06,Pachuca,UANL,2,1,FALSE,,,
2022/23,Apertura,17,2022-10-19,21:06,Toluca,America,2,1,FALSE,,,
2022/23,Apertura,17,2022-10-20,21:06,Pachuca,Monterrey,5,2,FALSE,,,
2022/23,Apertura,17,2022-10-22,20:06,America,Toluca,1,1,FALSE,,,
2022/23,Apertura,17,2022-10-23,20:06,Monterrey,Pachuca,0,1,FALSE,,,
2022/23,Apertura,17,2022-10-27,20:06,Toluca,Pachuca,1,5,FALSE,,,
2022/23,Apertura,17,2022-10-30,19:36,Pachuca,Toluca,3,1,FALSE,,,
2022/23,Clausura,1,2023-01-06,19:00,Necaxa,Atlético San Luis,2,3,FALSE,,,
2022/23,Clausura,1,2023-01-07,17:00,America,Querétaro,0,0,FALSE,,,
2022/23,Clausura,1,2023-01-07,21:10,Monterrey,Guadalajara,0,1,FALSE,,,
2022/23,Clausura,1,2023-01-08,12:00,UNAM,FC Juárez,2,1,FALSE,,,
2022/23,Clausura,1,2023-01-08,19:00,Santos Laguna,UANL,0,3,FALSE,,,
2022/23,Clausura,1,2023-01-08,21:10,Tijuana,Cruz Azul,1,1,FALSE,,,
2022/23,Clausura,1,2023-01-09,21:10,Pachuca,Puebla,5,1,FALSE,,,
2022/23,Clausura,1,2023-02-01,20:05,Atlas,Toluca,0,0,FALSE,,,
2022/23,Clausura,1,2023-03-24,21:05,Mazatlan,Leon,1,2,FALSE,,,
2022/23,Clausura,2,2023-01-12,21:05,Atlas,Mazatlan,2,1,FALSE,,,
2022/23,Clausura,2,2023-01-13,19:05,Atlético San Luis,Guadalajara,0,0,FALSE,,,
2022/23,Clausura,2,2023-01-13,21:05,Puebla,Querétaro,2,0,FALSE,,,
2022/23,Clausura,2,2023-01-14,17:00,Cruz Azul,Monterrey,2,3,FALSE,,,
2022/23,Clausura,2,2023-01-14,19:05,Toluca,America,2,2,FALSE,,,
2022/23,Clausura,2,2023-01-14,,FC Juárez,Tijuana,3,0,FALSE,,,
2022/23,Clausura,2,2023-01-14,21:05,Santos Laguna,UNAM,3,0,FALSE,,,
2022/23,Clausura,2,2023-01-15,19:05,UANL,Pachuca,4,1,FALSE,,,
2022/23,Clausura,2,2023-01-16,21:05,Leon,Necaxa,2,1,FALSE,,,
2022/23,Clausura,3,2023-01-20,21:00,Mazatlan,Santos Laguna,1,2,FALSE,,,
2022/23,Clausura,3,2023-01-20,21:10,Tijuana,UANL,1,1,FALSE,,,
2022/23,Clausura,3,2023-01-21,17:06,Monterrey,Atlético San Luis,3,1,FALSE,,,
2022/23,Clausura,3,2023-01-21,19:10,America,Puebla,2,2,FALSE,,,
2022/23,Clausura,3,2023-01-21,21:10,Guadalajara,Toluca,1,2,FALSE,,,
2022/23,Clausura,3,2023-01-21,,Necaxa,Cruz Azul,1,0,FALSE,,,
2022/23,Clausura,3,2023-01-22,12:00,UNAM,Leon,4,1,FALSE,,,
2022/23,Clausura,3,2023-01-22,17:00,Querétaro,Atlas,3,3,FALSE,,,
2022/23,Clausura,3,2023-01-22,19:10,Pachuca,FC Juárez,4,1,FALSE,,,
2022/23,Clausura,4,2023-01-26,21:05,Atlas,Santos Laguna,2,2,FALSE,,,
2022/23,Clausura,4,2023-01-27,19:05,Puebla,Monterrey,1,2,FALSE,,,
2022/23,Clausura,4,2023-01-27,21:05,Tijuana,UNAM,0,0,FALSE,,,
2022/23,Clausura,4,2023-01-28,19:05,UANL,Atlético San Luis,0,0,FALSE,,,
2022/23,Clausura,4,2023-01-28,21:05,America,Mazatlan,6,0,FALSE,,,
2022/23,Clausura,4,2023-01-28,,FC Juárez,Guadalajara,1,2,FALSE,,,
2022/23,Clausura,4,2023-01-29,12:00,Toluca,Leon,0,0,FALSE,,,
2022/23,Clausura,4,2023-01-29,19:00,Pachuca,Necaxa,2,1,FALSE,,,
2022/23,Clausura,4,2023-03-29,21:05,Querétaro,Cruz Azul,2,2,FALSE,,,
2022/23,Clausura,5,2023-02-02,21:00,Atlético San Luis,Puebla,2,0,FALSE,,,
2022/23,Clausura,5,2023-02-03,19:00,Necaxa,Tijuana,1,1,FALSE,,,
2022/23,Clausura,5,2023-02-03,21:05,Mazatlan,FC Juárez,2,3,FALSE,,,
2022/23,Clausura,5,2023-02-04,17:00,Leon,Pachuca,0,1,FALSE,,,
2022/23,Clausura,5,2023-02-04,19:05,Cruz Azul,UANL,0,1,FALSE,,,
2022/23,Clausura,5,2023-02-04,21:05,Santos Laguna,America,2,2,FALSE,,,
2022/23,Clausura,5,2023-02-05,12:00,UNAM,Atlas,2,2,FALSE,,,
2022/23,Clausura,5,2023-02-05,17:05,Guadalajara,Querétaro,1,1,FALSE,,,
2022/23,Clausura,5,2023-02-05,19:10,Monterrey,Toluca,2,1,FALSE,,,
2022/23,Clausura,6,2023-02-09,19:05,Querétaro,Leon,0,3,FALSE,,,
2022/23,Clausura,6,2023-02-09,21:05,Atlas,Monterrey,0,2,FALSE,,,
2022/23,Clausura,6,2023-02-10,19:00,Puebla,Mazatlan,3,1,FALSE,,,
2022/23,Clausura,6,2023-02-10,21:10,Tijuana,Atlético San Luis,1,0,FALSE,,,
2022/23,Clausura,6,2023-02-11,17:00,America,Necaxa,2,1,FALSE,,,
2022/23,Clausura,6,2023-02-11,19:05,FC Juárez,Santos Laguna,3,1,FALSE,,,
2022/23,Clausura,6,2023-02-11,,UANL,UNAM,4,2,FALSE,,,
2022/23,Clausura,6,2023-02-11,21:05,Pachuca,Guadalajara,1,1,FALSE,,,
2022/23,Clausura,6,2023-02-12,12:00,Toluca,Cruz Azul,3,1,FALSE,,,
2022/23,Clausura,7,2023-02-14,19:05,Leon,Puebla,2,0,FALSE,,,
2022/23,Clausura,7,2023-02-14,,UANL,FC Juárez,0,0,FALSE,,,
2022/23,Clausura,7,2023-02-14,21:05,Atlético San Luis,America,1,3,FALSE,,,
2022/23,Clausura,7,2023-02-15,19:05,Monterrey,Querétaro,2,0,FALSE,,,
2022/23,Clausura,7,2023-02-15,,Guadalajara,Tijuana,2,1,FALSE,,,
2022/23,Clausura,7,2023-02-15,21:05,Necaxa,UNAM,3,1,FALSE,,,
2022/23,Clausura,7,2023-02-16,21:00,Mazatlan,Pachuca,2,3,FALSE,,,
2022/23,Clausura,7,2023-02-22,20:05,Cruz Azul,Atlas,1,0,FALSE,,,
2022/23,Clausura,7,2023-02-23,20:00,Santos Laguna,Toluca,0,5,FALSE,,,
2022/23,Clausura,8,2023-02-17,19:06,FC Juárez,Leon,0,0,FALSE,,,
2022/23,Clausura,8,2023-02-17,21:05,Puebla,Cruz Azul,1,3,FALSE,,,
2022/23,Clausura,8,2023-02-18,17:00,Atlético San Luis,Santos Laguna,1,1,FALSE,,,
2022/23,Clausura,8,2023-02-18,17:06,Monterrey,Necaxa,2,1,FALSE,,,
2022/23,Clausura,8,2023-02-18,19:05,Atlas,UANL,0,1,FALSE,,,
2022/23,Clausura,8,2023-02-18,21:05,UNAM,Guadalajara,1,2,FALSE,,,
2022/23,Clausura,8,2023-02-19,17:00,Querétaro,Mazatlan,1,1,FALSE,,,
2022/23,Clausura,8,2023-02-19,19:05,America,Tijuana,2,1,FALSE,,,
2022/23,Clausura,8,2023-02-19,21:05,Pachuca,Toluca,1,2,FALSE,,,
2022/23,Clausura,9,2023-02-24,19:05,Necaxa,Querétaro,1,1,FALSE,,,
2022/23,Clausura,9,2023-02-24,21:10,Mazatlan,UNAM,1,2,FALSE,,,
2022/23,Clausura,9,2023-02-25,17:00,Cruz Azul,FC Juárez,1,0,FALSE,,,
2022/23,Clausura,9,2023-02-25,19:05,UANL,Guadalajara,1,2,FALSE,,,
2022/23,Clausura,9,2023-02-25,21:05,Atlas,America,2,2,FALSE,,,
2022/23,Clausura,9,2023-02-26,12:00,Toluca,Atlético San Luis,2,0,FALSE,,,
2022/23,Clausura,9,2023-02-26,19:05,Santos Laguna,Puebla,3,2,FALSE,,,
2022/23,Clausura,9,2023-02-26,21:05,Tijuana,Pachuca,2,0,FALSE,,,
2022/23,Clausura,9,2023-02-27,21:10,Leon,Monterrey,1,1,FALSE,,,
2022/23,Clausura,10,2023-03-03,19:05,Necaxa,UANL,0,1,FALSE,,,
2022/23,Clausura,10,2023-03-03,,Mazatlan,Cruz Azul,3,1,FALSE,,,
2022/23,Clausura,10,2023-03-03,21:15,Tijuana,Atlas,1,1,FALSE,,,
2022/23,Clausura,10,2023-03-04,17:00,Leon,Atlético San Luis,2,0,FALSE,,,
2022/23,Clausura,10,2023-03-04,19:05,America,Pachuca,0,3,FALSE,,,
2022/23,Clausura,10,2023-03-04,19:10,Monterrey,FC Juárez,3,0,FALSE,,,
2022/23,Clausura,10,2023-03-04,21:05,Guadalajara,Santos Laguna,2,0,FALSE,,,
2022/23,Clausura,10,2023-03-05,12:00,UNAM,Puebla,2,4,FALSE,,,
2022/23,Clausura,10,2023-03-05,19:05,Querétaro,Toluca,1,0,FALSE,,,
2022/23,Clausura,11,2023-03-10,19:05,Atlético San Luis,Querétaro,2,0,FALSE,,,
2022/23,Clausura,11,2023-03-10,21:05,Puebla,Guadalajara,1,0,FALSE,,,
2022/23,Clausura,11,2023-03-11,17:00,Atlas,Leon,0,1,FALSE,,,
2022/23,Clausura,11,2023-03-11,19:05,Cruz Azul,UNAM,1,0,FALSE,,,
2022/23,Clausura,11,2023-03-11,21:10,UANL,America,0,2,FALSE,,,
2022/23,Clausura,11,2023-03-12,12:00,Toluca,Mazatlan,4,1,FALSE,,,
2022/23,Clausura,11,2023-03-12,19:05,Pachuca,Monterrey,1,2,FALSE,,,
2022/23,Clausura,11,2023-03-12,,Santos Laguna,Tijuana,3,2,FALSE,,,
2022/23,Clausura,11,2023-03-12,21:15,FC Juárez,Necaxa,1,1,FALSE,,,
2022/23,Clausura,12,2023-03-17,19:00,Puebla,Atlas,0,4,FALSE,,,
2022/23,Clausura,12,2023-03-17,21:05,Tijuana,Toluca,3,3,FALSE,,,
2022/23,Clausura,12,2023-03-17,21:10,Mazatlan,Necaxa,0,1,FALSE,,,
2022/23,Clausura,12,2023-03-18,17:00,Cruz Azul,Atlético San Luis,1,0,FALSE,,,
2022/23,Clausura,12,2023-03-18,19:05,UANL,Monterrey,0,1,FALSE,,,
2022/23,Clausura,12,2023-03-18,21:10,Guadalajara,America,2,4,FALSE,,,
2022/23,Clausura,12,2023-03-19,12:00,UNAM,Pachuca,0,2,FALSE,,,
2022/23,Clausura,12,2023-03-19,19:05,Querétaro,FC Juárez,2,2,FALSE,,,
2022/23,Clausura,12,2023-03-19,21:05,Leon,Santos Laguna,4,1,FALSE,,,
2022/23,Clausura,13,2023-03-31,19:05,Necaxa,Santos Laguna,0,0,FALSE,,,
2022/23,Clausura,13,2023-03-31,21:00,FC Juárez,Puebla,0,2,FALSE,,,
2022/23,Clausura,13,2023-04-01,17:00,Pachuca,Cruz Azul,0,2,FALSE,,,
2022/23,Clausura,13,2023-04-01,19:05,America,Leon,2,2,FALSE,,,
2022/23,Clausura,13,2023-04-01,19:15,Monterrey,Tijuana,4,0,FALSE,,,
2022/23,Clausura,13,2023-04-01,21:10,Atlas,Guadalajara,3,3,FALSE,,,
2022/23,Clausura,13,2023-04-02,12:00,Toluca,UANL,3,2,FALSE,,,
2022/23,Clausura,13,2023-04-02,17:00,Atlético San Luis,Mazatlan,2,1,FALSE,,,
2022/23,Clausura,13,2023-04-02,19:05,Querétaro,UNAM,1,0,FALSE,,,
2022/23,Clausura,14,2023-04-07,19:05,Puebla,Toluca,1,2,FALSE,,,
2022/23,Clausura,14,2023-04-07,21:10,Tijuana,Querétaro,1,2,FALSE,,,
2022/23,Clausura,14,2023-04-08,17:00,Guadalajara,Necaxa,1,0,FALSE,,,
2022/23,Clausura,14,2023-04-08,19:05,Leon,Cruz Azul,0,0,FALSE,,,
2022/23,Clausura,14,2023-04-08,,UANL,Mazatlan,1,2,FALSE,,,
2022/23,Clausura,14,2023-04-08,21:10,America,Monterrey,2,1,FALSE,,,
2022/23,Clausura,14,2023-04-09,12:00,UNAM,Atlético San Luis,3,1,FALSE,,,
2022/23,Clausura,14,2023-04-09,18:05,Santos Laguna,Pachuca,1,4,FALSE,,,
2022/23,Clausura,14,2023-04-09,20:10,FC Juárez,Atlas,1,1,FALSE,,,
2022/23,Clausura,15,2023-04-13,21:05,Atlético San Luis,FC Juárez,2,0,FALSE,,,
2022/23,Clausura,15,2023-04-14,19:05,Necaxa,Puebla,1,1,FALSE,,,
2022/23,Clausura,15,2023-04-14,21:05,Mazatlan,Tijuana,1,2,FALSE,,,
2022/23,Clausura,15,2023-04-15,17:00,Atlas,Pachuca,4,1,FALSE,,,
2022/23,Clausura,15,2023-04-15,19:05,Leon,Guadalajara,0,2,FALSE,,,
2022/23,Clausura,15,2023-04-15,21:10,Cruz Azul,America,1,3,FALSE,,,
2022/23,Clausura,15,2023-04-16,12:00,UNAM,Toluca,3,1,FALSE,,,
2022/23,Clausura,15,2023-04-16,17:00,Querétaro,UANL,0,0,FALSE,,,
2022/23,Clausura,15,2023-04-16,19:10,Monterrey,Santos Laguna,1,2,FALSE,,,
2022/23,Clausura,16,2023-04-20,20:05,UANL,Puebla,1,0,FALSE,,,
2022/23,Clausura,16,2023-04-21,19:00,Mazatlan,Monterrey,0,2,FALSE,,,
2022/23,Clausura,16,2023-04-21,19:05,Necaxa,Atlas,1,3,FALSE,,,
2022/23,Clausura,16,2023-04-21,21:15,Tijuana,Leon,0,0,FALSE,,,
2022/23,Clausura,16,2023-04-22,17:00,Pachuca,Atlético San Luis,2,1,FALSE,,,
2022/23,Clausura,16,2023-04-22,19:05,Guadalajara,Cruz Azul,2,1,FALSE,,,
2022/23,Clausura,16,2023-04-22,21:10,America,UNAM,1,1,FALSE,,,
2022/23,Clausura,16,2023-04-23,12:00,Toluca,FC Juárez,1,1,FALSE,,,
2022/23,Clausura,16,2023-04-23,19:05,Santos Laguna,Querétaro,0,2,FALSE,,,
2022/23,Clausura,17,2023-04-28,21:05,FC Juárez,America,0,1,FALSE,,,
2022/23,Clausura,17,2023-04-29,17:00,Puebla,Tijuana,5,2,FALSE,,,
2022/23,Clausura,17,2023-04-29,19:00,Atlético San Luis,Atlas,0,0,FALSE,,,
2022/23,Clausura,17,2023-04-29,19:05,Monterrey,UNAM,4,1,FALSE,,,
2022/23,Clausura,17,2023-04-29,,Guadalajara,Mazatlan,4,1,FALSE,,,
2022/23,Clausura,17,2023-04-29,21:05,Cruz Azul,Santos Laguna,3,2,FALSE,,,
2022/23,Clausura,17,2023-04-30,12:00,Toluca,Necaxa,3,0,FALSE,,,
2022/23,Clausura,17,2023-04-30,17:00,Querétaro,Pachuca,0,1,FALSE,,,
2022/23,Clausura,17,2023-04-30,19:05,Leon,UANL,3,0,FALSE,,,
2022/23,Clausura,17,2023-05-06,17:00,Cruz Azul,Atlas,0,1,FALSE,,,
2022/23,Clausura,17,2023-05-06,19:10,Pachuca,Santos Laguna,4,4,TRUE,4,4,
2022/23,Clausura,17,2023-05-07,19:06,Leon,Atlético San Luis,1,3,FALSE,,,
2022/23,Clausura,17,2023-05-07,21:10,UANL,Puebla,1,0,FALSE,,,
2022/23,Clausura,17,2023-05-10,19:00,Santos Laguna,Monterrey,0,0,FALSE,,,
2022/23,Clausura,17,2023-05-10,21:10,Atlético San Luis,America,1,3,FALSE,,,
2022/23,Clausura,17,2023-05-11,19:00,Atlas,Guadalajara,1,0,FALSE,,,
2022/23,Clausura,17,2023-05-11,21:10,UANL,Toluca,4,1,FALSE,,,
2022/23,Clausura,17,2023-05-13,19:06,Monterrey,Santos Laguna,2,0,FALSE,,,
2022/23,Clausura,17,2023-05-13,21:16,America,Atlético San Luis,1,2,FALSE,,,
2022/23,Clausura,17,2023-05-14,12:00,Toluca,UANL,3,1,FALSE,,,
2022/23,Clausura,17,2023-05-14,19:05,Guadalajara,Atlas,1,0,FALSE,,,
2022/23,Clausura,17,2023-05-17,21:00,UANL,Monterrey,1,1,FALSE,,,
2022/23,Clausura,17,2023-05-18,20:10,Guadalajara,America,0,1,FALSE,,,
2022/23,Clausura,17,2023-05-20,19:06,Monterrey,UANL,0,1,FALSE,,,
2022/23,Clausura,17,2023-05-21,20:00,America,Guadalajara,1,3,FALSE,,,
2022/23,Clausura,17,2023-05-25,20:00,UANL,Guadalajara,0,0,FALSE,,,
2022/23,Clausura,17,2023-05-28,19:35,Guadalajara,UANL,2,3,FALSE,,,
2023/24,Apertura,1,2023-06-30,19:00,America,FC Juárez,1,2,FALSE,,,
2023/24,Apertura,1,2023-06-30,,Mazatlan,Pachuca,1,1,FALSE,,,
2023/24,Apertura,1,2023-06-30,21:10,Tijuana,UNAM,2,3,FALSE,,,
2023/24,Apertura,1,2023-07-01,17:00,Atlético San Luis,Monterrey,1,1,FALSE,,,
2023/24,Apertura,1,2023-07-01,19:00,UANL,Puebla,1,1,FALSE,,,
2023/24,Apertura,1,2023-07-01,21:10,Atlas,Cruz Azul,2,0,FALSE,,,
2023/24,Apertura,1,2023-07-02,12:00,Toluca,Necaxa,0,0,FALSE,,,
2023/24,Apertura,1,2023-07-02,19:05,Santos Laguna,Querétaro,0,2,FALSE,,,
2023/24,Apertura,1,2023-07-03,20:00,Leon,Guadalajara,1,2,FALSE,,,
2023/24,Apertura,2,2023-07-07,19:00,Puebla,Santos Laguna,2,3,FALSE,,,
2023/24,Apertura,2,2023-07-07,21:00,Necaxa,Tijuana,1,1,FALSE,,,
2023/24,Apertura,2,2023-07-08,17:50,Cruz Azul,Toluca,0,2,FALSE,,,
2023/24,Apertura,2,2023-07-08,18:05,Guadalajara,Atlético San Luis,3,1,FALSE,,,
2023/24,Apertura,2,2023-07-08,18:06,FC Juárez,UANL,1,1,FALSE,,,
2023/24,Apertura,2,2023-07-09,12:00,UNAM,Mazatlan,0,0,FALSE,,,
2023/24,Apertura,2,2023-07-09,19:00,Monterrey,Atlas,1,0,FALSE,,,
2023/24,Apertura,2,2023-07-10,20:00,Leon,Pachuca,4,0,FALSE,,,
2023/24,Apertura,2,2023-09-20,20:06,Querétaro,America,1,2,FALSE,,,
2023/24,Apertura,3,2023-07-13,19:05,Santos Laguna,Atlas,0,0,FALSE,,,
2023/24,Apertura,3,2023-07-13,21:00,Guadalajara,Necaxa,2,0,FALSE,,,
2023/24,Apertura,3,2023-07-14,19:00,Mazatlan,Monterrey,0,3,FALSE,,,
2023/24,Apertura,3,2023-07-14,21:10,Tijuana,Cruz Azul,2,1,FALSE,,,
2023/24,Apertura,3,2023-07-15,17:00,Atlético San Luis,Querétaro,4,1,FALSE,,,
2023/24,Apertura,3,2023-07-15,19:00,America,Puebla,3,0,FALSE,,,
2023/24,Apertura,3,2023-07-15,21:05,UANL,Leon,1,0,FALSE,,,
2023/24,Apertura,3,2023-07-16,12:00,Toluca,FC Juárez,2,4,FALSE,,,
2023/24,Apertura,3,2023-07-16,20:15,Pachuca,UNAM,1,1,FALSE,,,
2023/24,Apertura,4,2023-08-18,19:06,Leon,Mazatlan,2,1,FALSE,,,
2023/24,Apertura,4,2023-08-18,21:00,UNAM,Toluca,1,1,FALSE,,,
2023/24,Apertura,4,2023-08-18,21:06,Puebla,Atlético San Luis,1,2,FALSE,,,
2023/24,Apertura,4,2023-08-18,21:10,FC Juárez,Guadalajara,1,1,FALSE,,,
2023/24,Apertura,4,2023-08-20,17:00,Cruz Azul,Santos Laguna,2,2,FALSE,,,
2023/24,Apertura,4,2023-08-20,19:06,Querétaro,Pachuca,1,1,FALSE,,,
2023/24,Apertura,4,2023-08-20,21:10,America,Atlas,1,1,FALSE,,,
2023/24,Apertura,4,2023-08-20,,Necaxa,UANL,0,3,FALSE,,,
2023/24,Apertura,4,2023-10-25,19:00,Monterrey,Tijuana,3,1,FALSE,,,
2023/24,Apertura,5,2023-08-22,19:00,Guadalajara,Tijuana,1,0,FALSE,,,
2023/24,Apertura,5,2023-08-22,,Mazatlan,Puebla,1,0,FALSE,,,
2023/24,Apertura,5,2023-08-22,21:05,FC Juárez,UNAM,4,1,FALSE,,,
2023/24,Apertura,5,2023-08-23,19:00,America,Necaxa,3,2,FALSE,,,
2023/24,Apertura,5,2023-08-23,19:06,Pachuca,Cruz Azul,1,0,FALSE,,,
2023/24,Apertura,5,2023-08-23,21:00,Atlético San Luis,Leon,3,0,FALSE,,,
2023/24,Apertura,5,2023-08-30,19:00,Toluca,Monterrey,1,0,FALSE,,,
2023/24,Apertura,5,2023-08-30,19:06,Querétaro,Atlas,1,2,FALSE,,,
2023/24,Apertura,5,2023-08-30,21:00,UANL,Santos Laguna,3,2,FALSE,,,
2023/24,Apertura,6,2023-08-25,19:00,Puebla,FC Juárez,1,0,FALSE,,,
2023/24,Apertura,6,2023-08-25,21:10,Tijuana,Mazatlan,1,1,FALSE,,,
2023/24,Apertura,6,2023-08-26,17:00,Atlas,Toluca,0,0,FALSE,,,
2023/24,Apertura,6,2023-08-26,19:00,America,Leon,1,1,FALSE,,,
2023/24,Apertura,6,2023-08-26,21:05,Santos Laguna,Guadalajara,2,1,FALSE,,,
2023/24,Apertura,6,2023-08-27,16:00,Necaxa,Querétaro,0,1,FALSE,,,
2023/24,Apertura,6,2023-08-27,18:05,UNAM,UANL,2,1,FALSE,,,
2023/24,Apertura,6,2023-08-27,20:05,Monterrey,Cruz Azul,1,2,FALSE,,,
2023/24,Apertura,6,2023-08-28,21:10,Pachuca,Atlético San Luis,0,2,FALSE,,,
2023/24,Apertura,7,2023-09-01,19:05,FC Juárez,Mazatlan,3,1,FALSE,,,
2023/24,Apertura,7,2023-09-01,21:10,Puebla,Tijuana,3,0,FALSE,,,
2023/24,Apertura,7,2023-09-02,17:00,Leon,Necaxa,1,1,FALSE,,,
2023/24,Apertura,7,2023-09-02,19:00,Santos Laguna,UNAM,2,1,FALSE,,,
2023/24,Apertura,7,2023-09-02,19:05,UANL,Querétaro,5,0,FALSE,,,
2023/24,Apertura,7,2023-09-02,21:10,Cruz Azul,America,2,3,FALSE,,,
2023/24,Apertura,7,2023-09-03,12:00,Toluca,Pachuca,5,0,FALSE,,,
2023/24,Apertura,7,2023-09-03,17:05,Guadalajara,Monterrey,1,2,FALSE,,,
2023/24,Apertura,7,2023-09-03,20:00,Atlético San Luis,Atlas,2,0,FALSE,,,
2023/24,Apertura,8,2023-09-15,18:50,Mazatlan,Cruz Azul,2,2,FALSE,,,
2023/24,Apertura,8,2023-09-15,21:00,Tijuana,Toluca,2,1,FALSE,,,
2023/24,Apertura,8,2023-09-16,17:00,Necaxa,FC Juárez,1,1,FALSE,,,
2023/24,Apertura,8,2023-09-16,19:00,Monterrey,Leon,3,1,FALSE,,,
2023/24,Apertura,8,2023-09-16,21:10,America,Guadalajara,4,0,FALSE,,,
2023/24,Apertura,8,2023-09-17,12:00,UNAM,Atlético San Luis,3,2,FALSE,,,
2023/24,Apertura,8,2023-09-17,17:00,Querétaro,Puebla,1,1,FALSE,,,
2023/24,Apertura,8,2023-09-17,19:00,Atlas,UANL,2,0,FALSE,,,
2023/24,Apertura,8,2023-09-18,21:00,Pachuca,Santos Laguna,3,2,FALSE,,,
2023/24,Apertura,9,2023-09-22,19:00,Atlético San Luis,Mazatlan,3,2,FALSE,,,
2023/24,Apertura,9,2023-09-22,,FC Juárez,Atlas,1,2,FALSE,,,
2023/24,Apertura,9,2023-09-22,21:10,Puebla,UNAM,0,2,FALSE,,,
2023/24,Apertura,9,2023-09-23,19:00,Guadalajara,Pachuca,0,0,FALSE,,,
2023/24,Apertura,9,2023-09-23,,Leon,Tijuana,1,0,FALSE,,,
2023/24,Apertura,9,2023-09-23,21:05,UANL,Monterrey,3,0,FALSE,,,
2023/24,Apertura,9,2023-09-24,12:00,Toluca,America,1,1,FALSE,,,
2023/24,Apertura,9,2023-09-24,16:00,Cruz Azul,Querétaro,1,3,FALSE,,,
2023/24,Apertura,9,2023-09-24,20:05,Santos Laguna,Necaxa,2,5,FALSE,,,
2023/24,Apertura,10,2023-09-28,20:00,Atlas,Puebla,2,3,FALSE,,,
2023/24,Apertura,10,2023-09-29,19:00,Querétaro,Leon,1,1,FALSE,,,
2023/24,Apertura,10,2023-09-29,21:00,Atlético San Luis,Cruz Azul,1,2,FALSE,,,
2023/24,Apertura,10,2023-09-29,21:10,Tijuana,FC Juárez,5,1,FALSE,,,
2023/24,Apertura,10,2023-09-30,17:00,Pachuca,Necaxa,1,1,FALSE,,,
2023/24,Apertura,10,2023-09-30,18:40,America,UNAM,1,0,FALSE,,,
2023/24,Apertura,10,2023-09-30,19:00,Mazatlan,UANL,2,3,FALSE,,,
2023/24,Apertura,10,2023-10-01,17:20,Toluca,Guadalajara,1,1,FALSE,,,
2023/24,Apertura,10,2023-11-08,20:00,Monterrey,Santos Laguna,3,0,FALSE,,,
2023/24,Apertura,11,2023-09-26,19:05,Guadalajara,Mazatlan,1,3,FALSE,,,
2023/24,Apertura,11,2023-10-03,19:00,Puebla,Monterrey,1,1,FALSE,,,
2023/24,Apertura,11,2023-10-03,21:00,America,Pachuca,4,0,FALSE,,,
2023/24,Apertura,11,2023-10-04,19:00,Necaxa,Cruz Azul,1,3,FALSE,,,
2023/24,Apertura,11,2023-10-04,,UNAM,Querétaro,4,0,FALSE,,,
2023/24,Apertura,11,2023-10-04,21:00,UANL,Toluca,2,2,FALSE,,,
2023/24,Apertura,11,2023-10-04,,Santos Laguna,Tijuana,2,1,FALSE,,,
2023/24,Apertura,11,2023-10-24,19:00,Leon,Atlas,1,1,FALSE,,,
2023/24,Apertura,11,2023-10-25,21:00,FC Juárez,Atlético San Luis,3,2,FALSE,,,
2023/24,Apertura,12,2023-10-06,21:00,Mazatlan,America,1,2,FALSE,,,
2023/24,Apertura,12,2023-10-07,17:00,Monterrey,FC Juárez,3,1,FALSE,,,
2023/24,Apertura,12,2023-10-07,19:00,Guadalajara,Atlas,4,1,FALSE,,,
2023/24,Apertura,12,2023-10-07,,Pachuca,UANL,1,1,FALSE,,,
2023/24,Apertura,12,2023-10-07,21:10,Cruz Azul,UNAM,1,4,FALSE,,,
2023/24,Apertura,12,2023-10-08,12:00,Toluca,Querétaro,3,1,FALSE,,,
2023/24,Apertura,12,2023-10-08,17:00,Necaxa,Puebla,1,2,FALSE,,,
2023/24,Apertura,12,2023-10-08,19:05,Santos Laguna,Leon,0,2,FALSE,,,
2023/24,Apertura,12,2023-10-08,21:00,Tijuana,Atlético San Luis,2,1,FALSE,,,
2023/24,Apertura,13,2023-10-20,19:00,Atlas,Mazatlan,1,3,FALSE,,,
2023/24,Apertura,13,2023-10-20,19:06,FC Juárez,Pachuca,0,1,FALSE,,,
2023/24,Apertura,13,2023-10-20,21:10,Puebla,Guadalajara,0,2,FALSE,,,
2023/24,Apertura,13,2023-10-21,17:00,Leon,Toluca,1,0,FALSE,,,
2023/24,Apertura,13,2023-10-21,19:00,America,Santos Laguna,4,3,FALSE,,,
2023/24,Apertura,13,2023-10-21,19:06,Querétaro,Tijuana,1,0,FALSE,,,
2023/24,Apertura,13,2023-10-21,21:10,UANL,Cruz Azul,2,1,FALSE,,,
2023/24,Apertura,13,2023-10-22,12:00,UNAM,Monterrey,0,1,FALSE,,,
2023/24,Apertura,13,2023-10-22,18:00,Atlético San Luis,Necaxa,4,0,FALSE,,,
2023/24,Apertura,14,2023-10-27,19:00,Necaxa,UNAM,1,0,FALSE,,,
2023/24,Apertura,14,2023-10-27,21:00,Mazatlan,Querétaro,3,0,FALSE,,,
2023/24,Apertura,14,2023-10-28,17:00,Cruz Azul,Leon,1,0,FALSE,,,
2023/24,Apertura,14,2023-10-28,18:00,Pachuca,Puebla,1,1,FALSE,,,
2023/24,Apertura,14,2023-10-28,18:05,Guadalajara,UANL,0,4,FALSE,,,
2023/24,Apertura,14,2023-10-28,21:10,Monterrey,America,0,3,FALSE,,,
2023/24,Apertura,14,2023-10-29,12:00,Toluca,Atlético San Luis,3,1,FALSE,,,
2023/24,Apertura,14,2023-10-29,19:05,Santos Laguna,FC Juárez,5,1,FALSE,,,
2023/24,Apertura,14,2023-10-29,21:06,Tijuana,Atlas,2,0,FALSE,,,
2023/24,Apertura,15,2023-10-31,19:00,Toluca,Puebla,0,1,FALSE,,,
2023/24,Apertura,15,2023-10-31,,Querétaro,Guadalajara,1,2,FALSE,,,
2023/24,Apertura,15,2023-10-31,21:10,Monterrey,Necaxa,3,0,FALSE,,,
2023/24,Apertura,15,2023-10-31,,Leon,UNAM,1,1,FALSE,,,
2023/24,Apertura,15,2023-11-01,19:00,Atlas,Pachuca,0,2,FALSE,,,
2023/24,Apertura,15,2023-11-01,,Cruz Azul,FC Juárez,2,0,FALSE,,,
2023/24,Apertura,15,2023-11-01,21:00,Atlético San Luis,America,0,1,FALSE,,,
2023/24,Apertura,15,2023-11-01,,Mazatlan,Santos Laguna,3,1,FALSE,,,
2023/24,Apertura,15,2023-11-01,21:06,Tijuana,UANL,2,0,FALSE,,,
2023/24,Apertura,16,2023-11-03,21:00,Puebla,Leon,5,4,FALSE,,,
2023/24,Apertura,16,2023-11-04,16:55,UANL,Atlético San Luis,2,2,FALSE,,,
2023/24,Apertura,16,2023-11-04,19:00,America,Tijuana,3,0,FALSE,,,
2023/24,Apertura,16,2023-11-04,21:05,Guadalajara,Cruz Azul,1,0,FALSE,,,
2023/24,Apertura,16,2023-11-04,,Pachuca,Monterrey,0,2,FALSE,,,
2023/24,Apertura,16,2023-11-05,12:00,UNAM,Atlas,3,0,FALSE,,,
2023/24,Apertura,16,2023-11-05,16:00,Necaxa,Mazatlan,4,0,FALSE,,,
2023/24,Apertura,16,2023-11-05,18:05,Santos Laguna,Toluca,3,1,FALSE,,,
2023/24,Apertura,16,2023-11-05,20:06,FC Juárez,Querétaro,0,3,FALSE,,,
2023/24,Apertura,17,2023-11-10,19:00,Atlas,Necaxa,0,0,FALSE,,,
2023/24,Apertura,17,2023-11-10,19:05,Mazatlan,Toluca,1,0,FALSE,,,
2023/24,Apertura,17,2023-11-10,21:10,Tijuana,Pachuca,2,3,FALSE,,,
2023/24,Apertura,17,2023-11-11,17:00,Atlético San Luis,Santos Laguna,0,2,FALSE,,,
2023/24,Apertura,17,2023-11-11,,Querétaro,Monterrey,0,0,FALSE,,,
2023/24,Apertura,17,2023-11-11,19:00,UNAM,Guadalajara,1,0,FALSE,,,
2023/24,Apertura,17,2023-11-11,21:10,UANL,America,0,0,FALSE,,,
2023/24,Apertura,17,2023-11-12,18:00,Cruz Azul,Puebla,1,2,FALSE,,,
2023/24,Apertura,17,2023-11-12,20:00,Leon,FC Juárez,2,1,FALSE,,,
2023/24,Apertura,17,2023-11-23,19:00,Atlético San Luis,Leon,3,2,FALSE,,,
2023/24,Apertura,17,2023-11-23,21:10,Santos Laguna,Mazatlan,2,1,FALSE,,,
2023/24,Apertura,17,2023-11-26,20:06,Leon,Santos Laguna,3,2,FALSE,,,
2023/24,Apertura,17,2023-11-29,19:06,Leon,America,2,2,FALSE,,,
2023/24,Apertura,17,2023-11-29,21:10,Atlético San Luis,Monterrey,1,0,FALSE,,,
2023/24,Apertura,17,2023-11-30,19:00,Puebla,UANL,2,2,FALSE,,,
2023/24,Apertura,17,2023-11-30,21:05,Guadalajara,UNAM,1,0,FALSE,,,
2023/24,Apertura,17,2023-12-02,19:00,America,Leon,2,0,FALSE,,,
2023/24,Apertura,17,2023-12-02,21:10,Monterrey,Atlético San Luis,1,1,FALSE,,,
2023/24,Apertura,17,2023-12-03,18:00,UNAM,Guadalajara,3,0,FALSE,,,
2023/24,Apertura,17,2023-12-03,20:10,UANL,Puebla,3,0,FALSE,,,
2023/24,Apertura,17,2023-12-06,21:00,Atlético San Luis,America,0,5,FALSE,,,
2023/24,Apertura,17,2023-12-07,21:00,UNAM,UANL,0,1,FALSE,,,
2023/24,Apertura,17,2023-12-09,20:00,America,Atlético San Luis,0,2,FALSE,,,
2023/24,Apertura,17,2023-12-10,20:00,UANL,UNAM,1,1,FALSE,,,
2023/24,Apertura,17,2023-12-14,21:00,UANL,America,1,1,FALSE,,,
2023/24,Apertura,17,2023-12-17,19:30,America,UANL,3,0,FALSE,,,
2023/24,Clausura,1,2024-01-12,19:00,Querétaro,Toluca,2,2,FALSE,,,
2023/24,Clausura,1,2024-01-12,21:00,Mazatlan,Atlético San Luis,0,1,FALSE,,,
2023/24,Clausura,1,2024-01-13,19:00,Cruz Azul,Pachuca,0,1,FALSE,,,
2023/24,Clausura,1,2024-01-13,19:05,Guadalajara,Santos Laguna,1,1,FALSE,,,
2023/24,Clausura,1,2024-01-13,21:00,Monterrey,Puebla,2,0,FALSE,,,
2023/24,Clausura,1,2024-01-13,,Tijuana,America,0,2,FALSE,,,
2023/24,Clausura,1,2024-01-14,12:00,UNAM,FC Juárez,1,0,FALSE,,,
2023/24,Clausura,1,2024-01-14,18:00,Necaxa,Atlas,2,1,FALSE,,,
2023/24,Clausura,1,2024-01-17,19:00,Leon,UANL,1,2,FALSE,,,
2023/24,Clausura,2,2024-01-19,19:00,Puebla,Necaxa,1,2,FALSE,,,
2023/24,Clausura,2,2024-01-19,21:00,Atlético San Luis,UNAM,3,1,FALSE,,,
2023/24,Clausura,2,2024-01-19,21:10,FC Juárez,Cruz Azul,0,0,FALSE,,,
2023/24,Clausura,2,2024-01-20,17:00,Toluca,Mazatlan,4,1,FALSE,,,
2023/24,Clausura,2,2024-01-20,19:05,America,Querétaro,2,0,FALSE,,,
2023/24,Clausura,2,2024-01-20,21:10,Atlas,Tijuana,0,0,FALSE,,,
2023/24,Clausura,2,2024-01-21,18:00,UANL,Guadalajara,1,0,FALSE,,,
2023/24,Clausura,2,2024-01-21,20:05,Santos Laguna,Monterrey,0,2,FALSE,,,
2023/24,Clausura,2,2024-02-07,21:10,Pachuca,Leon,3,2,FALSE,,,
2023/24,Clausura,3,2024-01-26,19:00,Puebla,Toluca,1,1,FALSE,,,
2023/24,Clausura,3,2024-01-26,21:00,Tijuana,Guadalajara,1,1,FALSE,,,
2023/24,Clausura,3,2024-01-27,17:00,Cruz Azul,Mazatlan,2,1,FALSE,,,
2023/24,Clausura,3,2024-01-27,,Leon,Santos Laguna,3,2,FALSE,,,
2023/24,Clausura,3,2024-01-27,19:00,Monterrey,Atlético San Luis,3,1,FALSE,,,
2023/24,Clausura,3,2024-01-27,21:05,Necaxa,America,0,0,FALSE,,,
2023/24,Clausura,3,2024-01-28,17:15,UNAM,Pachuca,3,1,FALSE,,,
2023/24,Clausura,3,2024-01-28,19:00,Atlas,FC Juárez,2,1,FALSE,,,
2023/24,Clausura,3,2024-01-28,21:00,Querétaro,UANL,1,1,FALSE,,,
2023/24,Clausura,4,2024-01-24,19:00,Atlético San Luis,UANL,1,2,FALSE,,,
2023/24,Clausura,4,2024-01-24,,Monterrey,Querétaro,1,1,FALSE,,,
2023/24,Clausura,4,2024-01-24,21:06,FC Juárez,America,0,2,FALSE,,,
2023/24,Clausura,4,2024-01-30,19:00,Cruz Azul,Tijuana,1,0,FALSE,,,
2023/24,Clausura,4,2024-01-30,,Mazatlan,Leon,2,2,FALSE,,,
2023/24,Clausura,4,2024-01-30,21:00,Santos Laguna,Puebla,3,0,FALSE,,,
2023/24,Clausura,4,2024-01-30,21:05,Guadalajara,Toluca,3,2,FALSE,,,
2023/24,Clausura,4,2024-01-31,19:00,Pachuca,Atlas,4,3,FALSE,,,
2023/24,Clausura,4,2024-01-31,21:00,UNAM,Necaxa,2,2,FALSE,,,
2023/24,Clausura,5,2024-02-02,19:00,Querétaro,Cruz Azul,1,3,FALSE,,,
2023/24,Clausura,5,2024-02-02,21:00,Puebla,Mazatlan,3,2,FALSE,,,
2023/24,Clausura,5,2024-02-03,17:00,Toluca,Leon,4,1,FALSE,,,
2023/24,Clausura,5,2024-02-03,17:06,FC Juárez,Necaxa,2,2,FALSE,,,
2023/24,Clausura,5,2024-02-03,19:05,UANL,UNAM,2,2,FALSE,,,
2023/24,Clausura,5,2024-02-03,19:10,Pachuca,Tijuana,3,2,FALSE,,,
2023/24,Clausura,5,2024-02-03,21:10,America,Monterrey,1,1,FALSE,,,
2023/24,Clausura,5,2024-02-04,18:00,Atlas,Santos Laguna,3,0,FALSE,,,
2023/24,Clausura,5,2024-02-04,19:00,Atlético San Luis,Guadalajara,0,2,FALSE,,,
2023/24,Clausura,6,2024-02-09,19:00,Mazatlan,Atlas,2,0,FALSE,,,
2023/24,Clausura,6,2024-02-09,21:10,Tijuana,Querétaro,1,1,FALSE,,,
2023/24,Clausura,6,2024-02-10,17:00,Necaxa,Toluca,3,3,FALSE,,,
2023/24,Clausura,6,2024-02-10,17:05,Guadalajara,FC Juárez,2,1,FALSE,,,
2023/24,Clausura,6,2024-02-10,19:00,Leon,America,0,1,FALSE,,,
2023/24,Clausura,6,2024-02-10,19:05,Cruz Azul,Atlético San Luis,3,0,FALSE,,,
2023/24,Clausura,6,2024-02-10,21:10,Monterrey,Pachuca,3,2,FALSE,,,
2023/24,Clausura,6,2024-02-10,,Santos Laguna,UANL,0,3,FALSE,,,
2023/24,Clausura,6,2024-02-11,12:00,UNAM,Puebla,3,0,FALSE,,,
2023/24,Clausura,7,2024-02-16,19:00,Querétaro,Necaxa,1,1,FALSE,,,
2023/24,Clausura,7,2024-02-16,21:00,Mazatlan,Guadalajara,2,2,FALSE,,,
2023/24,Clausura,7,2024-02-17,17:00,Atlético San Luis,Tijuana,3,3,FALSE,,,
2023/24,Clausura,7,2024-02-17,19:00,Pachuca,America,2,1,FALSE,,,
2023/24,Clausura,7,2024-02-17,21:05,Cruz Azul,UANL,1,0,FALSE,,,
2023/24,Clausura,7,2024-02-18,16:00,Atlas,Leon,0,1,FALSE,,,
2023/24,Clausura,7,2024-02-18,18:05,UNAM,Santos Laguna,3,0,FALSE,,,
2023/24,Clausura,7,2024-02-18,20:10,Monterrey,Toluca,0,0,FALSE,,,
2023/24,Clausura,7,2024-03-23,19:00,FC Juárez,Puebla,4,3,FALSE,,,
2023/24,Clausura,8,2024-02-23,19:00,Puebla,Querétaro,0,2,FALSE,,,
2023/24,Clausura,8,2024-02-23,21:00,Necaxa,Pachuca,1,1,FALSE,,,
2023/24,Clausura,8,2024-02-23,21:10,FC Juárez,Monterrey,0,3,FALSE,,,
2023/24,Clausura,8,2024-02-24,17:00,Leon,Atlético San Luis,1,0,FALSE,,,
2023/24,Clausura,8,2024-02-24,19:00,UANL,Atlas,1,1,FALSE,,,
2023/24,Clausura,8,2024-02-24,19:05,Guadalajara,UNAM,3,1,FALSE,,,
2023/24,Clausura,8,2024-02-24,21:10,America,Cruz Azul,1,0,FALSE,,,
2023/24,Clausura,8,2024-02-25,12:00,Toluca,Tijuana,2,0,FALSE,,,
2023/24,Clausura,8,2024-02-25,18:00,Santos Laguna,Mazatlan,1,0,FALSE,,,
2023/24,Clausura,9,2024-02-14,21:00,Atlas,UNAM,0,0,FALSE,,,
2023/24,Clausura,9,2024-02-20,19:00,Puebla,Pachuca,1,4,FALSE,,,
2023/24,Clausura,9,2024-02-20,21:00,Necaxa,Guadalajara,1,0,FALSE,,,
2023/24,Clausura,9,2024-02-21,19:00,Toluca,Santos Laguna,1,0,FALSE,,,
2023/24,Clausura,9,2024-02-21,21:00,Leon,Cruz Azul,2,3,FALSE,,,
2023/24,Clausura,9,2024-02-21,,America,Mazatlan,2,2,FALSE,,,
2023/24,Clausura,9,2024-02-27,19:00,Querétaro,Atlético San Luis,4,1,FALSE,,,
2023/24,Clausura,9,2024-02-28,19:00,UANL,FC Juárez,1,0,FALSE,,,
2023/24,Clausura,9,2024-02-28,21:00,Tijuana,Monterrey,1,1,FALSE,,,
2023/24,Clausura,10,2024-03-01,19:00,Querétaro,Santos Laguna,0,1,FALSE,,,
2023/24,Clausura,10,2024-03-01,,Atlético San Luis,Puebla,4,0,FALSE,,,
2023/24,Clausura,10,2024-03-01,21:10,Mazatlan,Necaxa,2,1,FALSE,,,
2023/24,Clausura,10,2024-03-02,17:00,Toluca,UANL,2,1,FALSE,,,
2023/24,Clausura,10,2024-03-02,19:00,Pachuca,FC Juárez,3,2,FALSE,,,
2023/24,Clausura,10,2024-03-02,19:05,Cruz Azul,Guadalajara,3,0,FALSE,,,
2023/24,Clausura,10,2024-03-02,21:10,Atlas,America,1,5,FALSE,,,
2023/24,Clausura,10,2024-03-03,19:00,Monterrey,UNAM,3,0,FALSE,,,
2023/24,Clausura,10,2024-03-03,21:00,Tijuana,Leon,1,1,FALSE,,,
2023/24,Clausura,11,2024-03-08,19:00,Puebla,Atlas,2,2,FALSE,,,
2023/24,Clausura,11,2024-03-08,21:00,Necaxa,Atlético San Luis,3,1,FALSE,,,
2023/24,Clausura,11,2024-03-08,21:10,FC Juárez,Toluca,1,1,FALSE,,,
2023/24,Clausura,11,2024-03-09,17:05,Guadalajara,Leon,1,2,FALSE,,,
2023/24,Clausura,11,2024-03-09,19:00,Pachuca,Querétaro,1,2,FALSE,,,
2023/24,Clausura,11,2024-03-09,,Santos Laguna,Cruz Azul,3,0,FALSE,,,
2023/24,Clausura,11,2024-03-09,21:00,America,UANL,2,0,FALSE,,,
2023/24,Clausura,11,2024-03-10,12:00,UNAM,Tijuana,3,3,FALSE,,,
2023/24,Clausura,11,2024-03-10,19:00,Monterrey,Mazatlan,2,1,FALSE,,,
2023/24,Clausura,12,2024-03-15,19:00,Querétaro,FC Juárez,1,0,FALSE,,,
2023/24,Clausura,12,2024-03-15,21:00,Tijuana,Santos Laguna,2,2,FALSE,,,
2023/24,Clausura,12,2024-03-16,17:00,Cruz Azul,Necaxa,1,2,FALSE,,,
2023/24,Clausura,12,2024-03-16,19:00,Leon,Puebla,2,1,FALSE,,,
2023/24,Clausura,12,2024-03-16,,UANL,Mazatlan,5,1,FALSE,,,
2023/24,Clausura,12,2024-03-16,21:05,Guadalajara,America,0,0,FALSE,,,
2023/24,Clausura,12,2024-03-17,17:00,Atlas,Monterrey,1,2,FALSE,,,
2023/24,Clausura,12,2024-03-17,19:00,Toluca,UNAM,3,0,FALSE,,,
2023/24,Clausura,12,2024-03-17,,Atlético San Luis,Pachuca,2,1,FALSE,,,
2023/24,Clausura,13,2024-03-29,19:00,Puebla,UANL,2,3,FALSE,,,
2023/24,Clausura,13,2024-03-29,20:00,America,Atlético San Luis,2,1,FALSE,,,
2023/24,Clausura,13,2024-03-29,21:00,Mazatlan,Tijuana,2,0,FALSE,,,
2023/24,Clausura,13,2024-03-30,19:00,Pachuca,Toluca,2,3,FALSE,,,
2023/24,Clausura,13,2024-03-30,,Monterrey,Guadalajara,0,2,FALSE,,,
2023/24,Clausura,13,2024-03-30,21:05,UNAM,Cruz Azul,0,0,FALSE,,,
2023/24,Clausura,13,2024-03-31,17:00,Atlas,Querétaro,2,3,FALSE,,,
2023/24,Clausura,13,2024-03-31,19:00,Necaxa,Leon,1,2,FALSE,,,
2023/24,Clausura,13,2024-03-31,19:36,FC Juárez,Santos Laguna,2,1,FALSE,,,
2023/24,Clausura,14,2024-04-05,19:00,Mazatlan,UNAM,0,4,FALSE,,,
2023/24,Clausura,14,2024-04-05,21:10,Tijuana,Necaxa,2,3,FALSE,,,
2023/24,Clausura,14,2024-04-06,17:00,Leon,Querétaro,0,2,FALSE,,,
2023/24,Clausura,14,2024-04-06,19:00,UANL,Pachuca,0,3,FALSE,,,
2023/24,Clausura,14,2024-04-06,19:05,Guadalajara,Puebla,3,2,FALSE,,,
2023/24,Clausura,14,2024-04-06,21:05,Cruz Azul,Monterrey,2,1,FALSE,,,
2023/24,Clausura,14,2024-04-06,,Santos Laguna,America,1,1,FALSE,,,
2023/24,Clausura,14,2024-04-07,12:00,Toluca,Atlas,4,1,FALSE,,,
2023/24,Clausura,14,2024-04-08,9:30,Atlético San Luis,FC Juárez,2,3,FALSE,,,
2023/24,Clausura,15,2024-04-12,19:05,Querétaro,Mazatlan,0,2,FALSE,,,
2023/24,Clausura,15,2024-04-12,21:00,Necaxa,Santos Laguna,2,0,FALSE,,,
2023/24,Clausura,15,2024-04-12,,Puebla,Cruz Azul,0,1,FALSE,,,
2023/24,Clausura,15,2024-04-13,17:00,Pachuca,Guadalajara,0,1,FALSE,,,
2023/24,Clausura,15,2024-04-13,19:05,America,Toluca,5,1,FALSE,,,
2023/24,Clausura,15,2024-04-13,21:10,Monterrey,UANL,3,3,FALSE,,,
2023/24,Clausura,15,2024-04-14,18:00,Atlas,Atlético San Luis,2,1,FALSE,,,
2023/24,Clausura,15,2024-04-14,,UNAM,Leon,1,0,FALSE,,,
2023/24,Clausura,15,2024-04-14,20:06,FC Juárez,Tijuana,0,1,FALSE,,,
2023/24,Clausura,16,2024-04-19,19:00,Mazatlan,FC Juárez,0,2,FALSE,,,
2023/24,Clausura,16,2024-04-19,21:00,Atlético San Luis,Toluca,1,5,FALSE,,,
2023/24,Clausura,16,2024-04-19,21:10,Tijuana,Puebla,3,1,FALSE,,,
2023/24,Clausura,16,2024-04-20,17:00,Leon,Monterrey,2,0,FALSE,,,
2023/24,Clausura,16,2024-04-20,19:05,UANL,Necaxa,5,2,FALSE,,,
2023/24,Clausura,16,2024-04-20,,Guadalajara,Querétaro,2,0,FALSE,,,
2023/24,Clausura,16,2024-04-20,,Santos Laguna,Pachuca,0,2,FALSE,,,
2023/24,Clausura,16,2024-04-20,21:10,UNAM,America,2,1,FALSE,,,
2023/24,Clausura,16,2024-04-21,18:00,Cruz Azul,Atlas,2,2,FALSE,,,
2023/24,Clausura,17,2024-04-26,19:00,Puebla,America,1,2,FALSE,,,
2023/24,Clausura,17,2024-04-26,21:10,Querétaro,UNAM,1,1,FALSE,,,
2023/24,Clausura,17,2024-04-27,17:06,FC Juárez,Leon,1,1,FALSE,,,
2023/24,Clausura,17,2024-04-27,19:00,UANL,Tijuana,4,1,FALSE,,,
2023/24,Clausura,17,2024-04-27,,Toluca,Cruz Azul,0,1,FALSE,,,
2023/24,Clausura,17,2024-04-27,19:10,Pachuca,Mazatlan,1,1,FALSE,,,
2023/24,Clausura,17,2024-04-27,21:10,Atlas,Guadalajara,0,1,FALSE,,,
2023/24,Clausura,17,2024-04-28,18:00,Necaxa,Monterrey,2,5,FALSE,,,
2023/24,Clausura,17,2024-04-28,,Santos Laguna,Atlético San Luis,0,3,FALSE,,,
2023/24,Clausura,17,2024-05-02,19:00,Necaxa,Querétaro,1,1,TRUE,3,2,
2023/24,Clausura,17,2024-05-02,21:15,Pachuca,UNAM,0,0,TRUE,3,5,
2023/24,Clausura,17,2024-05-05,20:05,Pachuca,Necaxa,2,1,FALSE,,,
2023/24,Clausura,17,2024-05-08,19:05,Guadalajara,Toluca,1,0,FALSE,,,
2023/24,Clausura,17,2024-05-08,21:16,Pachuca,America,1,1,FALSE,,,
2023/24,Clausura,17,2024-05-09,19:00,UNAM,Cruz Azul,0,2,FALSE,,,
2023/24,Clausura,17,2024-05-09,21:10,UANL,Monterrey,1,2,FALSE,,,
2023/24,Clausura,17,2024-05-11,18:00,America,Pachuca,1,1,FALSE,,,
2023/24,Clausura,17,2024-05-11,20:10,Toluca,Guadalajara,0,0,FALSE,,,
2023/24,Clausura,17,2024-05-12,19:00,Cruz Azul,UNAM,2,2,FALSE,,,
2023/24,Clausura,17,2024-05-12,21:10,Monterrey,UANL,1,1,FALSE,,,
2023/24,Clausura,17,2024-05-15,20:05,Guadalajara,America,0,0,FALSE,,,
2023/24,Clausura,17,2024-05-16,21:00,Monterrey,Cruz Azul,0,1,FALSE,,,
2023/24,Clausura,17,2024-05-18,20:00,America,Guadalajara,1,0,FALSE,,,
2023/24,Clausura,17,2024-05-19,18:00,Cruz Azul,Monterrey,1,2,FALSE,,,
2023/24,Clausura,17,2024-05-23,20:00,Cruz Azul,America,1,1,FALSE,,,
2023/24,Clausura,17,2024-05-26,19:35,America,Cruz Azul,1,0,FALSE,,,
2024/25,Apertura,1,2024-07-05,16:45,Puebla,Santos Laguna,1,0,FALSE,,,
2024/25,Apertura,1,2024-07-05,19:00,Querétaro,Tijuana,1,2,FALSE,,,
2024/25,Apertura,1,2024-07-05,21:10,FC Juárez,Atlas,2,2,FALSE,,,
2024/25,Apertura,1,2024-07-06,17:00,Atlético San Luis,America,2,1,FALSE,,,
2024/25,Apertura,1,2024-07-06,19:00,UANL,Necaxa,1,0,FALSE,,,
2024/25,Apertura,1,2024-07-06,,Guadalajara,Toluca,0,0,FALSE,,,
2024/25,Apertura,1,2024-07-06,21:00,Cruz Azul,Mazatlan,1,0,FALSE,,,
2024/25,Apertura,1,2024-07-07,12:00,UNAM,Leon,4,1,FALSE,,,
2024/25,Apertura,1,2024-07-07,19:00,Pachuca,Monterrey,0,1,FALSE,,,
2024/25,Apertura,2,2024-07-12,19:00,America,Querétaro,3,1,FALSE,,,
2024/25,Apertura,2,2024-07-12,21:00,Mazatlan,Atlético San Luis,2,2,FALSE,,,
2024/25,Apertura,2,2024-07-12,,Tijuana,Guadalajara,4,2,FALSE,,,
2024/25,Apertura,2,2024-07-12,21:05,Atlas,UANL,1,1,FALSE,,,
2024/25,Apertura,2,2024-07-13,17:00,Necaxa,Puebla,4,1,FALSE,,,
2024/25,Apertura,2,2024-07-13,,Leon,Pachuca,0,0,FALSE,,,
2024/25,Apertura,2,2024-07-13,19:05,Santos Laguna,UNAM,1,1,FALSE,,,
2024/25,Apertura,2,2024-07-13,19:10,Toluca,FC Juárez,3,2,FALSE,,,
2024/25,Apertura,2,2024-07-13,21:10,Monterrey,Cruz Azul,0,4,FALSE,,,
2024/25,Apertura,3,2024-07-16,19:00,Querétaro,Guadalajara,0,2,FALSE,,,
2024/25,Apertura,3,2024-07-16,,Atlas,Santos Laguna,1,0,FALSE,,,
2024/25,Apertura,3,2024-07-16,,Pachuca,Atlético San Luis,2,0,FALSE,,,
2024/25,Apertura,3,2024-07-16,21:00,Puebla,Leon,2,2,FALSE,,,
2024/25,Apertura,3,2024-07-16,21:05,Cruz Azul,Tijuana,3,0,FALSE,,,
2024/25,Apertura,3,2024-07-17,19:00,Necaxa,Monterrey,0,1,FALSE,,,
2024/25,Apertura,3,2024-07-17,19:06,FC Juárez,UNAM,1,2,FALSE,,,
2024/25,Apertura,3,2024-07-17,21:00,Toluca,Mazatlan,3,0,FALSE,,,
2024/25,Apertura,3,2024-07-17,,UANL,America,1,0,FALSE,,,
2024/25,Apertura,4,2024-07-19,19:00,Atlético San Luis,Tijuana,1,1,FALSE,,,
2024/25,Apertura,4,2024-07-19,21:05,Puebla,Atlas,1,2,FALSE,,,
2024/25,Apertura,4,2024-07-20,17:05,Guadalajara,Mazatlan,2,0,FALSE,,,
2024/25,Apertura,4,2024-07-20,19:00,Santos Laguna,UANL,0,3,FALSE,,,
2024/25,Apertura,4,2024-07-20,,Monterrey,Querétaro,2,1,FALSE,,,
2024/25,Apertura,4,2024-07-20,21:05,Cruz Azul,Toluca,1,1,FALSE,,,
2024/25,Apertura,4,2024-07-20,21:10,FC Juárez,America,1,2,FALSE,,,
2024/25,Apertura,4,2024-07-21,17:00,UNAM,Pachuca,2,0,FALSE,,,
2024/25,Apertura,4,2024-07-21,19:05,Leon,Necaxa,1,1,FALSE,,,
2024/25,Apertura,5,2024-08-23,19:00,Querétaro,Cruz Azul,0,2,FALSE,,,
2024/25,Apertura,5,2024-08-23,20:00,Mazatlan,Pachuca,3,0,FALSE,,,
2024/25,Apertura,5,2024-08-23,21:05,Tijuana,Monterrey,2,2,FALSE,,,
2024/25,Apertura,5,2024-08-24,17:00,Necaxa,FC Juárez,3,0,FALSE,,,
2024/25,Apertura,5,2024-08-24,19:00,Leon,Santos Laguna,1,1,FALSE,,,
2024/25,Apertura,5,2024-08-24,,Atlas,UNAM,2,1,FALSE,,,
2024/25,Apertura,5,2024-08-24,,UANL,Guadalajara,1,1,FALSE,,,
2024/25,Apertura,5,2024-08-24,21:05,America,Puebla,0,1,FALSE,,,
2024/25,Apertura,5,2024-08-25,12:00,Toluca,Atlético San Luis,2,1,FALSE,,,
2024/25,Apertura,6,2024-08-30,19:00,Atlético San Luis,Atlas,2,1,FALSE,,,
2024/25,Apertura,6,2024-08-30,20:00,Mazatlan,Puebla,1,1,FALSE,,,
2024/25,Apertura,6,2024-08-30,21:05,Tijuana,Leon,2,1,FALSE,,,
2024/25,Apertura,6,2024-08-31,17:00,Pachuca,Querétaro,1,1,FALSE,,,
2024/25,Apertura,6,2024-08-31,17:05,Guadalajara,FC Juárez,5,0,FALSE,,,
2024/25,Apertura,6,2024-08-31,19:00,Monterrey,Toluca,1,2,FALSE,,,
2024/25,Apertura,6,2024-08-31,21:10,Cruz Azul,America,4,1,FALSE,,,
2024/25,Apertura,6,2024-09-01,17:00,UNAM,UANL,1,3,FALSE,,,
2024/25,Apertura,6,2024-09-01,19:05,Santos Laguna,Necaxa,3,2,FALSE,,,
2024/25,Apertura,7,2024-09-13,18:00,Puebla,Querétaro,2,1,FALSE,,,
2024/25,Apertura,7,2024-09-13,19:00,Atlas,Pachuca,2,0,FALSE,,,
2024/25,Apertura,7,2024-09-13,20:00,FC Juárez,Mazatlan,1,0,FALSE,,,
2024/25,Apertura,7,2024-09-13,20:10,UANL,Atlético San Luis,1,0,FALSE,,,
2024/25,Apertura,7,2024-09-13,21:00,Necaxa,UNAM,2,0,FALSE,,,
2024/25,Apertura,7,2024-09-14,16:45,Toluca,Tijuana,4,0,FALSE,,,
2024/25,Apertura,7,2024-09-14,18:50,America,Guadalajara,1,0,FALSE,,,
2024/25,Apertura,7,2024-09-14,20:35,Leon,Cruz Azul,1,2,FALSE,,,
2024/25,Apertura,7,2024-09-14,21:00,Santos Laguna,Monterrey,0,2,FALSE,,,
2024/25,Apertura,8,2024-08-18,18:05,Tijuana,Santos Laguna,3,1,FALSE,,,
2024/25,Apertura,8,2024-09-17,19:00,Atlético San Luis,Cruz Azul,3,1,FALSE,,,
2024/25,Apertura,8,2024-09-17,,Pachuca,Toluca,2,2,FALSE,,,
2024/25,Apertura,8,2024-09-17,,America,Atlas,3,0,FALSE,,,
2024/25,Apertura,8,2024-09-17,21:05,UNAM,Puebla,1,0,FALSE,,,
2024/25,Apertura,8,2024-09-17,21:10,Querétaro,UANL,1,0,FALSE,,,
2024/25,Apertura,8,2024-09-18,19:05,Guadalajara,Leon,2,0,FALSE,,,
2024/25,Apertura,8,2024-09-18,20:00,Mazatlan,Necaxa,0,0,FALSE,,,
2024/25,Apertura,8,2024-09-18,21:00,Monterrey,FC Juárez,3,2,FALSE,,,
2024/25,Apertura,9,2024-09-20,19:00,Atlas,Querétaro,0,1,FALSE,,,
2024/25,Apertura,9,2024-09-20,,Puebla,Pachuca,2,3,FALSE,,,
2024/25,Apertura,9,2024-09-21,17:00,Leon,Atlético San Luis,1,0,FALSE,,,
2024/25,Apertura,9,2024-09-21,19:00,Necaxa,America,1,1,FALSE,,,
2024/25,Apertura,9,2024-09-21,,Monterrey,Mazatlan,0,0,FALSE,,,
2024/25,Apertura,9,2024-09-21,21:05,Cruz Azul,Guadalajara,1,0,FALSE,,,
2024/25,Apertura,9,2024-09-22,17:00,UNAM,Tijuana,1,0,FALSE,,,
2024/25,Apertura,9,2024-09-22,19:05,Santos Laguna,Toluca,2,0,FALSE,,,
2024/25,Apertura,9,2024-09-22,19:10,FC Juárez,UANL,0,1,FALSE,,,
2024/25,Apertura,10,2024-09-27,18:00,Puebla,FC Juárez,2,3,FALSE,,,
2024/25,Apertura,10,2024-09-27,19:00,Querétaro,Necaxa,0,0,FALSE,,,
2024/25,Apertura,10,2024-09-27,20:00,UANL,Leon,2,2,FALSE,,,
2024/25,Apertura,10,2024-09-27,21:05,Tijuana,Mazatlan,1,0,FALSE,,,
2024/25,Apertura,10,2024-09-28,17:00,Toluca,Atlas,4,1,FALSE,,,
2024/25,Apertura,10,2024-09-28,19:05,Pachuca,Cruz Azul,2,4,FALSE,,,
2024/25,Apertura,10,2024-09-28,21:05,Guadalajara,Monterrey,1,1,FALSE,,,
2024/25,Apertura,10,2024-09-28,21:10,Atlético San Luis,Santos Laguna,3,1,FALSE,,,
2024/25,Apertura,10,2024-09-29,18:00,America,UNAM,0,1,FALSE,,,
2024/25,Apertura,11,2024-10-04,20:00,Mazatlan,Querétaro,2,2,FALSE,,,
2024/25,Apertura,11,2024-10-04,21:00,Tijuana,Pachuca,2,1,FALSE,,,
2024/25,Apertura,11,2024-10-05,17:00,UANL,Puebla,1,0,FALSE,,,
2024/25,Apertura,11,2024-10-05,,Atlético San Luis,Monterrey,1,0,FALSE,,,
2024/25,Apertura,11,2024-10-05,,Cruz Azul,Necaxa,3,0,FALSE,,,
2024/25,Apertura,11,2024-10-05,19:00,Toluca,UNAM,1,1,FALSE,,,
2024/25,Apertura,11,2024-10-05,19:05,Guadalajara,Atlas,2,3,FALSE,,,
2024/25,Apertura,11,2024-10-05,21:00,Leon,America,1,1,FALSE,,,
2024/25,Apertura,11,2024-10-06,20:05,Santos Laguna,FC Juárez,0,2,FALSE,,,
2024/25,Apertura,12,2024-10-18,19:00,Atlas,Mazatlan,0,0,FALSE,,,
2024/25,Apertura,12,2024-10-18,,Querétaro,Toluca,0,1,FALSE,,,
2024/25,Apertura,12,2024-10-18,21:05,Puebla,Cruz Azul,1,2,FALSE,,,
2024/25,Apertura,12,2024-10-18,21:10,Necaxa,Tijuana,1,2,FALSE,,,
2024/25,Apertura,12,2024-10-19,17:00,Pachuca,Guadalajara,0,2,FALSE,,,
2024/25,Apertura,12,2024-10-19,19:05,America,Santos Laguna,3,0,FALSE,,,
2024/25,Apertura,12,2024-10-19,19:06,FC Juárez,Leon,2,3,FALSE,,,
2024/25,Apertura,12,2024-10-19,21:10,Monterrey,UANL,4,2,FALSE,,,
2024/25,Apertura,12,2024-10-20,12:00,UNAM,Atlético San Luis,3,0,FALSE,,,
2024/25,Apertura,13,2024-08-18,20:00,Atlético San Luis,Querétaro,4,0,FALSE,,,
2024/25,Apertura,13,2024-10-22,19:00,Santos Laguna,Pachuca,1,1,FALSE,,,
2024/25,Apertura,13,2024-10-22,19:05,Guadalajara,Necaxa,3,2,FALSE,,,
2024/25,Apertura,13,2024-10-22,21:05,Toluca,Puebla,5,0,FALSE,,,
2024/25,Apertura,13,2024-10-22,21:06,Mazatlan,UANL,2,0,FALSE,,,
2024/25,Apertura,13,2024-10-23,19:00,Cruz Azul,FC Juárez,4,0,FALSE,,,
2024/25,Apertura,13,2024-10-23,,Monterrey,UNAM,0,0,FALSE,,,
2024/25,Apertura,13,2024-10-23,21:00,Leon,Atlas,0,0,FALSE,,,
2024/25,Apertura,13,2024-10-23,21:05,Tijuana,America,2,2,FALSE,,,
2024/25,Apertura,14,2024-10-25,19:00,Santos Laguna,Mazatlan,0,0,FALSE,,,
2024/25,Apertura,14,2024-10-25,21:00,Puebla,Guadalajara,1,0,FALSE,,,
2024/25,Apertura,14,2024-10-26,17:00,Leon,Querétaro,4,0,FALSE,,,
2024/25,Apertura,14,2024-10-26,18:00,UNAM,Cruz Azul,0,2,FALSE,,,
2024/25,Apertura,14,2024-10-26,21:00,UANL,Pachuca,2,1,FALSE,,,
2024/25,Apertura,14,2024-10-26,21:05,Atlas,Tijuana,0,0,FALSE,,,
2024/25,Apertura,14,2024-10-27,18:00,Necaxa,Toluca,1,3,FALSE,,,
2024/25,Apertura,14,2024-10-27,18:06,FC Juárez,Atlético San Luis,2,4,FALSE,,,
2024/25,Apertura,14,2024-10-27,20:05,America,Monterrey,2,1,FALSE,,,
2024/25,Apertura,15,2024-11-01,19:00,Querétaro,FC Juárez,1,2,FALSE,,,
2024/25,Apertura,15,2024-11-01,21:00,Mazatlan,America,0,5,FALSE,,,
2024/25,Apertura,15,2024-11-01,21:05,Tijuana,UANL,0,3,FALSE,,,
2024/25,Apertura,15,2024-11-02,17:00,Atlético San Luis,Puebla,2,0,FALSE,,,
2024/25,Apertura,15,2024-11-02,,Toluca,Leon,2,2,FALSE,,,
2024/25,Apertura,15,2024-11-02,19:05,Guadalajara,UNAM,0,0,FALSE,,,
2024/25,Apertura,15,2024-11-02,,Monterrey,Atlas,4,0,FALSE,,,
2024/25,Apertura,15,2024-11-02,21:06,Pachuca,Necaxa,6,2,FALSE,,,
2024/25,Apertura,15,2024-11-02,21:10,Cruz Azul,Santos Laguna,2,0,FALSE,,,
2024/25,Apertura,16,2024-08-16,19:00,Puebla,Monterrey,1,2,FALSE,,,
2024/25,Apertura,16,2024-11-05,19:00,Leon,Mazatlan,0,0,FALSE,,,
2024/25,Apertura,16,2024-11-05,,Santos Laguna,Guadalajara,0,2,FALSE,,,
2024/25,Apertura,16,2024-11-05,21:05,UNAM,Querétaro,2,0,FALSE,,,
2024/25,Apertura,16,2024-11-06,19:00,UANL,Toluca,2,1,FALSE,,,
2024/25,Apertura,16,2024-11-06,,Necaxa,Atlético San Luis,1,1,FALSE,,,
2024/25,Apertura,16,2024-11-06,,America,Pachuca,2,1,FALSE,,,
2024/25,Apertura,16,2024-11-06,21:05,Atlas,Cruz Azul,2,2,FALSE,,,
2024/25,Apertura,16,2024-11-06,21:06,FC Juárez,Tijuana,1,1,FALSE,,,
2024/25,Apertura,17,2024-11-08,19:00,Querétaro,Santos Laguna,3,2,FALSE,,,
2024/25,Apertura,17,2024-11-08,21:00,Mazatlan,UNAM,0,1,FALSE,,,
2024/25,Apertura,17,2024-11-09,17:05,Guadalajara,Atlético San Luis,0,1,FALSE,,,
2024/25,Apertura,17,2024-11-09,19:00,Pachuca,FC Juárez,0,1,FALSE,,,
2024/25,Apertura,17,2024-11-09,,Toluca,America,4,0,FALSE,,,
2024/25,Apertura,17,2024-11-09,21:05,Cruz Azul,UANL,1,1,FALSE,,,
2024/25,Apertura,17,2024-11-10,17:00,Necaxa,Atlas,0,0,FALSE,,,
2024/25,Apertura,17,2024-11-10,19:05,Monterrey,Leon,2,1,FALSE,,,
2024/25,Apertura,17,2024-11-10,21:10,Tijuana,Puebla,2,1,FALSE,,,
2024/25,Apertura,17,2024-11-21,19:05,Guadalajara,Atlas,1,2,FALSE,,,
2024/25,Apertura,17,2024-11-21,21:00,Tijuana,America,2,2,TRUE,2,3,
2024/25,Apertura,17,2024-11-24,21:00,Tijuana,Atlas,3,0,FALSE,,,
2024/25,Apertura,17,2024-11-27,19:00,America,Toluca,2,0,FALSE,,,
2024/25,Apertura,17,2024-11-27,21:10,Tijuana,Cruz Azul,3,0,FALSE,,,
2024/25,Apertura,17,2024-11-28,19:00,Atlético San Luis,UANL,3,0,FALSE,,,
2024/25,Apertura,17,2024-11-28,21:10,Monterrey,UNAM,1,0,FALSE,,,
2024/25,Apertura,17,2024-11-30,17:00,Toluca,America,0,2,FALSE,,,
2024/25,Apertura,17,2024-11-30,19:10,Cruz Azul,Tijuana,3,0,FALSE,,,
2024/25,Apertura,17,2024-12-01,12:00,UNAM,Monterrey,3,5,FALSE,,,
2024/25,Apertura,17,2024-12-01,19:00,UANL,Atlético San Luis,0,0,FALSE,,,
2024/25,Apertura,17,2024-12-04,21:00,Atlético San Luis,Monterrey,2,1,FALSE,,,
2024/25,Apertura,17,2024-12-05,20:00,America,Cruz Azul,0,0,FALSE,,,
2024/25,Apertura,17,2024-12-07,20:00,Monterrey,Atlético San Luis,5,1,FALSE,,,
2024/25,Apertura,17,2024-12-08,19:00,Cruz Azul,America,3,4,FALSE,,,
2024/25,Apertura,17,2024-12-12,20:00,America,Monterrey,2,1,FALSE,,,
2024/25,Apertura,17,2024-12-15,19:00,Monterrey,America,1,1,FALSE,,,
2024/25,Clausura,1,2025-01-10,19:00,Querétaro,America,0,1,FALSE,,,
2024/25,Clausura,1,2025-01-10,21:00,Tijuana,Toluca,2,4,FALSE,,,
2024/25,Clausura,1,2025-01-10,,Mazatlan,FC Juárez,1,1,FALSE,,,
2024/25,Clausura,1,2025-01-11,17:00,Atlético San Luis,UANL,1,3,FALSE,,,
2024/25,Clausura,1,2025-01-11,19:05,Guadalajara,Santos Laguna,1,0,FALSE,,,
2024/25,Clausura,1,2025-01-11,21:05,Cruz Azul,Atlas,1,1,FALSE,,,
2024/25,Clausura,1,2025-01-12,12:00,UNAM,Necaxa,2,1,FALSE,,,
2024/25,Clausura,1,2025-01-12,19:00,Monterrey,Puebla,1,1,FALSE,,,
2024/25,Clausura,1,2025-02-05,21:10,Pachuca,Leon,1,2,FALSE,,,
2024/25,Clausura,2,2025-01-16,20:10,America,Tijuana,1,1,FALSE,,,
2024/25,Clausura,2,2025-01-17,19:00,Puebla,Atlético San Luis,1,2,FALSE,,,
2024/25,Clausura,2,2025-01-17,,UANL,Mazatlan,2,1,FALSE,,,
2024/25,Clausura,2,2025-01-17,21:05,Necaxa,Guadalajara,3,2,FALSE,,,
2024/25,Clausura,2,2025-01-18,17:00,FC Juárez,Cruz Azul,1,0,FALSE,,,
2024/25,Clausura,2,2025-01-18,19:00,Toluca,Monterrey,1,1,FALSE,,,
2024/25,Clausura,2,2025-01-18,21:00,Atlas,Leon,1,2,FALSE,,,
2024/25,Clausura,2,2025-01-19,17:00,Querétaro,UNAM,3,2,FALSE,,,
2024/25,Clausura,2,2025-01-20,19:00,Pachuca,Santos Laguna,2,1,FALSE,,,
2024/25,Clausura,3,2025-01-24,19:00,Atlético San Luis,Necaxa,0,3,FALSE,,,
2024/25,Clausura,3,2025-01-24,21:00,Tijuana,Querétaro,2,1,FALSE,,,
2024/25,Clausura,3,2025-01-24,,Mazatlan,Toluca,2,1,FALSE,,,
2024/25,Clausura,3,2025-01-25,17:00,Leon,FC Juárez,1,0,FALSE,,,
2024/25,Clausura,3,2025-01-25,,Cruz Azul,Puebla,1,1,FALSE,,,
2024/25,Clausura,3,2025-01-25,19:00,Santos Laguna,America,1,4,FALSE,,,
2024/25,Clausura,3,2025-01-25,19:05,Guadalajara,UANL,1,1,FALSE,,,
2024/25,Clausura,3,2025-01-25,21:10,Monterrey,Pachuca,2,3,FALSE,,,
2024/25,Clausura,3,2025-01-26,12:00,UNAM,Atlas,0,0,FALSE,,,
2024/25,Clausura,4,2025-01-28,19:00,America,Atlético San Luis,3,0,FALSE,,,
2024/25,Clausura,4,2025-01-28,,Puebla,Mazatlan,0,1,FALSE,,,
2024/25,Clausura,4,2025-01-28,21:00,Leon,Guadalajara,2,1,FALSE,,,
2024/25,Clausura,4,2025-01-28,,UANL,Tijuana,4,0,FALSE,,,
2024/25,Clausura,4,2025-01-28,21:05,Necaxa,Cruz Azul,1,3,FALSE,,,
2024/25,Clausura,4,2025-01-29,19:00,Atlas,Monterrey,3,3,FALSE,,,
2024/25,Clausura,4,2025-01-29,,Querétaro,Pachuca,0,1,FALSE,,,
2024/25,Clausura,4,2025-01-29,21:00,FC Juárez,Santos Laguna,1,0,FALSE,,,
2024/25,Clausura,4,2025-01-29,21:05,UNAM,Toluca,1,1,FALSE,,,
2024/25,Clausura,5,2025-01-31,19:00,Mazatlan,Leon,1,2,FALSE,,,
2024/25,Clausura,5,2025-01-31,21:05,Tijuana,Cruz Azul,2,3,FALSE,,,
2024/25,Clausura,5,2025-02-01,17:00,America,FC Juárez,4,0,FALSE,,,
2024/25,Clausura,5,2025-02-01,17:05,Guadalajara,Querétaro,1,1,FALSE,,,
2024/25,Clausura,5,2025-02-01,19:00,Pachuca,Atlas,0,0,FALSE,,,
2024/25,Clausura,5,2025-02-01,19:05,Monterrey,Necaxa,1,0,FALSE,,,
2024/25,Clausura,5,2025-02-01,21:15,Toluca,UANL,1,0,FALSE,,,
2024/25,Clausura,5,2025-02-02,17:00,Santos Laguna,Puebla,0,2,FALSE,,,
2024/25,Clausura,5,2025-02-02,19:00,Atlético San Luis,UNAM,2,3,FALSE,,,
2024/25,Clausura,6,2025-02-07,19:00,Querétaro,Atlético San Luis,1,0,FALSE,,,
2024/25,Clausura,6,2025-02-07,,Necaxa,Santos Laguna,3,2,FALSE,,,
2024/25,Clausura,6,2025-02-07,21:00,Puebla,America,1,2,FALSE,,,
2024/25,Clausura,6,2025-02-08,19:00,Leon,Toluca,3,3,FALSE,,,
2024/25,Clausura,6,2025-02-08,,UANL,Atlas,2,1,FALSE,,,
2024/25,Clausura,6,2025-02-08,21:00,FC Juárez,Monterrey,2,1,FALSE,,,
2024/25,Clausura,6,2025-02-08,21:05,Cruz Azul,Pachuca,2,1,FALSE,,,
2024/25,Clausura,6,2025-02-09,18:00,UNAM,Mazatlan,1,0,FALSE,,,
2024/25,Clausura,6,2025-02-09,21:05,Guadalajara,Tijuana,2,1,FALSE,,,
2024/25,Clausura,7,2025-02-14,21:00,Tijuana,FC Juárez,1,2,FALSE,,,
2024/25,Clausura,7,2025-02-14,,Mazatlan,Santos Laguna,1,1,FALSE,,,
2024/25,Clausura,7,2025-02-14,,America,Necaxa,2,3,FALSE,,,
2024/25,Clausura,7,2025-02-15,17:00,Atlas,Puebla,3,2,FALSE,,,
2024/25,Clausura,7,2025-02-15,19:00,UANL,Cruz Azul,2,1,FALSE,,,
2024/25,Clausura,7,2025-02-15,21:10,Toluca,Guadalajara,2,1,FALSE,,,
2024/25,Clausura,7,2025-02-16,17:00,Querétaro,Monterrey,2,4,FALSE,,,
2024/25,Clausura,7,2025-02-16,19:00,Atlético San Luis,Leon,1,2,FALSE,,,
2024/25,Clausura,7,2025-02-16,19:05,Pachuca,UNAM,2,1,FALSE,,,
2024/25,Clausura,8,2025-02-21,19:00,Necaxa,Mazatlan,3,1,FALSE,,,
2024/25,Clausura,8,2025-02-21,21:00,Puebla,Tijuana,2,0,FALSE,,,
2024/25,Clausura,8,2025-02-22,17:00,FC Juárez,Toluca,0,4,FALSE,,,
2024/25,Clausura,8,2025-02-22,19:00,Leon,UANL,1,0,FALSE,,,
2024/25,Clausura,8,2025-02-22,,Monterrey,Atlético San Luis,3,1,FALSE,,,
2024/25,Clausura,8,2025-02-22,19:05,Guadalajara,Pachuca,2,1,FALSE,,,
2024/25,Clausura,8,2025-02-22,21:05,UNAM,America,0,2,FALSE,,,
2024/25,Clausura,8,2025-02-23,17:00,Santos Laguna,Atlas,2,0,FALSE,,,
2024/25,Clausura,8,2025-02-23,19:05,Cruz Azul,Querétaro,1,0,FALSE,,,
2024/25,Clausura,9,2025-02-18,21:10,Atlas,Necaxa,0,4,FALSE,,,
2024/25,Clausura,9,2025-02-19,19:00,America,Leon,1,1,FALSE,,,
2024/25,Clausura,9,2025-02-19,21:05,Santos Laguna,Cruz Azul,0,1,FALSE,,,
2024/25,Clausura,9,2025-02-25,19:00,UANL,FC Juárez,0,1,FALSE,,,
2024/25,Clausura,9,2025-02-25,21:00,Mazatlan,Monterrey,1,0,FALSE,,,
2024/25,Clausura,9,2025-02-25,21:10,Tijuana,UNAM,4,2,FALSE,,,
2024/25,Clausura,9,2025-02-26,19:00,Pachuca,Puebla,2,1,FALSE,,,
2024/25,Clausura,9,2025-02-26,21:00,Toluca,Querétaro,5,0,FALSE,,,
2024/25,Clausura,9,2025-02-26,21:05,Atlético San Luis,Guadalajara,3,1,FALSE,,,
2024/25,Clausura,10,2025-02-28,21:00,Mazatlan,Cruz Azul,1,1,FALSE,,,
2024/25,Clausura,10,2025-03-01,17:00,America,Toluca,3,0,FALSE,,,
2024/25,Clausura,10,2025-03-01,,FC Juárez,Pachuca,2,2,FALSE,,,
2024/25,Clausura,10,2025-03-01,19:00,Necaxa,UANL,1,2,FALSE,,,
2024/25,Clausura,10,2025-03-01,,Leon,Tijuana,2,1,FALSE,,,
2024/25,Clausura,10,2025-03-01,21:10,UNAM,Guadalajara,0,1,FALSE,,,
2024/25,Clausura,10,2025-03-02,16:00,Querétaro,Puebla,2,0,FALSE,,,
2024/25,Clausura,10,2025-03-02,18:00,Atlas,Atlético San Luis,3,1,FALSE,,,
2024/25,Clausura,10,2025-03-02,20:05,Monterrey,Santos Laguna,4,2,FALSE,,,
2024/25,Clausura,11,2025-03-07,19:00,Atlético San Luis,FC Juárez,1,0,FALSE,,,
2024/25,Clausura,11,2025-03-07,,UANL,Querétaro,1,0,FALSE,,,
2024/25,Clausura,11,2025-03-07,21:00,Puebla,UNAM,1,3,FALSE,,,
2024/25,Clausura,11,2025-03-08,17:00,Toluca,Necaxa,5,2,FALSE,,,
2024/25,Clausura,11,2025-03-08,19:00,Pachuca,Mazatlan,1,1,FALSE,,,
2024/25,Clausura,11,2025-03-08,19:05,Cruz Azul,Monterrey,1,1,FALSE,,,
2024/25,Clausura,11,2025-03-08,21:05,Guadalajara,America,0,0,FALSE,,,
2024/25,Clausura,11,2025-03-09,17:00,Santos Laguna,Leon,2,1,FALSE,,,
2024/25,Clausura,11,2025-03-09,21:00,Tijuana,Atlas,3,4,FALSE,,,
2024/25,Clausura,12,2025-03-14,19:00,Querétaro,Mazatlan,1,0,FALSE,,,
2024/25,Clausura,12,2025-03-14,,Necaxa,Leon,2,1,FALSE,,,
2024/25,Clausura,12,2025-03-14,21:05,Puebla,Toluca,0,3,FALSE,,,
2024/25,Clausura,12,2025-03-15,17:00,UANL,Santos Laguna,3,0,FALSE,,,
2024/25,Clausura,12,2025-03-15,19:00,Cruz Azul,Atlético San Luis,3,0,FALSE,,,
2024/25,Clausura,12,2025-03-15,19:15,FC Juárez,Guadalajara,1,1,FALSE,,,
2024/25,Clausura,12,2025-03-15,21:05,Atlas,America,1,3,FALSE,,,
2024/25,Clausura,12,2025-03-16,18:00,UNAM,Monterrey,1,3,FALSE,,,
2024/25,Clausura,12,2025-03-16,20:00,Pachuca,Tijuana,4,1,FALSE,,,
2024/25,Clausura,13,2025-03-28,19:00,Necaxa,Querétaro,2,0,FALSE,,,
2024/25,Clausura,13,2025-03-28,21:00,Mazatlan,Atlas,3,2,FALSE,,,
2024/25,Clausura,13,2025-03-29,17:00,FC Juárez,Puebla,2,0,FALSE,,,
2024/25,Clausura,13,2025-03-29,,Toluca,Pachuca,3,2,FALSE,,,
2024/25,Clausura,13,2025-03-29,19:05,America,UANL,3,0,FALSE,,,
2024/25,Clausura,13,2025-03-29,21:05,Guadalajara,Cruz Azul,0,1,FALSE,,,
2024/25,Clausura,13,2025-03-29,21:15,Monterrey,Tijuana,1,2,FALSE,,,
2024/25,Clausura,13,2025-03-30,17:00,Santos Laguna,Atlético San Luis,2,3,FALSE,,,
2024/25,Clausura,13,2025-03-30,19:05,Leon,UNAM,1,2,FALSE,,,
2024/25,Clausura,14,2025-04-04,19:00,Querétaro,Leon,1,1,FALSE,,,
2024/25,Clausura,14,2025-04-04,21:00,Tijuana,Necaxa,1,2,FALSE,,,
2024/25,Clausura,14,2025-04-04,21:05,Puebla,UANL,0,0,FALSE,,,
2024/25,Clausura,14,2025-04-05,17:00,Atlas,FC Juárez,1,1,FALSE,,,
2024/25,Clausura,14,2025-04-05,,Pachuca,America,1,0,FALSE,,,
2024/25,Clausura,14,2025-04-05,19:00,Atlético San Luis,Mazatlan,2,1,FALSE,,,
2024/25,Clausura,14,2025-04-05,19:05,Monterrey,Guadalajara,3,1,FALSE,,,
2024/25,Clausura,14,2025-04-05,21:10,Cruz Azul,UNAM,3,2,FALSE,,,
2024/25,Clausura,14,2025-04-06,18:00,Toluca,Santos Laguna,2,1,FALSE,,,
2024/25,Clausura,15,2025-04-10,20:05,Tijuana,Atlético San Luis,2,1,FALSE,,,
2024/25,Clausura,15,2025-04-11,19:00,Necaxa,Pachuca,3,5,FALSE,,,
2024/25,Clausura,15,2025-04-11,21:05,Mazatlan,Guadalajara,1,1,FALSE,,,
2024/25,Clausura,15,2025-04-12,17:00,UNAM,FC Juárez,0,0,FALSE,,,
2024/25,Clausura,15,2025-04-12,,Leon,Puebla,1,0,FALSE,,,
2024/25,Clausura,15,2025-04-12,19:00,UANL,Monterrey,2,1,FALSE,,,
2024/25,Clausura,15,2025-04-12,19:05,Atlas,Toluca,2,3,FALSE,,,
2024/25,Clausura,15,2025-04-12,21:15,America,Cruz Azul,0,0,FALSE,,,
2024/25,Clausura,15,2025-04-13,17:00,Santos Laguna,Querétaro,1,2,FALSE,,,
2024/25,Clausura,16,2025-04-15,19:00,Pachuca,UANL,0,0,FALSE,,,
2024/25,Clausura,16,2025-04-15,19:05,Guadalajara,Puebla,1,0,FALSE,,,
2024/25,Clausura,16,2025-04-15,21:00,FC Juárez,Necaxa,2,2,FALSE,,,
2024/25,Clausura,16,2025-04-15,21:05,Cruz Azul,Leon,2,1,FALSE,,,
2024/25,Clausura,16,2025-04-16,19:00,Querétaro,Atlas,1,2,FALSE,,,
2024/25,Clausura,16,2025-04-16,,Monterrey,America,1,0,FALSE,,,
2024/25,Clausura,16,2025-04-16,20:00,Atlético San Luis,Toluca,0,1,FALSE,,,
2024/25,Clausura,16,2025-04-16,21:00,Mazatlan,Tijuana,0,2,FALSE,,,
2024/25,Clausura,16,2025-04-16,21:05,UNAM,Santos Laguna,2,0,FALSE,,,
2024/25,Clausura,17,2025-04-18,19:00,Puebla,Necaxa,0,1,FALSE,,,
2024/25,Clausura,17,2025-04-19,17:00,America,Mazatlan,5,0,FALSE,,,
2024/25,Clausura,17,2025-04-19,19:05,Toluca,Cruz Azul,2,2,FALSE,,,
2024/25,Clausura,17,2025-04-19,21:00,UANL,UNAM,2,1,FALSE,,,
2024/25,Clausura,17,2025-04-19,21:15,Atlas,Guadalajara,1,1,FALSE,,,
2024/25,Clausura,17,2025-04-20,17:00,Santos Laguna,Tijuana,0,4,FALSE,,,
2024/25,Clausura,17,2025-04-20,19:00,Atlético San Luis,Pachuca,2,1,FALSE,,,
2024/25,Clausura,17,2025-04-20,19:05,Leon,Monterrey,0,2,FALSE,,,
2024/25,Clausura,17,2025-04-20,21:00,FC Juárez,Querétaro,0,2,FALSE,,,
2024/25,Clausura,17,2025-04-27,18:00,FC Juárez,UNAM,1,1,TRUE,1,2,
2024/25,Clausura,17,2025-04-27,19:30,Monterrey,Pachuca,1,2,FALSE,,,
2024/25,Clausura,17,2025-05-04,19:30,Monterrey,UNAM,2,0,FALSE,,,
2024/25,Clausura,17,2025-05-07,19:00,Monterrey,Toluca,3,2,FALSE,,,
2024/25,Clausura,17,2025-05-07,21:10,Pachuca,America,0,0,FALSE,,,
2024/25,Clausura,17,2025-05-08,19:00,Necaxa,UANL,0,0,FALSE,,,
2024/25,Clausura,17,2025-05-08,21:10,Leon,Cruz Azul,2,3,FALSE,,,
2024/25,Clausura,17,2025-05-10,19:00,Toluca,Monterrey,2,1,FALSE,,,
2024/25,Clausura,17,2025-05-10,21:10,America,Pachuca,2,0,FALSE,,,
2024/25,Clausura,17,2025-05-11,19:00,Cruz Azul,Leon,2,1,FALSE,,,
2024/25,Clausura,17,2025-05-11,21:10,UANL,Necaxa,2,2,FALSE,,,
2024/25,Clausura,17,2025-05-14,21:00,UANL,Toluca,1,1,FALSE,,,
2024/25,Clausura,17,2025-05-15,20:00,Cruz Azul,America,1,0,FALSE,,,
2024/25,Clausura,17,2025-05-17,19:00,Toluca,UANL,3,0,FALSE,,,
2024/25,Clausura,17,2025-05-18,19:15,America,Cruz Azul,2,1,FALSE,,,
2024/25,Clausura,17,2025-05-22,20:00,America,Toluca,0,0,FALSE,,,
2024/25,Clausura,17,2025-05-25,19:00,Toluca,America,2,0,FALSE,,,
2025/26,Apertura,1,2025-07-11,19:00,Puebla,Atlas,2,3,FALSE,,,
2025/26,Apertura,1,2025-07-11,21:05,Tijuana,Querétaro,1,0,FALSE,,,
2025/26,Apertura,1,2025-07-11,21:00,FC Juárez,América,1,1,FALSE,,,
2025/26,Apertura,1,2025-07-12,19:00,Santos Laguna,UNAM,3,0,FALSE,,,
2025/26,Apertura,1,2025-07-12,19:00,Toluca,Necaxa,3,1,FALSE,,,
2025/26,Apertura,1,2025-07-12,21:05,Cruz Azul,Mazatlán,0,0,FALSE,,,
2025/26,Apertura,1,2025-07-13,17:00,Pachuca,Monterrey,3,0,FALSE,,,
2025/26,Apertura,1,2025-07-13,19:00,León,Atlético San Luis,0,1,FALSE,,,
2025/26,Apertura,2,2025-07-16,19:00,América,Tijuana,3,1,FALSE,,,
2025/26,Apertura,2,2025-07-16,21:05,Santos Laguna,Toluca,2,4,FALSE,,,
2025/26,Apertura,2,2025-07-18,19:00,Necaxa,Querétaro,3,1,FALSE,,,
2025/26,Apertura,2,2025-07-18,21:05,Mazatlán,Puebla,2,1,FALSE,,,
2025/26,Apertura,2,2025-07-18,21:00,Atlético San Luis,Monterrey,0,1,FALSE,,,
2025/26,Apertura,2,2025-07-19,19:00,UANL,FC Juárez,1,0,FALSE,,,
2025/26,Apertura,2,2025-07-19,19:00,León,Guadalajara,1,0,FALSE,,,
2025/26,Apertura,2,2025-07-19,21:05,Atlas,Cruz Azul,3,3,FALSE,,,
2025/26,Apertura,2,2025-07-20,12:00,UNAM,Pachuca,2,3,FALSE,,,
2025/26,Apertura,3,2025-07-25,19:00,Puebla,Santos Laguna,1,0,FALSE,,,
2025/26,Apertura,3,2025-07-25,19:00,Querétaro,UNAM,0,2,FALSE,,,
2025/26,Apertura,3,2025-07-25,21:00,Tijuana,FC Juárez,1,1,FALSE,,,
2025/26,Apertura,3,2025-07-26,17:00,Pachuca,Mazatlán,1,0,FALSE,,,
2025/26,Apertura,3,2025-07-26,17:07,Guadalajara,Atlético San Luis,4,3,FALSE,,,
2025/26,Apertura,3,2025-07-26,19:00,Monterrey,Atlas,3,1,FALSE,,,
2025/26,Apertura,3,2025-07-26,19:00,Cruz Azul,León,4,1,FALSE,,,
2025/26,Apertura,3,2025-07-26,19:00,Toluca,UANL,3,4,FALSE,,,
2025/26,Apertura,3,2025-07-26,21:05,Necaxa,América,1,1,FALSE,,,
2025/26,Apertura,4,2025-08-08,21:00,UANL,Puebla,7,0,FALSE,,,
2025/26,Apertura,4,2025-08-09,19:00,América,Querétaro,1,0,FALSE,,,
2025/26,Apertura,4,2025-08-09,21:00,Mazatlán,Tijuana,2,2,FALSE,,,
2025/26,Apertura,4,2025-08-09,21:05,Atlas,Pachuca,0,3,FALSE,,,
2025/26,Apertura,4,2025-08-10,18:00,UNAM,Necaxa,1,1,FALSE,,,
2025/26,Apertura,4,2025-08-10,20:05,Santos Laguna,Guadalajara,1,0,FALSE,,,
2025/26,Apertura,4,2025-08-11,19:00,León,Monterrey,1,3,FALSE,,,
2025/26,Apertura,4,2025-08-11,21:00,FC Juárez,Toluca,0,2,FALSE,,,
2025/26,Apertura,4,2025-08-11,21:05,Atlético San Luis,Cruz Azul,1,2,FALSE,,,
2025/26,Apertura,5,2025-08-15,19:00,Puebla,Atlético San Luis,0,2,FALSE,,,
2025/26,Apertura,5,2025-08-15,21:05,Necaxa,León,0,1,FALSE,,,
2025/26,Apertura,5,2025-08-16,17:07,Guadalajara,FC Juárez,1,2,FALSE,,,
2025/26,Apertura,5,2025-08-16,19:00,Cruz Azul,Santos Laguna,3,2,FALSE,,,
2025/26,Apertura,5,2025-08-16,19:00,Pachuca,Tijuana,0,2,FALSE,,,
2025/26,Apertura,5,2025-08-16,19:00,UANL,América,1,3,FALSE,,,
2025/26,Apertura,5,2025-08-16,21:10,Toluca,UNAM,1,1,FALSE,,,
2025/26,Apertura,5,2025-08-17,16:00,Querétaro,Atlas,3,3,FALSE,,,
2025/26,Apertura,5,2025-08-17,18:00,Monterrey,Mazatlán,3,2,FALSE,,,
2025/26,Apertura,6,2025-08-22,19:00,Querétaro,Atlético San Luis,3,2,FALSE,,,
2025/26,Apertura,6,2025-08-22,19:00,FC Juárez,Santos Laguna,2,1,FALSE,,,
2025/26,Apertura,6,2025-08-22,21:00,Tijuana,Guadalajara,3,3,FALSE,,,
2025/26,Apertura,6,2025-08-23,17:00,León,Pachuca,1,1,FALSE,,,
2025/26,Apertura,6,2025-08-23,19:00,Mazatlán,UANL,2,2,FALSE,,,
2025/26,Apertura,6,2025-08-23,19:00,Monterrey,Necaxa,3,0,FALSE,,,
2025/26,Apertura,6,2025-08-23,21:05,Cruz Azul,Toluca,1,0,FALSE,,,
2025/26,Apertura,6,2025-08-24,17:00,UNAM,Puebla,0,0,FALSE,,,
2025/26,Apertura,6,2025-08-24,19:05,Atlas,América,2,4,FALSE,,,
2025/26,Apertura,7,2025-08-29,19:00,FC Juárez,Mazatlán,1,0,FALSE,,,
2025/26,Apertura,7,2025-08-29,19:00,Atlético San Luis,Toluca,1,3,FALSE,,,
2025/26,Apertura,7,2025-08-29,21:05,Puebla,Monterrey,2,4,FALSE,,,
2025/26,Apertura,7,2025-08-30,17:00,León,Querétaro,3,0,FALSE,,,
2025/26,Apertura,7,2025-08-30,19:00,Santos Laguna,UANL,0,1,FALSE,,,
2025/26,Apertura,7,2025-08-30,19:07,Guadalajara,Cruz Azul,1,2,FALSE,,,
2025/26,Apertura,7,2025-08-30,21:05,América,Pachuca,2,0,FALSE,,,
2025/26,Apertura,7,2025-08-31,16:00,UNAM,Atlas,1,0,FALSE,,,
2025/26,Apertura,7,2025-08-31,21:00,Tijuana,Necaxa,3,0,FALSE,,,
2025/26,Apertura,8,2025-09-12,19:00,Necaxa,FC Juárez,1,1,FALSE,,,
2025/26,Apertura,8,2025-09-12,21:00,Mazatlán,UNAM,1,4,FALSE,,,
2025/26,Apertura,8,2025-09-13,17:00,Pachuca,Cruz Azul,0,1,FALSE,,,
2025/26,Apertura,8,2025-09-13,19:00,Atlas,Santos Laguna,2,2,FALSE,,,
2025/26,Apertura,8,2025-09-13,19:00,UANL,León,0,0,FALSE,,,
2025/26,Apertura,8,2025-09-13,21:00,Toluca,Puebla,3,1,FALSE,,,
2025/26,Apertura,8,2025-09-13,21:15,América,Guadalajara,1,2,FALSE,,,
2025/26,Apertura,8,2025-09-14,17:00,Querétaro,Monterrey,0,1,FALSE,,,
2025/26,Apertura,8,2025-09-14,19:00,Atlético San Luis,Tijuana,1,1,FALSE,,,
2025/26,Apertura,1,2025-09-17,19:07,Guadalajara,UANL,0,0,FALSE,,,
2025/26,Apertura,9,2025-09-19,19:00,Necaxa,Puebla,1,0,FALSE,,,
2025/26,Apertura,9,2025-09-19,19:00,Cruz Azul,FC Juárez,3,2,FALSE,,,
2025/26,Apertura,9,2025-09-19,21:00,Mazatlán,Atlas,1,1,FALSE,,,
2025/26,Apertura,9,2025-09-19,21:05,Tijuana,León,5,0,FALSE,,,
2025/26,Apertura,9,2025-09-20,17:00,Pachuca,Querétaro,0,2,FALSE,,,
2025/26,Apertura,9,2025-09-20,19:00,UNAM,UANL,1,1,FALSE,,,
2025/26,Apertura,9,2025-09-20,19:07,Guadalajara,Toluca,0,3,FALSE,,,
2025/26,Apertura,9,2025-09-20,21:05,Monterrey,América,2,2,FALSE,,,
2025/26,Apertura,9,2025-09-21,17:00,Santos Laguna,Atlético San Luis,1,4,FALSE,,,
2025/26,Apertura,10,2025-09-23,19:00,Puebla,Pachuca,2,2,FALSE,,,
2025/26,Apertura,10,2025-09-23,19:07,Guadalajara,Necaxa,3,1,FALSE,,,
2025/26,Apertura,10,2025-09-23,21:00,FC Juárez,UNAM,3,1,FALSE,,,
2025/26,Apertura,10,2025-09-23,21:05,León,Mazatlán,2,2,FALSE,,,
2025/26,Apertura,10,2025-09-24,18:00,Cruz Azul,Querétaro,2,2,FALSE,,,
2025/26,Apertura,10,2025-09-24,19:00,UANL,Atlas,2,0,FALSE,,,
2025/26,Apertura,10,2025-09-24,20:00,Toluca,Monterrey,6,2,FALSE,,,
2025/26,Apertura,10,2025-09-24,21:00,Santos Laguna,Tijuana,1,0,FALSE,,,
2025/26,Apertura,10,2025-09-24,21:00,Atlético San Luis,América,0,1,FALSE,,,
2025/26,Apertura,11,2025-09-26,19:00,FC Juárez,León,2,0,FALSE,,,
2025/26,Apertura,11,2025-09-27,17:00,Pachuca,Atlético San Luis,2,1,FALSE,,,
2025/26,Apertura,11,2025-09-27,17:00,Puebla,Guadalajara,0,2,FALSE,,,
2025/26,Apertura,11,2025-09-27,17:00,Atlas,Necaxa,3,2,FALSE,,,
2025/26,Apertura,11,2025-09-27,19:00,Toluca,Mazatlán,3,1,FALSE,,,
2025/26,Apertura,11,2025-09-27,19:00,Monterrey,Santos Laguna,1,0,FALSE,,,
2025/26,Apertura,11,2025-09-27,21:05,América,UNAM,4,1,FALSE,,,
2025/26,Apertura,11,2025-09-28,17:00,Querétaro,UANL,0,2,FALSE,,,
2025/26,Apertura,11,2025-09-28,21:05,Tijuana,Cruz Azul,2,0,FALSE,,,
2025/26,Apertura,12,2025-10-03,19:00,Necaxa,Pachuca,0,1,FALSE,,,
2025/26,Apertura,12,2025-10-03,21:00,Mazatlán,Atlético San Luis,2,1,FALSE,,,
2025/26,Apertura,12,2025-10-03,21:05,Atlas,FC Juárez,3,1,FALSE,,,
2025/26,Apertura,12,2025-10-04,17:00,Querétaro,Puebla,3,1,FALSE,,,
2025/26,Apertura,12,2025-10-04,19:00,UANL,Cruz Azul,1,1,FALSE,,,
2025/26,Apertura,12,2025-10-04,19:00,León,Toluca,2,4,FALSE,,,
2025/26,Apertura,12,2025-10-04,21:05,América,Santos Laguna,3,0,FALSE,,,
2025/26,Apertura,12,2025-10-05,19:35,UNAM,Guadalajara,1,2,FALSE,,,
2025/26,Apertura,12,2025-10-05,21:05,Tijuana,Monterrey,2,2,FALSE,,,
2025/26,Apertura,13,2025-10-17,19:00,Puebla,Tijuana,4,3,FALSE,,,
2025/26,Apertura,13,2025-10-17,21:00,Atlético San Luis,Atlas,2,0,FALSE,,,
2025/26,Apertura,13,2025-10-17,21:00,UANL,Necaxa,5,3,FALSE,,,
2025/26,Apertura,13,2025-10-18,17:00,FC Juárez,Pachuca,2,2,FALSE,,,
2025/26,Apertura,13,2025-10-18,17:00,Toluca,Querétaro,4,0,FALSE,,,
2025/26,Apertura,13,2025-10-18,17:00,Santos Laguna,León,2,0,FALSE,,,
2025/26,Apertura,13,2025-10-18,19:00,Monterrey,UNAM,1,1,FALSE,,,
2025/26,Apertura,13,2025-10-18,19:07,Guadalajara,Mazatlán,2,0,FALSE,,,
2025/26,Apertura,13,2025-10-18,21:05,Cruz Azul,América,2,1,FALSE,,,
2025/26,Apertura,14,2025-10-21,19:00,Necaxa,Cruz Azul,1,1,FALSE,,,
2025/26,Apertura,14,2025-10-21,19:00,América,Puebla,2,1,FALSE,,,
2025/26,Apertura,14,2025-10-21,21:00,Mazatlán,Santos Laguna,2,2,FALSE,,,
2025/26,Apertura,14,2025-10-21,21:05,Monterrey,FC Juárez,4,2,FALSE,,,
2025/26,Apertura,14,2025-10-22,19:00,Querétaro,Guadalajara,1,0,FALSE,,,
2025/26,Apertura,14,2025-10-22,19:00,Pachuca,UANL,1,2,FALSE,,,
2025/26,Apertura,14,2025-10-22,21:00,Tijuana,Toluca,0,0,FALSE,,,
2025/26,Apertura,14,2025-10-22,21:00,Atlas,León,2,0,FALSE,,,
2025/26,Apertura,14,2025-10-22,21:05,UNAM,Atlético San Luis,0,1,FALSE,,,
2025/26,Apertura,15,2025-10-24,19:00,FC Juárez,Puebla,4,4,FALSE,,,
2025/26,Apertura,15,2025-10-24,21:00,Mazatlán,América,2,2,FALSE,,,
2025/26,Apertura,15,2025-10-25,17:00,UANL,Tijuana,2,0,FALSE,,,
2025/26,Apertura,15,2025-10-25,19:00,León,UNAM,1,1,FALSE,,,
2025/26,Apertura,15,2025-10-25,19:07,Guadalajara,Atlas,4,1,FALSE,,,
2025/26,Apertura,15,2025-10-25,21:05,Cruz Azul,Monterrey,2,0,FALSE,,,
2025/26,Apertura,15,2025-10-26,17:00,Santos Laguna,Querétaro,3,1,FALSE,,,
2025/26,Apertura,15,2025-10-26,19:00,Atlético San Luis,Necaxa,3,4,FALSE,,,
2025/26,Apertura,15,2025-10-26,19:00,Toluca,Pachuca,2,2,FALSE,,,
2025/26,Apertura,16,2025-10-31,19:00,Necaxa,Santos Laguna,4,1,FALSE,,,
2025/26,Apertura,16,2025-10-31,21:00,Atlético San Luis,FC Juárez,1,2,FALSE,,,
2025/26,Apertura,16,2025-10-31,21:05,Puebla,Cruz Azul,0,3,FALSE,,,
2025/26,Apertura,16,2025-11-01,17:00,Atlas,Toluca,0,0,FALSE,,,
2025/26,Apertura,16,2025-11-01,19:05,Monterrey,UANL,1,1,FALSE,,,
2025/26,Apertura,16,2025-11-01,21:10,América,León,2,0,FALSE,,,
2025/26,Apertura,16,2025-11-02,12:00,UNAM,Tijuana,4,1,FALSE,,,
2025/26,Apertura,16,2025-11-02,17:00,Querétaro,Mazatlán,1,0,FALSE,,,
2025/26,Apertura,16,2025-11-02,19:00,Pachuca,Guadalajara,0,1,FALSE,,,
2025/26,Apertura,17,2025-11-07,19:00,FC Juárez,Querétaro,1,2,FALSE,,,
2025/26,Apertura,17,2025-11-07,21:00,Tijuana,Atlas,2,0,FALSE,,,
2025/26,Apertura,17,2025-11-07,21:00,Mazatlán,Necaxa,1,1,FALSE,,,
2025/26,Apertura,17,2025-11-08,17:00,UANL,Atlético San Luis,3,1,FALSE,,,
2025/26,Apertura,17,2025-11-08,17:07,Guadalajara,Monterrey,4,2,FALSE,,,
2025/26,Apertura,17,2025-11-08,19:00,Toluca,América,2,0,FALSE,,,
2025/26,Apertura,17,2025-11-08,19:00,León,Puebla,1,2,FALSE,,,
2025/26,Apertura,17,2025-11-08,21:05,Cruz Azul,UNAM,2,3,FALSE,,,
2025/26,Apertura,17,2025-11-09,17:00,Santos Laguna,Pachuca,1,0,FALSE,,,
2025/26,Apertura,17,2025-11-20,21:00,Tijuana,FC Juárez,3,1,FALSE,,,
2025/26,Apertura,17,2025-11-20,19:00,Pachuca,UNAM,3,1,FALSE,,,
2025/26,Apertura,17,2025-11-23,19:00,FC Juárez,Pachuca,2,1,FALSE,,,
2025/26,Apertura,17,2025-11-26,19:00,FC Juárez,Toluca,1,2,FALSE,,,
2025/26,Apertura,17,2025-11-26,23:00,Tijuana,UANL,3,0,FALSE,,,
2025/26,Apertura,17,2025-11-26,21:05,Monterrey,América,2,0,FALSE,,,
2025/26,Apertura,17,2025-11-27,20:07,Guadalajara,Cruz Azul,0,0,FALSE,,,
2025/26,Apertura,17,2025-11-29,17:00,América,Monterrey,2,1,FALSE,,,
2025/26,Apertura,17,2025-11-29,19:05,Toluca,FC Juárez,0,0,FALSE,,,
2025/26,Apertura,17,2025-11-29,21:10,UANL,Tijuana,5,0,FALSE,,,
2025/26,Apertura,17,2025-11-30,19:00,Cruz Azul,Guadalajara,3,2,FALSE,,,
2025/26,Apertura,17,2025-12-03,19:00,Cruz Azul,UANL,1,1,FALSE,,,
2025/26,Apertura,17,2025-12-03,21:10,Monterrey,Toluca,1,0,FALSE,,,
2025/26,Apertura,17,2025-12-06,19:00,Toluca,Monterrey,3,2,FALSE,,,
2025/26,Apertura,17,2025-12-06,21:10,UANL,Cruz Azul,1,1,FALSE,,,
2025/26,Apertura,17,2025-12-11,20:00,UANL,Toluca,1,0,FALSE,,,
2025/26,Apertura,17,2025-12-14,19:00,Toluca,UANL,2,1,TRUE,9,,8
2025/26,Clausura,1,2026-01-09,19:00,Mazatlán,FC Juárez,1,2,FALSE,,,
2025/26,Clausura,1,2026-01-09,21:00,Tijuana,América,0,0,FALSE,,,
2025/26,Clausura,1,2026-01-09,21:00,Atlas,Puebla,1,0,FALSE,,,
2025/26,Clausura,1,2026-01-10,17:07,Guadalajara,Pachuca,2,0,FALSE,,,
2025/26,Clausura,1,2026-01-10,19:00,Santos Laguna,Necaxa,1,3,FALSE,,,
2025/26,Clausura,1,2026-01-10,19:00,León,Cruz Azul,2,1,FALSE,,,
2025/26,Clausura,1,2026-01-10,21:05,Monterrey,Toluca,0,1,FALSE,,,
2025/26,Clausura,1,2026-01-11,12:00,UNAM,Querétaro,1,1,FALSE,,,
2025/26,Clausura,1,2026-01-11,19:00,Atlético San Luis,UANL,1,2,FALSE,,,
2025/26,Clausura,2,2026-01-13,17:00,Puebla,Mazatlán,2,1,FALSE,,,
2025/26,Clausura,2,2026-01-13,19:00,Necaxa,Monterrey,0,2,FALSE,,,
2025/26,Clausura,2,2026-01-13,19:06,Pachuca,León,2,1,FALSE,,,
2025/26,Clausura,2,2026-01-13,21:10,FC Juárez,Guadalajara,0,1,FALSE,,,
2025/26,Clausura,2,2026-01-14,17:00,Cruz Azul,Atlas,2,0,FALSE,,,
2025/26,Clausura,2,2026-01-14,19:00,Querétaro,Tijuana,1,2,FALSE,,,
2025/26,Clausura,2,2026-01-14,19:05,América,Atlético San Luis,0,2,FALSE,,,
2025/26,Clausura,2,2026-01-14,21:06,UANL,UNAM,0,1,FALSE,,,
2025/26,Clausura,2,2026-01-14,21:10,Toluca,Santos Laguna,3,1,FALSE,,,
2025/26,Clausura,3,2026-01-16,21:00,Mazatlán,Monterrey,1,5,FALSE,,,
2025/26,Clausura,3,2026-01-17,17:00,Necaxa,Atlas,0,1,FALSE,,,
2025/26,Clausura,3,2026-01-17,17:07,Guadalajara,Querétaro,2,1,FALSE,,,
2025/26,Clausura,3,2026-01-17,19:00,UANL,Toluca,0,0,FALSE,,,
2025/26,Clausura,3,2026-01-17,21:06,Tijuana,Atlético San Luis,1,1,FALSE,,,
2025/26,Clausura,3,2026-01-17,21:05,Cruz Azul,Puebla,1,0,FALSE,,,
2025/26,Clausura,3,2026-01-18,12:00,UNAM,León,1,1,FALSE,,,
2025/26,Clausura,3,2026-01-18,17:00,Santos Laguna,FC Juárez,2,2,FALSE,,,
2025/26,Clausura,3,2026-01-18,19:06,Pachuca,América,0,0,FALSE,,,
2025/26,Clausura,4,2026-01-30,19:00,Puebla,Toluca,0,0,FALSE,,,
2025/26,Clausura,4,2026-01-30,21:06,FC Juárez,Cruz Azul,3,4,FALSE,,,
2025/26,Clausura,4,2026-01-30,21:00,UNAM,Santos Laguna,4,0,FALSE,,,
2025/26,Clausura,4,2026-01-31,16:00,América,Necaxa,2,0,FALSE,,,
2025/26,Clausura,4,2026-01-31,17:00,Atlas,Mazatlán,1,0,FALSE,,,
2025/26,Clausura,4,2026-01-31,17:00,Atlético San Luis,Guadalajara,2,3,FALSE,,,
2025/26,Clausura,4,2026-01-31,19:00,Monterrey,Tijuana,2,2,FALSE,,,
2025/26,Clausura,4,2026-01-31,19:10,León,UANL,1,2,FALSE,,,
2025/26,Clausura,4,2026-02-01,17:00,Querétaro,Pachuca,0,0,FALSE,,,
2025/26,Clausura,5,2026-02-06,19:00,Necaxa,Atlético San Luis,4,1,FALSE,,,
2025/26,Clausura,5,2026-02-06,19:00,UANL,Santos Laguna,5,1,FALSE,,,
2025/26,Clausura,5,2026-02-06,21:06,Tijuana,Puebla,0,0,FALSE,,,
2025/26,Clausura,5,2026-02-06,21:06,Mazatlán,Guadalajara,1,2,FALSE,,,
2025/26,Clausura,5,2026-02-07,17:00,Toluca,Cruz Azul,1,1,FALSE,,,
2025/26,Clausura,5,2026-02-07,17:00,Querétaro,León,2,0,FALSE,,,
2025/26,Clausura,5,2026-02-07,19:05,Atlas,UNAM,2,2,FALSE,,,
2025/26,Clausura,5,2026-02-07,19:06,Pachuca,FC Juárez,2,0,FALSE,,,
2025/26,Clausura,5,2026-02-07,21:10,América,Monterrey,1,0,FALSE,,,
2025/26,Clausura,6,2026-02-13,19:00,Puebla,UNAM,2,3,FALSE,,,
2025/26,Clausura,6,2026-02-13,21:05,Toluca,Tijuana,1,0,FALSE,,,
2025/26,Clausura,6,2026-02-14,17:00,Pachuca,Atlas,3,1,FALSE,,,
2025/26,Clausura,6,2026-02-14,17:00,Atlético San Luis,Querétaro,3,0,FALSE,,,
2025/26,Clausura,6,2026-02-14,19:06,FC Juárez,Necaxa,1,2,FALSE,,,
2025/26,Clausura,6,2026-02-14,19:00,Monterrey,León,1,0,FALSE,,,
2025/26,Clausura,6,2026-02-14,21:07,Guadalajara,América,1,0,FALSE,,,
2025/26,Clausura,6,2026-02-15,16:30,Cruz Azul,UANL,2,1,FALSE,,,
2025/26,Clausura,6,2026-02-15,17:00,Santos Laguna,Mazatlán,1,2,FALSE,,,
2025/26,Clausura,7,2026-02-20,19:00,UANL,Pachuca,1,2,FALSE,,,
2025/26,Clausura,7,2026-02-20,21:06,Puebla,América,0,4,FALSE,,,
2025/26,Clausura,7,2026-02-21,17:00,Atlas,Atlético San Luis,3,2,FALSE,,,
2025/26,Clausura,7,2026-02-21,19:00,Necaxa,Toluca,0,3,FALSE,,,
2025/26,Clausura,7,2026-02-21,19:00,León,Santos Laguna,2,1,FALSE,,,
2025/26,Clausura,7,2026-02-21,21:05,Cruz Azul,Guadalajara,2,1,FALSE,,,
2025/26,Clausura,7,2026-02-21,23:10,Tijuana,Mazatlán,1,1,FALSE,,,
2025/26,Clausura,7,2026-02-22,17:00,UNAM,Monterrey,2,0,FALSE,,,
2025/26,Clausura,8,2026-02-27,19:00,Mazatlán,Pachuca,1,0,FALSE,,,
2025/26,Clausura,8,2026-02-27,19:00,Querétaro,Santos Laguna,2,2,FALSE,,,
2025/26,Clausura,8,2026-02-27,21:06,Tijuana,UNAM,1,1,FALSE,,,
2025/26,Clausura,8,2026-02-27,21:00,FC Juárez,Atlas,3,1,FALSE,,,
2025/26,Clausura,8,2026-02-28,17:00,Atlético San Luis,Puebla,0,1,FALSE,,,
2025/26,Clausura,8,2026-02-28,17:00,Toluca,Guadalajara,2,0,FALSE,,,
2025/26,Clausura,8,2026-02-28,19:05,Monterrey,Cruz Azul,0,2,FALSE,,,
2025/26,Clausura,8,2026-02-28,19:06,León,Necaxa,2,1,FALSE,,,
2025/26,Clausura,8,2026-02-28,21:10,América,UANL,1,4,FALSE,,,
2025/26,Clausura,9,2026-03-03,19:00,Santos Laguna,Cruz Azul,1,2,FALSE,,,
2025/26,Clausura,9,2026-03-03,19:00,Pachuca,Necaxa,2,1,FALSE,,,
2025/26,Clausura,9,2026-03-03,21:00,Atlético San Luis,Mazatlán,4,1,FALSE,,,
2025/26,Clausura,9,2026-03-03,21:10,UNAM,Toluca,2,3,FALSE,,,
2025/26,Clausura,9,2026-03-04,19:00,Puebla,UANL,3,1,FALSE,,,
2025/26,Clausura,9,2026-03-04,19:00,Monterrey,Querétaro,4,0,FALSE,,,
2025/26,Clausura,9,2026-03-04,21:00,América,FC Juárez,1,2,FALSE,,,
2025/26,Clausura,9,2026-03-04,21:00,Atlas,Tijuana,2,1,FALSE,,,
2025/26,Clausura,10,2026-03-06,19:00,Mazatlán,León,4,2,FALSE,,,
2025/26,Clausura,10,2026-03-06,21:00,Necaxa,UNAM,0,1,FALSE,,,
2025/26,Clausura,10,2026-03-07,17:00,Querétaro,América,1,2,FALSE,,,
2025/26,Clausura,10,2026-03-07,17:00,Cruz Azul,Atlético San Luis,3,0,FALSE,,,
2025/26,Clausura,10,2026-03-07,19:05,Atlas,Guadalajara,1,2,FALSE,,,
2025/26,Clausura,10,2026-03-07,19:06,Pachuca,Puebla,2,1,FALSE,,,
2025/26,Clausura,10,2026-03-07,21:00,UANL,Monterrey,1,0,FALSE,,,
2025/26,Clausura,10,2026-03-08,17:00,Toluca,FC Juárez,3,1,FALSE,,,
2025/26,Clausura,10,2026-03-08,21:06,Tijuana,Santos Laguna,1,2,FALSE,,,
2025/26,Clausura,11,2026-03-13,19:00,Puebla,Necaxa,0,0,FALSE,,,
2025/26,Clausura,11,2026-03-13,21:00,FC Juárez,Monterrey,2,2,FALSE,,,
2025/26,Clausura,11,2026-03-14,17:00,Atlético San Luis,Pachuca,1,1,FALSE,,,
2025/26,Clausura,11,2026-03-14,17:07,Guadalajara,Santos Laguna,3,0,FALSE,,,
2025/26,Clausura,11,2026-03-14,19:00,León,Tijuana,0,3,FALSE,,,
2025/26,Clausura,11,2026-03-14,19:00,Toluca,Atlas,1,1,FALSE,,,
2025/26,Clausura,11,2026-03-14,21:10,UNAM,Cruz Azul,2,2,FALSE,,,
2025/26,Clausura,11,2026-03-15,17:00,UANL,Querétaro,0,0,FALSE,,,
2025/26,Clausura,11,2026-03-15,19:00,América,Mazatlán,2,0,FALSE,,,
2025/26,Clausura,9,2026-03-18,20:07,Guadalajara,León,5,0,FALSE,,,
2025/26,Clausura,12,2026-03-20,19:00,Necaxa,Tijuana,3,0,FALSE,,,
2025/26,Clausura,12,2026-03-20,21:06,Mazatlán,Cruz Azul,1,1,FALSE,,,
2025/26,Clausura,12,2026-03-21,17:00,Atlas,Querétaro,0,0,FALSE,,,
2025/26,Clausura,12,2026-03-21,19:00,Atlético San Luis,León,1,2,FALSE,,,
2025/26,Clausura,12,2026-03-21,19:05,Monterrey,Guadalajara,2,3,FALSE,,,
2025/26,Clausura,12,2026-03-21,21:10,UNAM,América,1,0,FALSE,,,
2025/26,Clausura,12,2026-03-22,17:00,Pachuca,Toluca,1,1,FALSE,,,
2025/26,Clausura,12,2026-03-22,17:00,Santos Laguna,Puebla,2,1,FALSE,,,
2025/26,Clausura,12,2026-03-22,19:06,FC Juárez,UANL,2,1,FALSE,,,
2025/26,Clausura,13,2026-04-03,19:00,Puebla,FC Juárez,1,1,FALSE,,,
2025/26,Clausura,13,2026-04-03,21:06,Tijuana,UANL,1,0,FALSE,,,
2025/26,Clausura,13,2026-04-03,21:00,Necaxa,Mazatlán,2,1,FALSE,,,
2025/26,Clausura,13,2026-04-04,17:00,Monterrey,Atlético San Luis,1,2,FALSE,,,
2025/26,Clausura,13,2026-04-04,17:00,Querétaro,Toluca,1,0,FALSE,,,
2025/26,Clausura,13,2026-04-04,19:00,León,Atlas,2,0,FALSE,,,
2025/26,Clausura,13,2026-04-04,19:05,Cruz Azul,Pachuca,1,2,FALSE,,,
2025/26,Clausura,13,2026-04-04,21:10,Santos Laguna,América,1,1,FALSE,,,
2025/26,Clausura,13,2026-04-05,20:07,Guadalajara,UNAM,2,2,FALSE,,,
2025/26,Clausura,7,2026-04-07,18:00,Querétaro,FC Juárez,1,1,FALSE,,,
2025/26,Clausura,14,2026-04-10,19:00,Puebla,León,0,1,FALSE,,,
2025/26,Clausura,14,2026-04-10,21:06,FC Juárez,Tijuana,1,2,FALSE,,,
2025/26,Clausura,14,2026-04-11,17:00,UANL,Guadalajara,4,1,FALSE,,,
2025/26,Clausura,14,2026-04-11,17:00,Querétaro,Necaxa,3,1,FALSE,,,
2025/26,Clausura,14,2026-04-11,19:00,Atlas,Monterrey,0,0,FALSE,,,
2025/26,Clausura,14,2026-04-11,19:00,Pachuca,Santos Laguna,4,2,FALSE,,,
2025/26,Clausura,14,2026-04-11,21:05,América,Cruz Azul,1,1,FALSE,,,
2025/26,Clausura,14,2026-04-12,12:00,UNAM,Mazatlán,3,1,FALSE,,,
2025/26,Clausura,14,2026-04-12,19:00,Toluca,Atlético San Luis,1,1,FALSE,,,
2025/26,Clausura,15,2026-04-17,19:00,Mazatlán,Querétaro,1,1,FALSE,,,
2025/26,Clausura,15,2026-04-17,19:00,Atlético San Luis,UNAM,0,2,FALSE,,,
2025/26,Clausura,15,2026-04-18,17:00,Cruz Azul,Tijuana,1,1,FALSE,,,
2025/26,Clausura,15,2026-04-18,17:00,Necaxa,UANL,1,1,FALSE,,,
2025/26,Clausura,15,2026-04-18,19:05,Monterrey,Pachuca,1,3,FALSE,,,
2025/26,Clausura,15,2026-04-18,19:07,Guadalajara,Puebla,5,0,FALSE,,,
2025/26,Clausura,15,2026-04-18,21:06,León,FC Juárez,3,1,FALSE,,,
2025/26,Clausura,15,2026-04-18,21:10,América,Toluca,2,1,FALSE,,,
2025/26,Clausura,15,2026-04-19,17:00,Santos Laguna,Atlas,0,1,FALSE,,,
2025/26,Clausura,16,2026-04-21,19:00,Querétaro,Cruz Azul,1,1,FALSE,,,
2025/26,Clausura,16,2026-04-21,19:00,UNAM,FC Juárez,4,2,FALSE,,,
2025/26,Clausura,16,2026-04-21,21:05,Monterrey,Puebla,2,1,FALSE,,,
2025/26,Clausura,16,2026-04-21,21:06,León,América,2,3,FALSE,,,
2025/26,Clausura,16,2026-04-22,19:00,Mazatlán,Toluca,4,3,FALSE,,,
2025/26,Clausura,16,2026-04-22,19:00,Atlético San Luis,Santos Laguna,2,0,FALSE,,,
2025/26,Clausura,16,2026-04-22,19:00,Atlas,UANL,0,0,FALSE,,,
2025/26,Clausura,16,2026-04-22,21:06,Tijuana,Pachuca,3,1,FALSE,,,
2025/26,Clausura,16,2026-04-22,21:10,Necaxa,Guadalajara,0,0,FALSE,,,
2025/26,Clausura,17,2026-04-24,21:00,Puebla,Querétaro,1,2,FALSE,,,
2025/26,Clausura,17,2026-04-25,17:00,UANL,Mazatlán,5,1,FALSE,,,
2025/26,Clausura,17,2026-04-25,17:00,Pachuca,UNAM,0,2,FALSE,,,
2025/26,Clausura,17,2026-04-25,19:05,Toluca,León,4,1,FALSE,,,
2025/26,Clausura,17,2026-04-25,19:07,Guadalajara,Tijuana,0,0,FALSE,,,
2025/26,Clausura,17,2026-04-25,21:00,FC Juárez,Atlético San Luis,2,1,FALSE,,,
2025/26,Clausura,17,2026-04-25,21:10,América,Atlas,0,1,FALSE,,,
2025/26,Clausura,17,2026-04-26,17:00,Santos Laguna,Monterrey,3,0,FALSE,,,
2025/26,Clausura,17,2026-04-26,19:05,Cruz Azul,Necaxa,4,1,FALSE,,,
2025/26,Clausura,17,2026-05-02,19:00,UANL,Guadalajara,3,1,FALSE,,,
2025/26,Clausura,17,2026-05-02,21:15,Atlas,Cruz Azul,2,3,FALSE,,,
2025/26,Clausura,17,2026-05-03,17:00,América,UNAM,3,3,FALSE,,,
2025/26,Clausura,17,2026-05-03,19:15,Toluca,Pachuca,0,1,FALSE,,,
2025/26,Clausura,17,2026-05-09,19:07,Guadalajara,UANL,2,0,FALSE,,,
2025/26,Clausura,17,2026-05-09,21:15,Cruz Azul,Atlas,1,0,FALSE,,,
2025/26,Clausura,17,2026-05-10,17:00,Pachuca,Toluca,2,0,FALSE,,,
2025/26,Clausura,17,2026-05-10,19:15,UNAM,América,3,3,FALSE,,,
2025/26,Clausura,17,2026-05-13,20:00,Cruz Azul,Guadalajara,2,2,FALSE,,,
2025/26,Clausura,17,2026-05-14,19:00,Pachuca,UNAM,1,0,FALSE,,,
2025/26,Clausura,17,2026-05-16,19:07,Guadalajara,Cruz Azul,1,2,FALSE,,,
2025/26,Clausura,17,2026-05-17,19:00,UNAM,Pachuca,1,0,FALSE,,,
2025/26,Clausura,17,2026-05-21,20:00,Cruz Azul,UNAM,0,0,FALSE,,,
2025/26,Clausura,17,2026-05-24,19:00,UNAM,Cruz Azul,1,2,FALSE,,,
2026/27,Apertura,1,2026-07-16,19:00,Necaxa,Atlante,2,1,FALSE,,,
2026/28,Apertura,1,2026-07-16,21:10,Tijuana,UANL,3,1,FALSE,,,
2026/29,Apertura,1,2026-07-17,19:00,Atlético San Luis,Cruz Azul,2,3,FALSE,,,
2026/30,Apertura,1,2026-07-17,19:00,León,Atlas,2,3,FALSE,,,
2026/31,Apertura,1,2026-07-17,21:00,FC Juárez,Puebla,0,1,FALSE,,,
2026/32,Apertura,1,2026-07-18,17:00,UNAM,Pachuca,0,3,FALSE,,,
2026/33,Apertura,1,2026-07-18,19:05,Monterrey,Santos Laguna,3,2,FALSE,,,
2026/34,Apertura,1,2026-07-18,19:07,Guadalajara,Toluca,0,2,FALSE,,,
2026/35,Apertura,1,2026-07-18,21:10,Querétaro,América,0,1,FALSE,,,