fecha,jornada,local,visitante,pred_local,pred_visitante,xg_local,xg_visitante,prob_local,prob_empate,prob_visitante,momio_local,momio_empate,momio_visitante,resultado_local,resultado_visitante,matriz,signo_pred,prob_over05,prob_under05,prob_over15,prob_under15,prob_over25,prob_under25,total_goles,top5
2026-07-21,2,Cruz Azul,Puebla,2,0,2.448487782,0.5684474278,0.785937779,0.1493628081,0.0646480752,-367.0,570.0,1447.0,2.0,1.0,"[[0.05123563409997867, 0.025541456791549066, 0.007908831118074746, 0.0014985849020448124, 0.0002129666832344133, 2.4212072659202942e-05, 2.2938817375535363e-06, 1.8627873906231164e-07, 1.3236208759696606e-08, 8.36009869282395e-10, 4.7522765982592903e-11], [0.11757133715358054, 0.07041643181566558, 0.019364676360842457, 0.0036692668226309096, 0.0005214463218276917, 5.928296407785755e-05, 5.616541407269858e-06, 4.5610121660122095e-07, 3.240869542533204e-08, 2.0469599503933654e-09, 1.1635891186521949e-10], [0.1467329243182673, 0.08340995340526423, 0.02370708673391518, 0.004492077491668648, 0.0006383774739270846, 7.257680660644948e-05, 6.876016505807476e-06, 5.583791280537037e-07, 3.9676147386331087e-08, 2.5059782141752795e-09, 1.4245168700215455e-10], [0.11975792412650603, 0.06807608393080647, 0.019348837403271608, 0.003666265617734075, 0.0005210198150266999, 5.923447473906322e-05, 5.6119474672841354e-06, 4.557281575485859e-07, 3.238218736797011e-08, 2.045285679612932e-09, 1.162637383733583e-10], [0.07330645349905542, 0.04167086493416371, 0.011843847993435457, 0.002244201642454186, 0.00031892766279077245, 3.625872191482848e-05, 3.4351962014224063e-06, 2.78961206393786e-07, 1.9821847529523118e-08, 1.2519642492003145e-09, 7.116758571808414e-11], [0.03589799114375121, 0.020406120729579928, 0.00579990342025972, 0.0010989800602841928, 0.00015617809712357652, 1.775580751835202e-05, 1.6822071854464809e-06, 1.3660662108968782e-07, 9.706710297706279e-09, 6.130838334808426e-10, 3.485059281803694e-11], [0.014649298784376966, 0.00832735621334958, 0.002366832110010823, 0.000448473208339352, 6.373336043170131e-05, 7.245812960748451e-06, 6.864772900006964e-07, 5.5746607108274296e-08, 3.961126927550659e-09, 2.501880459150832e-10, 1.4221875117180608e-11], [0.005124089869332928, 0.0029127757061421663, 0.000827879928986931, 0.0001568687387255474, 2.2292907758486543e-05, 2.5344692147892064e-06, 2.4011875100609417e-07, 1.949926948297546e-08, 1.385538697746442e-09, 8.75117676532667e-11, 4.974583922650366e-12], [0.001568283929731616, 0.0008914869659477899, 0.00025338173636415537, 4.8011398764278635e-05, 6.822989033401777e-06, 7.757021132166187e-07, 7.349097850212151e-08, 5.967965385360737e-09, 4.2405932157858383e-10, 2.678393673272792e-11, 1.5225259942619756e-12], [0.0004266582267027399, 0.00024253277152752682, 6.893356506847096e-05, 1.3061702584550996e-05, 1.856222809285321e-06, 2.1103301627990822e-07, 1.9993529214910906e-08, 1.6236100364664814e-09, 1.1536711862656668e-10, 7.28668242647854e-12, 4.1420958826748146e-13], [0.0001044667455081625, 5.938385277686889e-05, 1.6878299182534128e-05, 3.1981419187641187e-06, 4.5449388688140534e-07, 5.167117619155357e-08, 4.895391199756037e-09, 3.9753893366789523e-10, 2.824749803774061e-11, 1.784135289101283e-12, 1.0141871159729797e-13]]",,,,,,,,,
2026-07-21,2,Toluca,UNAM,1,1,1.838858453,1.013365942,0.5635369124,0.2342581602,0.2022011012,-129.0,327.0,395.0,1.0,2.0,"[[0.06132219186480598, 0.054880824662287137, 0.02963447902461555, 0.010010190583322334, 0.0025359965523065694, 0.000513978506984733, 8.680805230918666e-05, 1.256690338488359e-05, 1.5918589856986075e-06, 1.7923729782664306e-07, 1.816329731385597e-08], [0.10252478141763706, 0.11115611774814772, 0.05449361224467902, 0.018407323566909953, 0.00466333869613319, 0.0009451337220559909, 0.00015962772074796074, 2.3108756513092597e-05, 2.927203351299452e-06, 3.2959202014100017e-07, 3.339973279381542e-08], [0.09758010688055183, 0.09888435692126618, 0.0501030197461343, 0.016924231265957712, 0.0042876098895075114, 0.0008689835668497561, 0.00014676639178835919, 2.1246866122315873e-05, 2.691356312600246e-06, 3.0303653608327787e-07, 3.070869048229673e-08], [0.05981200144968761, 0.06061144518693884, 0.030710787121373612, 0.010373755239409987, 0.0026281025623474696, 0.0005326459257089757, 8.996087336895852e-05, 1.302332645387331e-05, 1.6496744348509726e-06, 1.8574709861415176e-07, 1.8822978354527842e-08], [0.027496451109112592, 0.027863967077530822, 0.014118197621518057, 0.0047689668769615645, 0.001208177152809491, 0.00024486511569161615, 4.1356328100864045e-05, 5.987013482873685e-06, 7.583794446669468e-07, 8.539065558606573e-08, 8.653198212879106e-09], [0.010112416308045389, 0.010247578277048287, 0.005192273406539062, 0.00175389101043414, 0.0004443333539516128, 9.005445755036694e-05, 1.5209686699875741e-05, 2.201854069837939e-06, 2.7891049043033925e-07, 3.14042657605746e-08, 3.1824013352642428e-09], [0.0030992170341494216, 0.0031406409890126813, 0.0015913093070252858, 0.0005375262182644142, 0.0001361776906190047, 2.7599566744412408e-05, 4.661410158403778e-06, 6.748163279753239e-07, 8.547948547736914e-08, 9.624666590584693e-09, 9.753309325194503e-10], [0.0008141459199832657, 0.0008250277470608423, 0.0004180275100035385, 0.0001412049471405003, 3.5773071065555084e-05, 7.250242371114253e-06, 1.2245247815871462e-06, 1.7727024409892012e-07, 2.2454953485620797e-08, 2.528342787737139e-09, 2.562136470581558e-10], [0.00018713738833279141, 0.00018963865579554377, 9.608667752695975e-05, 3.2456988825892826e-05, 8.222701763326317e-06, 1.6665211834973692e-06, 2.8146596813960636e-07, 4.0746860845866804e-08, 5.161435127648567e-09, 5.811580633074997e-10, 5.889257882256339e-11], [3.823546314944824e-05, 3.874651612903192e-05, 1.9632199906528344e-05, 6.631534250053552e-06, 1.6800427379132954e-06, 3.4049961831290054e-07, 5.750845273894371e-08, 8.325301053989526e-09, 1.054572068038707e-09, 1.1874082411625135e-10, 1.2032790707443714e-11], [7.0309604603848e-06, 7.124935869511408e-06, 3.610083674248964e-06, 1.2194452809835243e-06, 3.0893607894469725e-07, 6.261306012632064e-08, 1.0574990441857798e-08, 1.5309050214092922e-09, 1.9392087612552893e-10, 2.1834756810234082e-11, 2.2126598901507818e-12]]",,,,,,,,,
2026-07-24,2,Tijuana,Leon,2,0,2.424499061,0.8997300623,0.7072136625,0.1745510591,0.1181882015,-242.0,473.0,746.0,1.0,0.0,"[[0.038633582502776924, 0.029757193312392998, 0.014571360490167854, 0.004370097027080433, 0.0009829769175800512, 0.0001768827766537173, 2.6524458608985984e-05, 3.409264685151062e-06, 3.8342724093510477e-07, 3.833122392935997e-08, 3.44877544930166e-09], [0.08464927342996725, 0.08116409833333953, 0.035328249829817485, 0.010595296139808957, 0.0023832266139214788, 0.0004288521259515107, 6.430852499814281e-05, 8.26575902876474e-06, 9.296189857119485e-07, 9.293401643400751e-08, 8.361552839357868e-09], [0.10580828617951397, 0.09519889591344054, 0.042826654274326505, 0.01284414277241451, 0.0028890653441214155, 0.0005198757883962281, 7.79579792447809e-05, 1.0020162502956043e-05, 1.1269301790980166e-06, 1.1265921780208323e-07, 1.0136288504885231e-08], [0.08551069683888829, 0.0769365445919794, 0.034611061028459, 0.010380204031506036, 0.0023348454049219496, 0.00042014612031429936, 6.300301583245459e-05, 8.09795819405839e-06, 9.107470537794437e-07, 9.104738926813301e-08, 8.191807321613786e-09], [0.05183015105357587, 0.046633145035124834, 0.02097862124325176, 0.006291698732540578, 0.0014152076231101086, 0.0002546609685744096, 3.81876881857183e-05, 4.908373009921615e-06, 5.520263442353378e-07, 5.518607745288498e-08, 4.965257290336347e-09], [0.025132430514960294, 0.022612403272331993, 0.01017252950219444, 0.0030508435341658224, 0.0006862339107461088, 0.0001234850558500788, 1.8517202831657966e-05, 2.3800691509821614e-06, 2.6767747067881634e-07, 2.6759718595922548e-08, 2.4076523278754522e-09], [0.010155592365153008, 0.009137291751132431, 0.004110548038132825, 0.0012327945474437053, 0.00027729557873576335, 4.9898233664868225e-05, 7.482490147112317e-06, 9.617459037184106e-07, 1.0816396273058792e-07, 1.0813152102604086e-08, 9.728918014658417e-10], [0.0035174605937056324, 0.00316476503902248, 0.0014237171228217538, 0.000426987031859177, 9.604326719125357e-05, 1.728260295420447e-05, 2.5916129053749883e-06, 3.3310743439202146e-07, 3.74633465861994e-08, 3.745211017445365e-09, 3.3696789419568463e-10], [0.0010660099884360497, 0.0009591212332806883, 0.00043147510347416165, 0.00012940370723955202, 2.9107101393294766e-05, 5.237706829843211e-06, 7.854203820316376e-07, 1.0095233274812862e-07, 1.1353731078777315e-08, 1.1350325745061115e-09, 1.021222928943844e-10], [0.00028717113514067693, 0.0002583765033035284, 0.00011623455370376135, 3.485990741410702e-05, 7.841126667143495e-06, 1.4109794769060777e-06, 2.1158344210409835e-07, 2.7195426220078595e-08, 3.058567815821231e-09, 3.057650457110316e-10, 2.751060036189179e-11], [6.962461475719927e-05, 6.264335897132528e-05, 2.8181056634173727e-05, 8.451781280141074e-06, 1.901080424377713e-06, 3.420918417227963e-07, 5.129838567613533e-08, 6.5935285341378436e-09, 7.415494798284748e-10, 7.413270662951289e-11, 6.669942475234064e-12]]",,,,,,,,,
2026-07-24,2,Atlante,America,1,1,0.9615814482,1.789064934,0.1968479696,0.2385091135,0.5646399597,408.0,319.0,-130.0,1.0,1.0,"[[0.06757196286368126, 0.11061178106414817, 0.10224254844760305, 0.060972852738749854, 0.027271098194064283, 0.00975795309951305, 0.0029096019534036997, 0.0007436381182097147, 0.00016630211013284236, 3.3058363747879535e-05, 5.9143559365105075e-06], [0.05774671372062373, 0.1135914688197993, 0.09831453780884117, 0.05863036404035624, 0.02622338209676941, 0.009383066673368561, 0.0027978192601799566, 0.0007150686186807237, 0.00015991302390828366, 3.178830928940447e-05, 5.687134946885591e-06], [0.02953599532303234, 0.05284181353069184, 0.04726871782504294, 0.02818893518262485, 0.012607958867289788, 0.004511291420393962, 0.0013451655480703887, 0.00034379835897395416, 7.688469856174471e-05, 1.5283524241934923e-05, 2.7343217293048295e-06], [0.009467088386058626, 0.016937235860969416, 0.015150907381014702, 0.009035319039161771, 0.004041193115687756, 0.001445991379164156, 0.0004311620786157388, 0.00011019670797585235, 2.464363326371166e-05, 4.8987844582991625e-06, 8.764243494805603e-07], [0.002275844140240184, 0.004071632947128424, 0.003642207865427922, 0.002172048791765611, 0.0009714840822085038, 0.0003476096211327996, 0.00010364936399626535, 2.6490777511903258e-05, 5.924215140954843e-06, 1.17764506351687e-06, 2.106883488133937e-07], [0.00043768190087190413, 0.0007830413412070334, 0.0007004559028118925, 0.00041772036457038116, 0.00018683221414404107, 6.685099258278276e-05, 1.9933461108308417e-05, 5.0946080410237865e-06, 1.1393230749947507e-06, 2.2648032913979818e-07, 4.051880151620444e-08], [7.014446601874434e-05, 0.00012549300448602257, 0.00011225756690998611, 6.694535885439782e-05, 2.9942398509343325e-05, 1.0713779044097889e-05, 3.1946077335213317e-06, 8.164800963908316e-07, 1.8259198874602285e-07, 3.629654714899907e-08, 6.493687973872749e-09], [9.635659602986639e-06, 1.7238820714099647e-05, 1.542068482373324e-05, 9.196202160101815e-06, 4.1131507032345005e-06, 1.4717387384908176e-06, 4.3883936156922836e-07, 1.121588733647702e-07, 2.5082438425276333e-08, 4.986012339135217e-09, 8.920299837698571e-10], [1.1581839394834185e-06, 2.0720662735445503e-06, 1.853530555723212e-06, 1.105362173936834e-06, 4.943911762599584e-07, 1.7689958345013731e-07, 5.27474736057612e-08, 1.348123648549891e-08, 3.014850933321944e-09, 5.993071207561803e-10, 1.0721993545928873e-10], [1.2374313220737386e-07, 2.2138449868682077e-07, 1.9803562179386296e-07, 1.180995288947832e-07, 5.2821931474357975e-08, 1.8900373072055624e-08, 5.635665784585091e-09, 1.440367433767067e-09, 3.221138585240439e-10, 6.403140101358167e-11, 1.1455633424447782e-11], [1.1898910027874517e-08, 2.1287922686699298e-08, 1.9042738000929178e-08, 1.1356231603208545e-08, 5.079258936638465e-09, 1.8174248111060077e-09, 5.419151666984621e-10, 1.3850306029713976e-10, 3.0973871058039234e-11, 6.1571407320006365e-12, 1.1015524578881923e-12]]",,,,,,,,,
2026-07-25,2,Guadalajara,FC Juárez,2,0,2.474192357,0.9777389709,0.6983509811,0.1743669274,0.1272258129,-232.0,474.0,686.0,1.0,0.0,"[[0.03425457800469683, 0.028408863617568347, 0.015144715806262149, 0.004935859615474434, 0.0012064955751892221, 0.00023592754840719005, 3.84459263963022e-05, 5.370011501226405e-06, 6.563086898412681e-07, 7.129984255262998e-08, 6.9712634680083155e-09], [0.07582306781105287, 0.07921834051731504, 0.03747094009757486, 0.012212266136087306, 0.0029851021309499457, 0.0005837301370870298, 9.512261724950558e-05, 1.328644141361444e-05, 1.6238339442719225e-06, 1.7640952550271125e-07, 1.724824679154035e-08], [0.09698000422807423, 0.09482112952822067, 0.04635515680048213, 0.015107747768094653, 0.003692858438707647, 0.0007221303218807542, 0.00011767582629074356, 1.643660589899045e-05, 2.0088387670194062e-06, 2.1823554985496832e-07, 2.1337740192085885e-08], [0.0799823950826497, 0.07820190465524632, 0.038230524888563, 0.012459824686695216, 0.0030456140415748576, 0.0005955631077308976, 9.705087667276962e-05, 1.3555774897051375e-05, 1.6567511746362351e-06, 1.7998557649605066e-07, 1.759789123333838e-08], [0.04947295765304662, 0.04837163870122531, 0.023647418121339955, 0.007707000752506549, 0.0018838587460485116, 0.00036838442232244576, 6.003063432723498e-05, 8.384898661049668e-06, 1.0247802734553764e-06, 1.1132973443652104e-07, 1.0885141997438516e-08], [0.024481122741182724, 0.023936147754528212, 0.01170165223596535, 0.003813720471528782, 0.0009322057822476701, 0.00018229078443342508, 2.9705467328282833e-05, 4.149170436364535e-06, 5.071007040481422e-07, 5.5090235611088635e-08, 5.3863870270971145e-09], [0.01009516779638007, 0.009870438971919238, 0.004825356421183858, 0.0015726463404313934, 0.0003844094036061077, 7.517041093435848e-05, 1.2249506704381376e-05, 1.7109742969597105e-06, 2.0911078103524695e-07, 2.271730664952273e-08, 2.2211596024277417e-09], [0.0035681981435655235, 0.0034887663807240646, 0.0017055514253348219, 0.0005558613651201115, 0.00013587182976872262, 2.6569436601461442e-05, 4.3296622665192485e-06, 6.047542183785331e-07, 7.391147088779042e-08, 8.029569497864337e-09, 7.850823017312648e-10], [0.001103551071907014, 0.001078984889340828, 0.0005274827876402698, 0.00017191349264506745, 4.202163034405148e-05, 8.217237121313412e-06, 1.3390521610546677e-06, 1.8703478312587244e-07, 2.2858899546128123e-08, 2.4833374352539888e-09, 2.4280557882501276e-10], [0.0003033775141920687, 0.00029662401850904705, 0.00014501043129510176, 4.726078328627789e-05, 1.1552177403122976e-05, 2.259002809070634e-06, 3.6811918028612337e-07, 5.141778121254094e-08, 6.2841460608493675e-09, 6.826949446984396e-10, 6.67497452642641e-11], [7.506143269153795e-05, 7.339048795130652e-05, 3.587837008031207e-05, 1.169322687951885e-05, 2.858230903811296e-06, 5.589207484761028e-07, 9.10797662348087e-08, 1.2721748129262856e-08, 1.5548186154350455e-09, 1.689118614370756e-10, 1.651517095679944e-11]]",,,,,,,,,
2026-07-25,2,Santos Laguna,Atlas,1,1,1.367233615,1.406316596,0.3600049653,0.262190364,0.3778041507,178.0,281.0,165.0,0.0,1.0,"[[0.06646573838782421, 0.08378451544723609, 0.061744553758999024, 0.028944130221965264, 0.010176152672218263, 0.0028621784773400234, 0.0006708548489150093, 0.00013477632965114197, 2.369227364259202e-05, 3.702093069035387e-06, 5.206314923041035e-07], [0.08134417662352515, 0.12408302109136488, 0.08441922944630519, 0.03957338779820236, 0.013913178005459631, 0.003913266626526202, 0.0009172153002639285, 0.00018427072841371636, 3.2392872941398824e-05, 5.061626090073163e-06, 7.118248773380543e-07], [0.058360352629176375, 0.08207313245271454, 0.05771040412830942, 0.02705303302979299, 0.009511282330702722, 0.002675174838243415, 0.0006270237953850067, 0.00012597056707959516, 2.2144312386956103e-05, 3.4602126686113906e-06, 4.866154501669803e-07], [0.02659741196716031, 0.03740438186092863, 0.02630120148767883, 0.01232927204923837, 0.0043347149749606165, 0.0012191963216714669, 0.0002857626701647093, 5.741039793988098e-05, 1.009214942595995e-05, 1.5769730252629412e-06, 2.2177233369227164e-07], [0.009091218928788357, 0.012785132057719072, 0.00898997169761818, 0.0042142487987407076, 0.0014816420063696783, 0.0004167315485872878, 9.767608214476509e-05, 1.9623356479372613e-05, 3.449581485850233e-06, 5.390226325463705e-07, 7.580364737870421e-08], [0.002485964024265448, 0.003496052464464021, 0.0024582783006878843, 0.001152372523974576, 0.00040515015131930123, 0.00011395387633707524, 2.6709204579175694e-05, 5.365942523788524e-06, 9.432767530699807e-07, 1.473939724993203e-07, 2.0728258968093922e-08], [0.0005664822633017468, 0.0007966534082392491, 0.0005601734546463203, 0.00026259374197531, 9.232248433853286e-05, 2.5966928382444236e-05, 6.086287055369404e-06, 1.222749499169033e-06, 2.1494661418396635e-07, 3.3586998976432e-08, 4.723395407148e-09], [0.00011064479896036302, 0.00015560161704262826, 0.000109412568208264, 5.128957016193665e-05, 1.803234343052508e-05, 5.071836766340689e-06, 1.1887680361453797e-06, 2.388263168663008e-07, 4.1983176622296785e-08, 6.560182004232891e-09, 9.225692825545893e-10], [1.890966105879794e-05, 2.6592970172335374e-05, 1.869906764557508e-05, 8.765603053434987e-06, 3.0818032620695016e-06, 8.667982146310328e-07, 2.031654524411478e-07, 4.08164210726314e-08, 7.175101293136073e-09, 1.121162669638988e-09, 1.5767096691653143e-10], [2.8726582498907975e-06, 4.039866971550852e-06, 2.840665983927583e-06, 1.3316252389940338e-06, 4.6817166832323413e-07, 1.3167951739102918e-07, 3.086384844409051e-08, 6.2006203263362314e-09, 1.0900044088278186e-09, 1.7032125443145126e-10, 2.395256067640091e-11], [3.927594923835819e-07, 5.523441923882968e-07, 3.883854022388908e-07, 1.8206427894175872e-07, 6.401000425511741e-08, 1.800366625921538e-08, 4.219809108293896e-09, 8.477696544403485e-10, 1.490290668315156e-10, 2.3286894441820454e-11, 3.274874612358706e-12]]",,,,,,,,,
2026-07-25,2,UANL,Atlético San Luis,2,0,2.338817803,0.9881150627,0.6721361873,0.1866411465,0.1411884279,-205.0,436.0,608.0,2.0,2.0,"[[0.03868532744035848, 0.032694078708918446, 0.017527358045168383, 0.0057730154977486585, 0.0014261008925886003, 0.0002818303545708653, 4.641346974486286e-05, 6.551692652241476e-06, 8.092282744582487e-07, 8.884562745898596e-08, 8.778970274461607e-09], [0.08118843464460457, 0.0857549912261869, 0.04099329703591306, 0.013502031423234199, 0.0033353901564862802, 0.0006591498507012549, 0.00010855264933912911, 1.5323215414965507e-05, 1.8926374950086027e-06, 2.077937352213938e-07, 2.0532411970077863e-08], [0.0981960913265816, 0.0970290369351416, 0.047937926456002124, 0.015789395734785255, 0.0039004349390007876, 0.0007708157028384223, 0.0001269424344195703, 1.791910450600167e-05, 2.213267133992889e-06, 2.429958436457168e-07, 2.4010785327260444e-08], [0.07655425552713474, 0.0756444129978713, 0.037372691945024024, 0.012309506614471482, 0.003040802224949672, 0.0006009324962148142, 9.896507519298458e-05, 1.3969840210926427e-05, 1.7254761919391683e-06, 1.8944100172600492e-07, 1.8718950729281158e-08], [0.04476161393091566, 0.04422962495456956, 0.021851979316933716, 0.0071974233040738664, 0.0017779705947923669, 0.0003513679051398348, 5.786531993459533e-05, 8.168227747658357e-06, 1.0088936090978183e-06, 1.1076699686459267e-07, 1.0945053804865546e-08], [0.020937851910690076, 0.020689006852912542, 0.010221559651525753, 0.003366692351885122, 0.000831669856068628, 0.00016435710239004697, 2.7067288088074416e-05, 3.8207992950660275e-06, 4.7192366686184053e-07, 5.1812764850752785e-08, 5.1196973387621955e-09], [0.008161636800946555, 0.008064636259059359, 0.003984394281266721, 0.0013123466683123226, 0.0003241873776011402, 6.406688618705286e-05, 1.0550909209968213e-05, 1.4893589021765973e-06, 1.8395724562034573e-07, 2.0196769476088855e-08, 1.9956732136602693e-09], [0.0027269402074031174, 0.0026945306939362345, 0.0013312531827528963, 0.00043847710736862885, 0.00010831645860675871, 2.1405824856888026e-05, 3.5252363283288163e-06, 4.976198736420255e-07, 6.146321157872077e-08, 6.748080573447138e-09, 6.667880058735803e-10], [0.0007972270381050496, 0.0007877520447196118, 0.0003891948305183798, 0.00012818975811620584, 3.166655771867062e-05, 6.25804053294725e-06, 1.0306106855677182e-06, 1.4548027745120095e-07, 1.796890668387287e-08, 1.9728163726723802e-09, 1.9493695737201191e-10], [0.00020717430997416804, 0.00020471205628379684, 0.00010113953316211279, 3.3312498716307945e-05, 8.229145439192045e-06, 1.6262685122740187e-06, 2.6782340215405685e-07, 3.7805762543431945e-08, 4.669555428112616e-09, 5.126731171657596e-10, 5.065800292976112e-11], [4.8454296449558214e-05, 4.787842017289948e-05, 2.365469407484926e-05, 7.791186506071985e-06, 1.9246471856807855e-06, 3.8035457489942936e-07, 6.263901410227941e-08, 8.842079049325486e-09, 1.0921239367449764e-09, 1.1990490135560815e-10, 1.1847983911747024e-11]]",,,,,,,,,
2026-07-26,2,Necaxa,Monterrey,1,1,1.606349697,1.442254934,0.4121435721,0.2472918088,0.3405631772,143.0,304.0,194.0,2.0,1.0,"[[0.05110934663557066, 0.06471472472848185, 0.0493244103593339, 0.023712791401478625, 0.00854997259906878, 0.0024662480332119366, 0.0005928263990366666, 0.00012214382842579702, 2.2020317399679957e-05, 3.528767935179523e-06, 5.089382965242306e-07], [0.07249692768338659, 0.11355703427398868, 0.07923225164241358, 0.03809103528615172, 0.013734245895084773, 0.003961656781226539, 0.0009522865065502098, 0.00019620570179951832, 3.537233018594208e-05, 5.6684353039593e-06, 8.175328784855584e-07], [0.06118684034350482, 0.08824702237762547, 0.06363735171482672, 0.030593761497863598, 0.011031000867020174, 0.0031819030853514917, 0.0007648525706945731, 0.00015758748483157465, 2.841016594069379e-05, 4.552744666891437e-06, 6.566218458793677e-07], [0.03276248748495075, 0.04725185922332126, 0.034074613551339235, 0.016381426505507155, 0.00590654830063624, 0.0017037496858296362, 0.00040954023176444993, 8.4380202844179e-05, 1.5212220484860525e-05, 2.4377666722749918e-06, 3.51588101088336e-07], [0.01315700296226561, 0.01897575243819219, 0.013683936289604359, 0.006578574876467991, 0.0023719955184700998, 0.0006842044479594654, 0.000164466206815551, 3.3886028320877504e-05, 6.109036442177472e-06, 9.789764389278227e-07, 1.4119335992547669e-07], [0.004226949544745812, 0.006096338836425539, 0.004396237382902715, 0.0021134983520877952, 0.0007620508565432278, 0.00021981432155255122, 5.283804830164403e-05, 1.0886562266115971e-05, 1.962649767743994e-06, 3.1451570123613215e-07, 4.536118219094438e-08], [0.0011316598535060123, 0.001632142007260986, 0.0011769824314315342, 0.0005658362396309848, 0.0002040200271024763, 5.884977814222822e-05, 1.4146063814484885e-05, 2.914604333181777e-06, 5.254503100018291e-07, 8.420370023783325e-08, 1.2144320212402866e-08], [0.00025969163756384443, 0.0003745415455794409, 0.0002700921960387512, 0.0001298472674518692, 4.6818215535274807e-05, 1.3504760470804304e-05, 3.2462179034494714e-06, 6.688391125563872e-07, 1.205795637620715e-07, 1.932294119646599e-08, 2.7868607278837603e-09], [5.214444791886717e-05, 7.520558728856917e-05, 5.423281466340117e-05, 2.6072514843249915e-05, 9.400803293225976e-06, 2.7116709865311166e-06, 6.5182014325779e-07, 1.3429868823644216e-07, 2.4211618216336615e-08, 3.879925092353973e-09, 5.595841107765539e-10], [9.306913124677618e-06, 1.342294137381824e-05, 9.679651712189084e-06, 4.653508480242172e-06, 1.6778863914403518e-06, 4.839879853291623e-07, 1.163390099681194e-07, 2.3970073019461074e-08, 4.321369509902797e-09, 6.925018330039633e-10, 9.987641854125332e-11], [1.4950157079150831e-06, 2.156193781058492e-06, 1.5548905596312933e-06, 7.475161937883758e-07, 2.695272296728538e-07, 7.774539536537644e-08, 1.8688113342806414e-08, 3.850431953527786e-09, 6.941630603470118e-10, 1.11240010971605e-10, 1.604364546753488e-11]]",,,,,,,,,
2026-07-26,2,Pachuca,Querétaro,1,0,1.575268801,0.5302442088,0.6275391172,0.2536474085,0.1188125912,-168.0,294.0,742.0,1.0,2.0,"[[0.12519418539783367, 0.06116382399815708, 0.017120214061599547, 0.003025964786778709, 0.0004011250760889681, 4.253884972367251e-05, 3.7593297861451476e-06, 2.847661211769939e-07, 1.887444832864066e-08, 1.1120074357100814e-09, 5.896355029769546e-11], [0.1884302443806688, 0.10513371364395706, 0.026968939078290798, 0.004766707921645206, 0.0006318798176760308, 6.701012280164828e-05, 5.9219549249187374e-06, 4.4858318628207587e-07, 2.9732329588868426e-08, 1.7517106199938257e-09, 9.28834411822601e-11], [0.15110076597971206, 0.08012030611266442, 0.021241664163532268, 0.003754423136308758, 0.0004976902813945954, 5.2779477901504446e-05, 4.66433541718216e-06, 3.533195490096745e-07, 2.3418205591727824e-08, 1.3797075440596064e-09, 7.315819351362537e-11], [0.07934144082014667, 0.042070339516237266, 0.01115377694629697, 0.0019714085441712888, 0.00026133199095319825, 2.7713954957731405e-05, 2.4491940200843294e-06, 1.8552442078365048e-07, 1.2296656214963031e-08, 7.244700829035716e-10, 3.841460659404929e-11], [0.03124602408829975, 0.01656802332222719, 0.004392549209303271, 0.0007763745934320701, 0.00010291703301528056, 1.0914232149555876e-05, 9.645347318805243e-07, 7.306270797267688e-08, 4.842634723123313e-09, 2.853087797204395e-10, 1.5128332817916723e-11], [0.009844177380541844, 0.005219818046867339, 0.001383889145285914, 0.0002445997349900666, 3.242439824082696e-05, 3.4385698784912823e-06, 3.0388029412934897e-07, 2.301868087770835e-08, 1.5256902788296829e-09, 8.98876038710363e-11, 4.766238139949808e-12], [0.0025845375832381843, 0.0013704360860522214, 0.0003633328991101482, 6.421838854524284e-05, 8.512857156855365e-06, 9.027786416280839e-07, 7.978219109858692e-08, 6.043434971275249e-09, 4.00562049380648e-10, 2.359952299631685e-11, 1.2513510400282423e-12], [0.000581620202854196, 0.000308400744310224, 8.176385433686792e-05, 1.4451603418301531e-05, 1.9157197552668432e-06, 2.0315986119973257e-07, 1.7954056645124818e-08, 1.3600049373340148e-09, 9.014184275260918e-11, 5.310798899346136e-12, 2.816020360714415e-13], [0.0001145260199510351, 6.072675884101121e-05, 1.610000609866213e-05, 2.845644998723943e-06, 3.7722169524995497e-07, 4.000392387133571e-08, 3.535308160636643e-09, 2.6779666837960136e-10, 1.7749704069506617e-11, 1.04574197683935e-12, 5.5449862716434607e-14], [2.004547401507338e-05, 1.0628996510029473e-05, 2.817981922634149e-06, 4.980728650347966e-07, 6.602506306678442e-08, 7.001881465947041e-09, 6.18784516388655e-10, 4.6872415191077326e-11, 3.106728338701177e-12, 1.830360788942723e-13, 9.705382084323714e-15], [3.1577009817917267e-06, 1.674352658856695e-06, 4.4390790046082204e-07, 7.845986449317886e-08, 1.040072219355211e-08, 1.1029845421856606e-09, 9.747519432310225e-11, 7.38366532796967e-12, 4.893932225249489e-13, 2.883310245460592e-14, 1.5288585599566144e-15]]",,,,,,,,,
2026-07-31,3,Puebla,Guadalajara,0,1,0.8426295219,1.573657908,0.2004368969,0.2537980998,0.5457641271,399.0,294.0,-120.0,1.0,1.0,"[[0.08959092794997746, 0.14011411093466777, 0.11051223544187111, 0.05796948442599415, 0.022806034403198488, 0.007177779279563821, 0.0018825615213383356, 0.00042321540372888984, 8.324953337929462e-05, 1.4556254063652899e-05, 2.290656432393636e-06], [0.0748681031460164, 0.11868814395722428, 0.09312087211922354, 0.04884679894915104, 0.019217037866580158, 0.006048208722950417, 0.0015863019147533942, 0.00035661379332294004, 7.014851451336337e-05, 1.2265529402935036e-05, 1.9301747345632466e-06], [0.031685681192008805, 0.049862422790822626, 0.039233197978362985, 0.020579877423481708, 0.00809642171533739, 0.002548199612415252, 0.0006683324120428688, 0.0001502466550929741, 2.9554604624699495e-05, 5.167648588585782e-06, 8.132111069256329e-07], [0.00889976346508569, 0.014005183159714978, 0.011019683618932867, 0.005780404091663861, 0.002274094653147582, 0.0007157294070748371, 0.00018771887361953947, 4.220075571817015e-05, 8.301194122040515e-06, 1.4514710865896223e-06, 2.2841189542246373e-07], [0.0018748008584974806, 0.002950295197648299, 0.002321377684945815, 0.001217684784098856, 0.0004790548226086553, 0.0001507736820309839, 3.954436618442242e-05, 8.88990065410756e-06, 1.7487078086525246e-06, 3.0576309695173386e-07, 4.81166515614748e-08], [0.0003159525102267689, 0.0004972011663969559, 0.0003912122737829552, 0.00020521142950046914, 8.073314723183308e-05, 2.5409271122267337e-05, 6.66425007470286e-06, 1.4981785476580812e-06, 2.947025649645338e-07, 5.152900244244318e-08, 8.108902220547589e-09], [4.437181877483956e-05, 6.982606352508544e-05, 5.494116853932021e-05, 2.8819534789532787e-05, 1.1338022209484034e-05, 3.5684336631122207e-06, 9.359156424257863e-07, 2.1040157889970287e-07, 4.1387513571901274e-08, 7.236643115711623e-09, 1.138800066930271e-09], [5.341286348854205e-06, 8.405357503899477e-06, 6.6135786544672746e-06, 3.469170117474341e-06, 1.3648217477364795e-06, 4.2955250737616465e-07, 1.1266145005087278e-07, 2.532722597775501e-08, 4.982048682213697e-09, 8.711155898661946e-10, 1.3708379371228302e-10], [5.625906953368853e-07, 8.853252969087332e-07, 6.965995774931794e-07, 3.6540314470324376e-07, 1.437548871040555e-07, 4.52442029924682e-08, 1.1866482974719908e-08, 2.6676835397218937e-09, 5.247526624237391e-10, 9.175346413074336e-11, 1.443885644523728e-11], [5.267283651791513e-08, 8.288902574423897e-08, 6.521948544096612e-08, 3.421105301530244e-08, 1.3459123533049334e-08, 4.2360112375811596e-09, 1.1110054306812943e-09, 2.4976321175230763e-10, 4.913023167515251e-11, 8.590464179676904e-12, 1.3518451893169186e-12], [4.43836870544665e-09, 6.984474013717946e-09, 5.495586383848215e-09, 2.8827243247446943e-09, 1.1341054828423577e-09, 3.5693881240676955e-10, 9.361659749309267e-11, 2.104578557177662e-11, 4.139858362937688e-12, 7.238578724988616e-13, 1.139104665614902e-13]]",-1.0,,,,,,,,
2026-07-31,3,FC Juárez,UNAM,1,1,1.322181231,1.815621857,0.279612288,0.230027961,0.4903562019,258.0,335.0,104.0,1.0,5.0,"[[0.043675888259228905, 0.07846013112680884, 0.07149739891945578, 0.04327074672486932, 0.019640828377236446, 0.007132063457039343, 0.002158188382649447, 0.0005597791426273673, 0.00012704340578414047, 2.562919825443908e-05, 4.653293252018637e-06], [0.05705566813889899, 0.1044302843279773, 0.09453251891990526, 0.057211769172962716, 0.02596873464257557, 0.009429880441525698, 0.002853516172600388, 0.0007401294759128663, 0.00016797440665593764, 3.388644489877348e-05, 6.152497000371543e-06], [0.03791590389206569, 0.06884094382257074, 0.062494561119694696, 0.03782216369771062, 0.01716768676921233, 0.0062340054653960125, 0.0018864327629490713, 0.0004892926507979121, 0.00011104630388827542, 2.2402010716014552e-05, 4.067358028978702e-06], [0.016710565494743045, 0.030340067949895883, 0.027543045251636884, 0.01666925165288609, 0.007566264408909142, 0.002747495006861372, 0.0008314019976004353, 0.00021564451979123035, 4.894111292603206e-05, 9.873172702134459e-06, 1.7925948152864838e-06], [0.005523599014328091, 0.010028767098002336, 0.00910422436939049, 0.005509942917756674, 0.002500993197647552, 0.0009081715826161025, 0.0002748160291703393, 7.128028416146729e-05, 1.617725523432427e-05, 3.2635309094092088e-06, 5.925338049104916e-07], [0.001460639788913638, 0.0026519695255018535, 0.0024074869168877458, 0.0014570286219984226, 0.0006613532529806084, 0.0002401534842208509, 7.267131915191659e-05, 1.8849090772381963e-05, 4.277852648132493e-06, 8.629958630717973e-07, 1.5668741512257202e-07], [0.00032187175237007395, 0.0005843973886540377, 0.0005305223359162525, 0.00032107598285049526, 0.00014573814303035082, 5.292107156784741e-05, 1.601410903633498e-05, 4.153652340253952e-06, 9.426827467567904e-07, 1.9017282210396327e-07, 3.452819323602679e-08], [6.079611282679469e-05, 0.00011038275125008574, 0.0001002066678855847, 6.0645805466362505e-05, 2.7527462480315935e-05, 9.995892507692033e-06, 3.0247934856806463e-06, 7.845544520819459e-07, 1.7805677637037368e-07, 3.5920419434412796e-08, 6.5217898626571914e-09], [1.0047934912517041e-05, 1.824325024175885e-05, 1.656142193799615e-05, 1.0023093216160606e-05, 4.5495367787242145e-06, 1.6520476826528322e-06, 4.999156468196039e-07, 1.296653964095303e-07, 2.9427915972180464e-08, 5.936663048434585e-09, 1.0778735186538379e-09], [1.4761323280111994e-06, 2.680098118103001e-06, 2.433022360650024e-06, 1.4724828586034415e-06, 6.68368015420239e-07, 2.427007154218264e-07, 7.344212059233865e-08, 1.9049017049867393e-08, 4.323226463023631e-09, 8.721493841871008e-10, 1.5834934842283334e-10], [1.9517144586364842e-07, 3.5435754291172015e-07, 3.216896499966428e-07, 1.9468891986822706e-07, 8.837036454200306e-08, 3.208943306921488e-08, 9.71037934153991e-09, 2.5186252813207834e-09, 5.716088886970756e-10, 1.1531395464404166e-10, 2.093665364330165e-11]]",-1.0,,,,,,,,
2026-07-31,3,Atlético San Luis,Tijuana,1,1,1.323944262,1.435361985,0.3469888039,0.2551871768,0.397823495,188.0,292.0,151.0,0.0,0.0,"[[0.06368001100279713, 0.09056532663676346, 0.0652441243806314, 0.031216311953191668, 0.01120167686986682, 0.0032156922287312063, 0.0007692803965909855, 0.00015774226240355388, 2.830215585389947e-05, 4.513759844125013e-06, 6.478879288224079e-07], [0.08350860805047222, 0.12070362172958207, 0.08637958413336648, 0.04132865710578241, 0.014830395821860248, 0.00425739727608575, 0.0010184843672943395, 0.0002088419632576191, 3.747047685819369e-05, 5.975966447779531e-06, 8.577675060855209e-07], [0.055508300540884764, 0.07967450443047885, 0.057180877403792435, 0.027358419225316285, 0.009817308729227111, 0.002818278348356427, 0.0006742082672454171, 0.00013824755950854836, 2.4804411424138578e-05, 3.955923245614042e-06, 5.67818184105923e-07], [0.024496632006784157, 0.03516153433518944, 0.025234764853844252, 0.0120736740545006, 0.004332523188306444, 0.00124374781644638, 0.0002975380557089439, 6.101068773709791e-05, 1.0946552729612907e-05, 1.7458072945957603e-06, 2.505865423236664e-07], [0.008108043848781794, 0.011637977910645378, 0.008352355535732553, 0.0039962178728357, 0.001434004804289995, 0.00041166319638475486, 9.848095043029942e-05, 2.0193687494661563e-05, 3.623156420038616e-06, 5.778378877629135e-07, 8.294065374016393e-08], [0.002146919626683766, 0.003081606816301409, 0.0022116106379221436, 0.0010581539448611225, 0.0003797084865977342, 0.0001090038253844166, 2.6076657856882168e-05, 5.34706333931843e-06, 9.593714308655235e-07, 1.5300503122785673e-07, 2.1961760528896764e-08], [0.00047373365362066546, 0.0006799792772698175, 0.00048800820248102967, 0.00023348947401747198, 8.378547870679741e-05, 2.4052498200760515e-05, 5.754006925652105e-06, 1.1798689715223099e-06, 2.1169238357806232e-07, 3.376168887042979e-08, 4.846024474314828e-09], [8.959956466403118e-05, 0.0001286078089624673, 9.22993799587415e-05, 4.416100706738244e-05, 1.5846757687406615e-05, 4.549166712982126e-06, 1.088283493629677e-06, 2.2315439361554698e-07, 4.003841666370919e-08, 6.38551346731052e-09, 9.165523283628255e-10], [1.48281036945514e-05, 2.128369634802558e-05, 1.5274904315695172e-05, 7.308338991448653e-06, 2.622527989866719e-06, 7.528553960818498e-07, 1.80103335915957e-07, 3.693049738392776e-08, 6.626079002518488e-09, 1.0567579897432826e-09, 1.5168302454824714e-10], [2.18128697885054e-06, 3.130936407115645e-06, 2.2470135476093864e-06, 1.0750926084318108e-06, 3.8578676503788903e-07, 1.1074873134547409e-07, 2.649408647077222e-08, 5.432657791274816e-09, 9.747288086702185e-10, 1.5545429748176786e-10, 2.231331889601869e-11], [2.887902380441344e-07, 4.145185292347211e-07, 2.9749206940412073e-07, 1.4233626905530872e-07, 5.107601741072986e-08, 1.4662514744024797e-08, 3.5076693772261527e-09, 7.192536112700441e-10, 1.2904866136994234e-10, 2.0581282522669614e-11, 2.9541590528961975e-12]]",-1.0,,,,,,,,
2026-08-01,3,Querétaro,UANL,1,1,1.066991881,1.298178321,0.305000764,0.2774140632,0.4175850183,228.0,260.0,139.0,3.0,2.0,"[[0.09430552808852027, 0.12156997173925926, 0.07915135274120047, 0.03425085673866483, 0.011115929924485358, 0.002886091849412485, 0.0006244436452783485, 0.00011580560043740884, 1.8792039994024503e-05, 2.7106021033192874e-06, 3.518844887712941e-07], [0.09985386386063184, 0.1304835417310838, 0.08445385073353637, 0.03654538605247678, 0.011860606977576947, 0.0030794365707243775, 0.0006662762995633815, 0.00012356363542423199, 2.00509540983231e-05, 2.892190436469663e-06, 3.754578925177179e-07], [0.05347020711249413, 0.06941386369926736, 0.04505578651980386, 0.019496815100348754, 0.006327585673542283, 0.001642866909285152, 0.0003554557010200592, 6.592069788327994e-05, 1.0697102613151658e-05, 1.5429718567995363e-06, 2.0030526145963233e-07], [0.019017425618885524, 0.024688009661960334, 0.01602471946738617, 0.00693431447153322, 0.0022504941796942855, 0.0005843085511774332, 0.00012642278233065314, 2.3445616473914275e-05, 3.804573878967879e-06, 5.487794811975275e-07, 7.124136255664281e-08], [0.0050728596825278, 0.006585476465944221, 0.004274561391169282, 0.0018497143101049972, 0.0006003147544112046, 0.00015586312000509026, 3.37230205754706e-05, 6.254070604825604e-06, 1.0148623597427585e-06, 1.4638581270436976e-07, 1.9003488857243014e-08], [0.0010825400187945788, 0.0014053299841445884, 0.000912184459718617, 0.0003947260301565993, 0.00012810619378282145, 3.3260936714026186e-05, 7.196437830385398e-06, 1.3346085115283357e-06, 2.1656997960613626e-07, 3.123849472557922e-08, 4.055313663718647e-09], [0.00019251023512570562, 0.0002499126138340168, 0.00016221556872694995, 7.0194911556524e-05, 2.2781378108913995e-05, 5.914858237248624e-06, 1.2797567893496091e-06, 2.3733607432007716e-07, 3.851306831277335e-08, 5.555203373719828e-09, 7.211644589178979e-10], [2.9343836837225573e-05, 3.809353284058575e-05, 2.4726099254271655e-05, 1.0699628672590405e-05, 3.4725064966992596e-06, 9.015865307930709e-07, 1.9507001481497954e-07, 3.617652347621099e-08, 5.87044731379085e-09, 8.467652708937607e-10, 1.0992523177520738e-10], [3.913704457306013e-06, 5.080686281747654e-06, 3.2978183936897674e-06, 1.4270521152269173e-06, 4.631420297742132e-07, 1.2024818853053324e-07, 2.601726525072644e-08, 4.82500710333384e-09, 7.829649526000991e-10, 1.1293645862918376e-10, 1.4661166225653742e-11], [4.639878755567577e-07, 6.023390013105767e-07, 3.9097171673340585e-07, 1.6918366894486798e-07, 5.490764282796721e-08, 1.4255982316619794e-08, 3.0844678649523607e-09, 5.720270449248911e-10, 9.282413860202017e-11, 1.3389142712203877e-11, 1.7381494807372653e-12], [4.95071296034134e-08, 6.426908239205821e-08, 4.1716364739841204e-08, 1.8051760113740277e-08, 5.858600909431704e-09, 1.5211017385443114e-09, 3.2911021686617503e-10, 6.103482125642305e-11, 9.904260223569739e-12, 1.4286106565527932e-12, 1.8545913836586722e-13]]",-1.0,,,,,,,,
2026-08-01,3,Leon,Pachuca,1,1,1.008977702,1.747689704,0.2168970245,0.2363068642,0.5467937324,361.0,323.0,-121.0,1.0,0.0,"[[0.06382339342799073, 0.11066327225956644, 0.09698246470292027, 0.05649841833867124, 0.02468542600368185, 0.00862849297239402, 0.0025133213879432507, 0.0006275008445990241, 0.00013708459565844706, 2.6620148487747976e-05, 4.652375942719388e-06], [0.0637528099979275, 0.1123003449251362, 0.09785314434134064, 0.05700564428514645, 0.024907044394727868, 0.008705957008437336, 0.0025358852376452757, 0.0006331343599995407, 0.00013831530026619772, 2.685913624013195e-05, 4.694143586138339e-06], [0.03232419355472838, 0.0564926602610946, 0.04936582034091636, 0.0287587119774323, 0.012565326204790183, 0.00439205824674444, 0.0012793258294295864, 0.00031940922571042826, 6.97785268864e-05, 1.3550134776633624e-05, 2.3681431035003496e-06], [0.010871463507406014, 0.018999944837755647, 0.016603003983402656, 0.009672299704965762, 0.00422604465174806, 0.0014771629451803983, 0.0004302704117019247, 0.00010742559548656652, 2.3468325895328633e-05, 4.55726128155971e-06, 7.964678619570161e-07], [0.0027422660659597187, 0.004792630168715515, 0.004188015200130382, 0.002439783681622142, 0.001065996205002618, 0.00037260611836684144, 0.00010853331277733731, 2.7097507609499158e-05, 5.919754381165117e-06, 1.149543753480822e-06, 2.0090457820920913e-07], [0.0005533770625374444, 0.0009671313945475795, 0.0008451227902640576, 0.0004923374663465948, 0.00021511328018930352, 7.519025298997035e-05, 2.1901538496834837e-05, 5.468156189936587e-06, 1.1945800340295786e-06, 2.3197280287857725e-07, 4.054164791658457e-08], [9.30575194555989e-05, 0.00016263566861906585, 0.00014211834176275787, 8.279292087602275e-05, 3.617408384182764e-05, 1.2644214775367773e-05, 3.6830273293787767e-06, 9.195412775115627e-07, 2.0088410287236205e-07, 3.900923091763012e-08, 6.817603123014028e-09], [1.3413280300913194e-05, 2.3442251876860135e-05, 2.0484891120210882e-05, 1.1933744431811251e-05, 5.214120567985714e-06, 1.822532966268014e-06, 5.308703500145681e-07, 1.325423778290955e-07, 2.8955368632086993e-08, 5.622777736632873e-09, 9.82687075739223e-10], [1.6917125912873876e-06, 2.9565886776789974e-06, 2.5835997952605684e-06, 1.5051102536883829e-06, 6.576164233853702e-07, 2.298618904476366e-07, 6.695454320742444e-08, 1.6716537970013623e-08, 3.6519151617918935e-09, 7.091571697360736e-10, 1.2393866839644334e-10], [1.8965558692192873e-07, 3.3145911654249914e-07, 2.896438426155084e-07, 1.68735853841612e-07, 7.372447860764575e-08, 2.5769502436968484e-08, 7.50618234710327e-09, 1.874068229044148e-09, 4.094112185283559e-10, 7.95026412517496e-11, 1.3894594754515619e-11], [1.9135825820741783e-08, 3.344348576172022e-08, 2.9224417863431057e-08, 1.7025071400382205e-08, 7.438635498471534e-09, 2.600085334285469e-09, 7.573570613135839e-10, 1.890893054573566e-10, 4.1308679032172625e-11, 8.021639224942319e-12, 1.401933628149083e-12]]",-1.0,,,,,,,,
2026-08-01,3,Atlas,Monterrey,1,1,1.466172699,1.146754297,0.444406358,0.2598861746,0.2957069851,125.0,285.0,238.0,0.0,2.0,"[[0.07367228339363568, 0.08372693263942202, 0.048209317201718546, 0.01842808054758325, 0.005283120137036141, 0.001211688143441167, 0.00023158476412822376, 3.7938689045383896e-05, 5.4382943343143255e-06, 6.929319327415368e-07, 7.946226712021378e-08], [0.10714656952930209, 0.12362786387696943, 0.07068318472306237, 0.027018748595548793, 0.0077459665109495535, 0.0017765440757278228, 0.0003395432586906364, 5.562467011771117e-05, 7.973478682602462e-06, 1.015957882115217e-06, 1.1650540665967315e-07], [0.07880621793250572, 0.09037136902193126, 0.05181687786294201, 0.019807075777222155, 0.005678462313220492, 0.0013023602112835512, 0.00024891452802659964, 4.077768636131429e-05, 5.84524838061489e-06, 7.447848550927124e-07, 8.54085232705559e-08], [0.03851450841713122, 0.0441666780131974, 0.025324163891623074, 0.009680197917808168, 0.002775202138823656, 0.0006364949953895376, 0.00012165056180005281, 1.9929043491708646e-05, 2.8567145316912267e-06, 3.639944070782292e-07, 4.174121502970573e-08], [0.014117230190043954, 0.01618899437814254, 0.009282399431312056, 0.003548210477226211, 0.0010172314026017648, 0.00023330289633732685, 4.459018313513328e-05, 7.304854871643829e-06, 1.0471092138668035e-06, 1.3341966557013832e-07, 1.5299957475878652e-08], [0.00413965949829009, 0.0047471723165997326, 0.0027219201256527678, 0.0010404578664687883, 0.0002982873822309074, 6.841246744581108e-05, 1.3075381832055709e-05, 2.1420357567277767e-06, 3.0704858846799656e-07, 3.912325423620445e-08, 4.486475989682672e-09], [0.0010115759566554888, 0.0011600290747479042, 0.0006651341628905339, 0.0002542484863954717, 7.28901360518002e-05, 1.671741534110332e-05, 3.19512797872891e-06, 5.23432391165792e-07, 7.503104295112373e-08, 9.560241210131308e-09, 1.0963247685346454e-09], [0.0002118778643867015, 0.00024297185136417176, 0.00013931450726628743, 5.325316993409936e-05, 1.5267075358900826e-05, 3.5015168532171474e-06, 6.692299160742478e-07, 1.0963461167830317e-07, 1.5715495251341894e-08, 2.002423522719425e-09, 2.2962877785209676e-10], [3.883119253823226e-05, 4.4529836889771316e-05, 2.5532390892673673e-05, 9.759792987190428e-06, 2.7980211357765076e-06, 6.417285519500178e-07, 1.2265082904552444e-07, 2.009290931479543e-08, 2.880203761279908e-09, 3.669873376290444e-10, 4.208443062659732e-11], [6.3259149303078275e-06, 7.254270126981794e-06, 4.159432718822515e-06, 1.5899491140683923e-06, 4.558202445288909e-07, 1.0454276478860476e-07, 1.9980810785293405e-08, 3.2732972314110644e-09, 4.692084580680965e-10, 5.97852017049378e-11, 6.855893693508888e-12], [9.274883767600563e-07, 1.0636012812024815e-06, 6.09844669605071e-07, 2.3311399839937842e-07, 6.683111982220421e-08, 1.5327774762072734e-08, 2.9295319279135192e-09, 4.799219036710792e-10, 6.879406314028492e-11, 8.765543054953324e-12, 1.0051924161304901e-12]]",1.0,,,,,,,,
2026-08-01,3,Cruz Azul,Atlante,2,0,2.239477213,0.7290253401,0.717106945,0.1768718286,0.1059980022,-253.0,465.0,843.0,2.0,3.0,"[[0.051620166727249346, 0.037217486972734665, 0.01365371943044741, 0.0033179691505894828, 0.000604720897134112, 8.817137154291284e-05, 1.0713194021409642e-05, 1.1157414164707443e-06, 1.0167547070442185e-07, 8.235999401419328e-09, 6.004252264898177e-10], [0.11482479399660613, 0.08412510713125163, 0.030577193538774337, 0.007430516306568988, 0.0013542586694272713, 0.00019745777741959076, 2.3991953890643887e-05, 2.4986774779166703e-06, 2.2769989977545714e-07, 1.844433298672054e-08, 1.3446386129043203e-09], [0.12884246395577423, 0.09392942110804478, 0.03423846408557063, 0.008320235975126284, 0.0015164157154239901, 0.0002211010965419115, 2.686471701812057e-05, 2.79786563736102e-06, 2.5496436848803494e-07, 2.0652831717447744e-08, 1.505643766737969e-09], [0.09617992070358442, 0.07011759940423323, 0.02555875337724884, 0.0062109929580160955, 0.0011319928134346444, 0.00016505028916690144, 2.0054307199635584e-05, 2.0885854467439856e-06, 1.9032896446187278e-07, 1.5417182005852002e-08, 1.1239516355602424e-09], [0.053848185193759696, 0.03925669152605459, 0.014309561446003927, 0.003477344300076178, 0.000633768027774659, 9.240659040189532e-05, 1.1227790999606014e-05, 1.1693348789075273e-06, 1.065593447271108e-07, 8.631606948144206e-09, 6.292660191205739e-10], [0.0241183567418215, 0.017582893226989357, 0.0064091873576035225, 0.0015574866644362984, 0.0002838618113206394, 4.138849070936873e-05, 5.028876419450663e-06, 5.237397631631732e-07, 4.7727444872200226e-08, 3.866057414589573e-09, 2.8184538216182393e-10], [0.009002085056854396, 0.006562748120417477, 0.0023922048403246807, 0.0005813259824563452, 0.00010595034302109596, 1.5448096971486564e-05, 1.8770090248231929e-06, 1.9548387753450186e-07, 1.7814087538595188e-08, 1.4429912474289709e-09, 1.0519771849559076e-10], [0.002879994907908983, 0.0020995892672998205, 0.0007653268898591941, 0.00018598089872908654, 3.389619698823313e-05, 4.942237307665676e-06, 6.005027057008218e-07, 6.25402413243133e-08, 5.699177587878331e-09, 4.616494310491256e-10, 3.365541334896147e-11], [0.0008062103712692504, 0.0005877477901277653, 0.00021424151630313273, 5.206249809734188e-05, 9.488720095807444e-06, 1.3835034790415012e-06, 1.6810151572898167e-07, 1.7507180668576585e-08, 1.595397292694793e-09, 1.2923167266034489e-10, 9.421316411627425e-12], [0.00020060997282619572, 0.00014624975367230766, 5.330988820715718e-05, 1.2954753127435951e-05, 2.361085826244705e-06, 3.4425827950899813e-07, 4.182883488504627e-08, 4.356325797021414e-09, 3.969839869842117e-10, 3.2156820681754003e-11, 2.3443137134890094e-12], [4.492614628682053e-05, 3.275229907730486e-05, 1.1938627987372178e-05, 2.90118744304438e-06, 5.287597906087594e-07, 7.709585723871261e-08, 9.367472257627776e-09, 9.75589235534146e-10, 8.890365928233185e-11, 7.201446716306465e-12, 5.250037141755391e-13]]",1.0,,,,,,,,
2026-08-02,3,America,Santos Laguna,2,0,2.398868372,0.8067708562,0.7262989724,0.1666106951,0.1070474741,-265.0,500.0,834.0,3.0,0.0,"[[0.040757395477637286, 0.032476417888216376, 0.013191038240632391, 0.003547381738535192, 0.0007154810506195045, 0.00011544585196110816, 1.5523058138630588e-05, 1.7890787007709609e-06, 1.804220694045115e-07, 1.6173251934605615e-08, 1.3048108310873611e-09], [0.09700888027579352, 0.07866939835732009, 0.031643564427281154, 0.008509701855440721, 0.0017163448629871985, 0.0002769394029304667, 3.723777320310757e-05, 4.291764310025098e-06, 4.328087958777191e-07, 3.8797502535843387e-08, 3.1300694339392457e-09], [0.1166249346967909, 0.09408959841998493, 0.03795437293855837, 0.01020682731743347, 0.0020586427035012797, 0.00033217058730408456, 4.466425818747863e-05, 5.147688831371106e-06, 5.191256657441849e-07, 4.6535050869949856e-08, 3.7543122833814025e-09], [0.09325595573762907, 0.07523618725650486, 0.030349181605201444, 0.008161611742899354, 0.0016461376234544723, 0.00026561117198056907, 3.571455877265461e-05, 4.11620930856256e-06, 4.15104713522631e-07, 3.7210487238075795e-08, 3.0020336648804748e-09], [0.055927190676347265, 0.045120427507002375, 0.018200922966041817, 0.004894658068334671, 0.0009872168701531986, 0.00015929155991836944, 2.1418631363550566e-05, 2.4685610805535303e-06, 2.489453920685422e-07, 2.2315765234111798e-08, 1.8003709024756431e-09], [0.02683239376795242, 0.021647593294155294, 0.008732323688333335, 0.0023483280862270388, 0.0004736406651929162, 7.64238969980788e-05, 1.0276095469255568e-05, 1.184350620022607e-06, 1.1943744547006981e-07, 1.0706516682736025e-08, 8.637705631085965e-10], [0.010727896791815558, 0.008654954479993765, 0.0034912825181126162, 0.0009388883287951192, 0.00018936693522533294, 3.055514489366769e-05, 4.108500067880067e-06, 4.735168739249929e-07, 4.775245172539761e-08, 4.2805873738118e-09, 3.4534531406232234e-10], [0.0036764017586183345, 0.002966013794547863, 0.001196446744269102, 0.0003217527880918814, 6.48951930836722e-05, 1.0471110097518659e-05, 1.4079644097957045e-06, 1.6227209319923796e-07, 1.636454944603155e-08, 1.4669379519951392e-09, 1.1834827875282484e-10], [0.001102400487619159, 0.0008893845852754535, 0.0003587647816783512, 9.648032336341212e-05, 1.9459378271668015e-05, 3.1398518538835358e-06, 4.221901614181937e-07, 4.865867400113842e-08, 4.907050010702017e-09, 4.398738820629469e-10, 3.548774284533974e-11], [0.0002938348514287369, 0.00023705739466953402, 9.562549863343282e-05, 2.571595513578763e-05, 5.186720785746314e-06, 8.368990338408109e-07, 1.1253095834791198e-07, 1.2969528230817674e-08, 1.3079296744162205e-09, 1.1724439369805433e-10, 9.458935988881725e-12], [7.048711316388436e-05, 5.686694863852648e-05, 2.2939298421386796e-05, 6.168919142708474e-06, 1.2442260446529738e-06, 2.0076106227102732e-07, 2.6994695683447042e-08, 3.1112191070689015e-09, 3.1375511285575906e-10, 2.812538678186739e-11, 2.269074237505641e-12]]",1.0,,,,,,,,
2026-08-02,3,Toluca,Necaxa,2,0,2.0920434,0.8603949436,0.6578649559,0.1985040164,0.1436184837,-192.0,404.0,596.0,3.0,1.0,"[[0.05248109640338382, 0.04465428944938235, 0.019325824102957342, 0.005542613779591764, 0.0011922092175497227, 0.00020515415649476678, 2.9418933150550956e-05, 3.6159859040521725e-06, 3.888969984896179e-07, 3.7178334563933484e-08, 3.198805106967679e-09], [0.10896141330179114, 0.0942500295804359, 0.040430462764649074, 0.011595388576486327, 0.002494153425024675, 0.0004291913990827119, 6.154568493340675e-05, 7.564799445158231e-06, 8.13589398980001e-07, 7.777868944842359e-08, 6.692039112000166e-09], [0.11425723321750642, 0.09830634572822258, 0.042291141393383996, 0.012129028071085677, 0.0026089386057371543, 0.000448943516899387, 6.437812198249668e-05, 7.912944375880591e-06, 8.510321662334844e-07, 8.135819696161067e-08, 7.0000181284868204e-09], [0.07967703021929298, 0.06855371392045685, 0.02949163441052725, 0.008458151041613658, 0.001819337597068203, 0.00031306977383789304, 4.4893941733176736e-05, 5.5180743521104335e-06, 5.934654088594389e-07, 5.673495966384227e-08, 4.881447241920318e-09], [0.04167195130097958, 0.03585433618863504, 0.015424444781128421, 0.00442370476575704, 0.0009515333030912772, 0.00016373888852627387, 2.3480018626007426e-05, 2.8860127572958995e-06, 3.103888479369823e-07, 2.9672999478866057e-08, 2.553049871258236e-09], [0.017435906137081163, 0.015001765477147154, 0.006453721580684046, 0.0018509164717728308, 0.00039812979332734793, 6.85097722137863e-05, 9.824243599803765e-06, 1.2075327882581591e-06, 1.2986938815362754e-07, 1.2415440543745424e-08, 1.0682182266204401e-09], [0.00607944539292464, 0.005230724075866459, 0.0022502442730788896, 0.0006453662647951938, 0.00013881746774734418, 2.388756946618569e-05, 3.4254573305356607e-06, 4.210351666650142e-07, 4.5282066058694886e-08, 4.32894007465897e-09, 3.7245981513140413e-10], [0.001816923372869214, 0.0015632716828959759, 0.0006725155257057524, 0.00019287631926628688, 4.148745245844408e-05, 7.139118863484092e-06, 1.0237436286309573e-06, 1.258319773714648e-07, 1.3533149633945619e-08, 1.293761501756708e-09, 1.1131458543149107e-10], [0.0004751353188204292, 0.0004088040258311951, 0.00017586645837093984, 5.043820384278513e-05, 1.084919388744588e-05, 1.8669183125438394e-06, 2.6771451269946664e-07, 3.2905744721519176e-08, 3.5389920466569816e-09, 3.3832565136967887e-10, 2.9109367972318175e-11], [0.0001104448564285973, 9.502619601600878e-05, 4.0880029280090615e-05, 1.1724323495383164e-05, 2.5218871630922326e-06, 4.3396379268271305e-07, 6.22300421537789e-08, 7.648916229731559e-09, 8.226361059946788e-10, 7.86435495563695e-11, 6.766451238378569e-12], [2.310554329582304e-05, 1.987989262048374e-05, 8.552279544826998e-06, 2.4527793588282317e-06, 5.275897395156582e-07, 9.078710883319807e-08, 1.3018794897113277e-08, 1.6001864715759187e-09, 1.7209904361689905e-10, 1.6452571880399503e-11, 1.4155709654845451e-12]]",1.0,,,,,,,,
2026-08-15,4,Atlante,Toluca,1,1,1.757262573,1.521468561,0.4326084486,0.2342152942,0.3331731317,131.0,327.0,200.0,0.0,0.0,"[[0.040050684692801826, 0.05494824632243964, 0.04360749410139157, 0.022115810437249882, 0.008412127571911353, 0.002559757526838734, 0.0006490984336002297, 0.00014108326570042842, 2.683171916085231e-05, 4.535957460944766e-06, 6.901316672159962e-07], [0.06383202912274245, 0.10310603680902385, 0.07662981727919935, 0.03886328594914119, 0.01478231693997549, 0.004498166097428834, 0.0011406363834470562, 0.00024792034246773115, 4.7150375846001464e-05, 7.970868278058803e-06, 1.212742549122156e-06], [0.05817126172942365, 0.0885057458916811, 0.0673293549336981, 0.034146498927771794, 0.012988206149151171, 0.003952229464688055, 0.00100219881291878, 0.0002178305694306395, 4.142779538447918e-05, 7.003454248987912e-06, 1.065553546024279e-06], [0.0340740603504354, 0.051842611578563076, 0.03943845182588314, 0.02000145485296321, 0.0076078961846932245, 0.0023150349725083066, 0.0005870421548249881, 0.0001275951689594349, 2.4266504767975896e-05, 4.102302677420226e-06, 6.241524552575913e-07], [0.014969267739526865, 0.022775270251168933, 0.017325928830977527, 0.00878695200380601, 0.0033422678058308538, 0.001017031077994268, 0.00025789680183658365, 5.605455372152448e-05, 1.066065515052992e-05, 1.8022057393608094e-06, 2.7419993734073906e-07], [0.0052609867882628565, 0.008004425999685073, 0.006089241254832171, 0.0030881963771051094, 0.001174648424710999, 0.0003574381297524772, 9.06384795039009e-05, 1.970051385828388e-05, 3.746714059570758e-06, 6.33389738862964e-07, 9.636825747214048e-08], [0.0015408225298596063, 0.0023443130377031737, 0.0017833992923396047, 0.0009044619851717106, 0.00034402761882936184, 0.0001046854412526194, 2.6545934615042575e-05, 5.769829278107392e-06, 1.0973267313287787e-06, 1.855053470195459e-07, 2.8224055344076357e-08], [0.0003868042518703796, 0.0005885105085926906, 0.0004477001184052257, 0.00022705388501258403, 8.636383694114622e-05, 2.6279972547603886e-05, 6.664025337108191e-06, 1.4484435774323046e-06, 2.7547017073255777e-07, 4.6568800482420634e-08, 7.08529658708221e-09], [8.496457935282595e-05, 0.0001292709363082487, 9.83408327405288e-05, 4.9874161768479794e-05, 1.897049228781358e-05, 5.7726015216069155e-06, 1.4638052886598325e-06, 3.181619609343861e-07, 6.050917761986273e-08, 1.0229201268657359e-08, 1.5563408137333167e-09], [1.658945281253421e-05, 2.524033090321513e-05, 1.9201184972853753e-05, 9.737999758547316e-06, 3.7040151206110833e-06, 1.1271085113078472e-06, 2.8581002751886897e-07, 6.212156733862295e-08, 1.1814501460443899e-08, 1.997265837704193e-09, 3.038777180598283e-10], [2.9152024531164886e-06, 4.435388882201742e-06, 3.3741523706746e-06, 1.7112222509904658e-06, 6.508927140639364e-07, 1.980625602437322e-07, 5.02243264297889e-08, 1.091639052495851e-08, 2.076118123306146e-09, 3.50972050458582e-10, 5.3399294066295783e-11]]",1.0,0.9599461897,0.04005381029,0.8411659143,0.1588340857,0.6362811216,0.3637188784,3.278731134,1-1:0.103|2-1:0.089|1-2:0.077|2-2:0.067|1-0:0.064
2026-08-15,4,Monterrey,FC Juárez,2,1,2.358994577,1.194251944,0.6307572344,0.1912036524,0.1780021098,-171.0,423.0,462.0,6.0,1.0,"[[0.030533063954122346, 0.03229173893912149, 0.02041768790745048, 0.008127954493271259, 0.0024267063640166704, 0.0005796197586523549, 0.00011536867061250609, 1.9682751311470417e-05, 2.938270502648879e-06, 3.8989280671256786e-07, 4.656302424512771e-08], [0.0656401092283817, 0.08256326011524942, 0.04816521505420094, 0.01917380057397757, 0.0057245871533578505, 0.0013673198675432554, 0.00027215406836250786, 4.643150360964187e-05, 6.931364182320387e-06, 9.197550167540867e-07, 1.098419216958534e-07], [0.0796651782712859, 0.09514029403658485, 0.056810740563109745, 0.022615445789897673, 0.006752135025959122, 0.001612750076468524, 0.00032100498572545553, 5.4765832614971166e-05, 8.175525259611395e-06, 1.0848485484729024e-06, 1.295582488190775e-07], [0.06264324117991137, 0.07481181257093378, 0.04467207630648052, 0.017783237993686894, 0.0053094166370922374, 0.0012681562282972035, 0.00025241634020169666, 4.3064100719584304e-05, 6.428673251270282e-06, 8.530506143379757e-07, 1.0187573546855049e-07], [0.0369437665616097, 0.04412016504276585, 0.026345296440668096, 0.010487640498381483, 0.003131221263850639, 0.0007478934164231505, 0.00014886219443794964, 2.539699501819778e-05, 3.7913013347073716e-06, 5.030854433414314e-07, 6.008107688159306e-08], [0.017430028996601708, 0.02081584601688634, 0.012429682288055922, 0.004948057412821601, 0.0014773067963353454, 0.00035285530274461113, 7.023302188812254e-05, 1.1982274705409695e-05, 1.7887318578792183e-06, 2.373551665498426e-07, 2.8346186912122877e-08], [0.006852890647459441, 0.008184077979209795, 0.004886925519132406, 0.0019454067674832074, 0.000580826453588148, 0.00013873062428963612, 2.761321962997118e-05, 4.711020175583262e-06, 7.032681254898172e-07, 9.331992512994226e-08, 1.1144750202027615e-08], [0.0023094188394323007, 0.002758027938994921, 0.0016468901141696863, 0.0006556005735842881, 0.00019573806490760277, 4.675211291449201e-05, 9.305633624035542e-06, 1.5876101496630575e-06, 2.3700081348599045e-07, 3.14487424761984e-08, 3.7557721845264336e-09], [0.0006809883148601408, 0.0008132716190082835, 0.0004856256060870833, 0.0001933197747430923, 5.77181292104553e-05, 1.3785997605188513e-05, 2.7439924071527844e-06, 4.681454667355477e-07, 6.988545422794813e-08, 9.273426620439883e-09, 1.1074807770980001e-09], [0.00017849419354930895, 0.00021316703767705294, 0.0001272875745940085, 5.067114447769806e-05, 1.5128528202001375e-05, 3.613454843665274e-06, 7.192292453957219e-07, 1.2270584637841839e-07, 1.8317711950471055e-08, 2.430662567821096e-09, 2.9028234973469136e-10], [4.210668346581723e-05, 5.0285988593427576e-05, 3.002706982219515e-05, 1.1953295504728676e-05, 3.568811599069673e-06, 8.524120381440096e-07, 1.6966578897072192e-07, 2.8946242620681942e-08, 4.321138315927524e-09, 5.73391981667908e-10, 6.847744889032345e-11]]",1.0,0.9694299327,0.03057006732,0.8714980845,0.1285019155,0.6888519582,0.3111480418,3.553246521,2-1:0.095|1-1:0.083|2-0:0.080|3-1:0.075|1-0:0.066
2026-08-15,4,Atlas,UANL,1,1,1.143396335,1.426701333,0.2993203905,0.2683982689,0.4322809621,234.0,273.0,131.0,2.0,1.0,"[[0.07947104092774197, 0.1062397302623222, 0.07788555213308139, 0.03703980700690297, 0.013211185504255017, 0.003769683192902395, 0.0008963686724829937, 0.00018269291136531146, 3.258102751331478e-05, 5.164821707958328e-06, 7.368658013528446e-07], [0.08455894539739181, 0.12778206981864423, 0.08905405488663884, 0.042351179594221695, 0.015105621091357439, 0.004310241948241656, 0.001024904655250673, 0.00020889040535177646, 3.725302746106415e-05, 5.905438213679486e-06, 8.425296569206869e-07], [0.050024684822305876, 0.07137028450026284, 0.05091204000327038, 0.024212091773152995, 0.008635855899615187, 0.002464157424072301, 0.0005859361134547181, 0.00011942226198578892, 2.129748754006694e-05, 3.376128206114965e-06, 4.816726610786073e-07], [0.019066013767827104, 0.02720150725045638, 0.019404213321853644, 0.009228005668293378, 0.003291401996112457, 0.0009391695228134024, 0.0002233190682935284, 4.551565890507801e-05, 8.117156401912645e-06, 1.2867508728617764e-06, 1.8358091850717093e-07], [0.005450002568025423, 0.007775525926626081, 0.005546676600699205, 0.0026378169659574194, 0.0009408442451398299, 0.0002684607476672137, 6.383555107583891e-05, 1.301060939841727e-05, 2.3202817208774967e-06, 3.6781655813861634e-07, 5.247643736588854e-08], [0.0012463025927991378, 0.0017781015700038469, 0.0012684099397359183, 0.0006032140504464715, 0.0002151515724079284, 6.139140701426597e-05, 1.4597867033190118e-05, 2.975256621396262e-06, 5.306003233319173e-07, 8.411202093225764e-08, 1.2000273235405814e-08], [0.00023750296955985564, 0.00033884580317407434, 0.00024171587947187213, 0.0001149521224532629, 4.100058657311223e-05, 1.1699118300475065e-05, 2.781857944976082e-06, 5.669829196111773e-07, 1.0111441087329905e-07, 1.6028896082310828e-08, 2.2868447401183236e-09], [3.879428929034508e-05, 5.534786422887857e-05, 3.948243582671814e-05, 1.8776547936455046e-05, 6.697131490771921e-06, 1.910961284533405e-06, 4.543951685406143e-07, 9.261231321378114e-08, 1.6516263834979064e-08, 2.618197291488312e-09, 3.735385564848522e-10], [5.544656025945946e-06, 7.910568141179107e-06, 5.6430090544311025e-06, 2.683629512662283e-06, 9.57184450498554e-07, 2.73123266219354e-07, 6.494422131446218e-08, 1.3236572442258481e-08, 2.3605794428491046e-09, 3.7420464854292207e-10, 5.3387827075165445e-11], [7.044154867679327e-07, 1.0049905136953767e-06, 7.169106525836791e-07, 3.409391278053686e-07, 1.2160457699620848e-07, 3.469868241082292e-08, 8.250776072657537e-09, 1.6816276025818542e-09, 2.9989754269837516e-10, 4.754046931328169e-11, 6.7826050923003665e-12], [8.054260861429422e-08, 1.149102470433222e-07, 8.197130129464116e-08, 3.8982854931429536e-08, 1.3904222770075385e-08, 3.967434631043706e-09, 9.433907125372012e-10, 1.922766838236271e-10, 3.4290175130549686e-11, 5.435759839421267e-12, 7.755205806746272e-13]]",-1.0,0.9205285807,0.07947141929,0.7297299051,0.2702700949,0.4740375983,0.5259624017,2.570097668,1-1:0.128|0-1:0.106|1-2:0.089|1-0:0.085|0-0:0.079
2026-08-16,4,UNAM,Querétaro,2,0,2.040126072,0.9664758798,0.6197997809,0.2115870218,0.1686032208,-163.0,373.0,493.0,0.0,0.0,"[[0.05175842559670124, 0.04550240790372505, 0.023099437651754887, 0.007441683109022493, 0.0017980518074723604, 0.0003475547405059331, 5.598387893410913e-05, 7.729581235248374e-06, 9.338067280903335e-07, 1.0027796434247052e-07, 9.691623381115032e-09], [0.09860456574180353, 0.09981979643757906, 0.047125764994927676, 0.015181971728037895, 0.0036682523706896403, 0.0007090554874486896, 0.0001142141710083092, 1.5769320201344566e-05, 1.9050834519049075e-06, 2.0457968947196377e-07, 1.9772133536899135e-08], [0.10292796334379674, 0.09947739392739213, 0.04807125090745297, 0.01548656817108263, 0.003741848649507562, 0.0007232812931126113, 0.00011650565401576243, 1.6085700637865365e-05, 1.9433052094966415e-06, 2.0868417911590611e-07, 2.0168822560869764e-08], [0.06999534050818179, 0.06764880829864386, 0.03269047075849093, 0.010531517162322522, 0.0025446143287371956, 0.0004918616744170371, 7.922874075262838e-05, 1.0938952417617428e-05, 1.321529207720778e-06, 1.4191401152181234e-07, 1.3715646913966262e-08], [0.03569982976704544, 0.03450302438235557, 0.016673170422626726, 0.005371405684349572, 0.0012978335086188185, 0.0002508649564119147, 4.0409154909326996e-05, 5.579210506063677e-06, 6.740215477956779e-07, 7.238061871125582e-08, 6.995412214849683e-09], [0.014566430692592171, 0.014078103918981089, 0.006803073935415856, 0.0021916689556626162, 0.0005295487955315348, 0.00010235922761030963, 1.648795409316729e-05, 2.2764585625833524e-06, 2.750177865089579e-07, 2.9533117463705634e-08, 2.8543045683591167e-09], [0.004952892504591982, 0.004786851140866556, 0.002313188083889485, 0.0007452134961633891, 0.0001800577173334362, 3.4804288154458554e-05, 5.606250835740777e-06, 7.740437441114046e-07, 9.351182607297305e-08, 1.0041880486041838e-08, 9.705235277464367e-10], [0.0014435035898485746, 0.0013951114019747635, 0.0006741707598122991, 0.00021718992607211378, 5.247720622036127e-05, 1.0143590810118726e-05, 1.6339226420683347e-06, 2.25592403285298e-07, 2.725370205480608e-08, 2.9266717412082975e-09, 2.828557645932382e-10], [0.0003681161635301238, 0.0003557753930116348, 0.00017192416798376357, 5.53868538362587e-05, 1.3382514572509648e-05, 2.586775509046035e-06, 4.1667602265283896e-07, 5.75296179399428e-08, 6.950123514040372e-09, 7.463474153179222e-10, 7.213267748462296e-11], [8.344482029239691e-05, 8.064740610577222e-05, 3.897188638431257e-05, 1.2555129393414028e-05, 3.033557431585229e-06, 5.863720175152162e-07, 9.445240191842754e-08, 1.304085260601696e-08, 1.5754586869467961e-09, 1.6918253561501796e-10, 1.635108399531397e-11], [1.7023795342674545e-05, 1.6453087581127212e-05, 7.950756147592208e-06, 2.5614046809056715e-06, 6.188839606172872e-07, 1.196272840647456e-07, 1.9269480768836394e-08, 2.660498339871729e-09, 3.214134342124619e-10, 3.451537017843199e-11, 3.3358272759378075e-12]]",1.0,0.948231598,0.05176840203,0.8041246243,0.1958753757,0.5782774269,0.4217225731,3.006601951,2-0:0.103|1-1:0.100|2-1:0.099|1-0:0.099|3-0:0.070
2026-08-16,4,America,Atlético San Luis,1,0,1.91778833,0.8538754663,0.6213271815,0.2202331888,0.1584339881,-164.0,354.0,531.0,3.0,0.0,"[[0.06497280691953729, 0.051001627912439035, 0.022805562206709724, 0.006491036687978058, 0.0013856342447111703, 0.00023663181737022256, 3.367568390050753e-05, 4.107834327739458e-06, 4.3844736902025753e-07, 4.159771685319557e-08, 3.551926987585159e-09], [0.11755771288104021, 0.10485670479983214, 0.043736241055530714, 0.012448434408785436, 0.0026573531839375517, 0.00045380973782209303, 6.458283358386662e-05, 7.877956734666157e-06, 8.408492475573063e-07, 7.977561592916143e-08, 6.8118441252443214e-09], [0.1150411077675971, 0.0982307795409766, 0.041938426343743014, 0.011936731116990805, 0.002548120462212952, 0.0004351555095821034, 6.192810227765783e-05, 7.554126744374416e-06, 8.062854370612285e-07, 7.649637261748147e-08, 6.531837584050718e-09], [0.07354149797629317, 0.06279528087834685, 0.026809674871333324, 0.007630707877545246, 0.001628918561821835, 0.0002781787193144438, 3.958833061246673e-05, 4.829072037504746e-06, 5.154282672393942e-07, 4.8901283560369406e-08, 4.17556063037357e-09], [0.035259256644522244, 0.03010701420942274, 0.012853820398780346, 0.0036585206289988467, 0.0007809802520315364, 0.00013337197537796033, 1.898050961163626e-05, 2.315284499374134e-06, 2.4712057894569464e-07, 2.3445577731601853e-08, 2.0019603618703136e-09], [0.013523958182359035, 0.01154777609944815, 0.0049301813509351235, 0.0014032536333565885, 0.00029955096263674586, 5.1155843581585364e-05, 7.28011996553283e-06, 8.880451186331051e-07, 9.478499247320739e-08, 8.992731072017413e-09, 7.678672437605308e-10], [0.0043226815292349095, 0.0036910317065264393, 0.0015758407098052864, 0.0004485239069767825, 9.574589005631855e-05, 1.6351013304004216e-05, 2.326954851625671e-06, 2.8384709414806415e-07, 3.029625873489159e-08, 2.874359117221538e-09, 2.4543447315874334e-10], [0.0011842840271990727, 0.0010112310759794235, 0.0004317327032793842, 0.00012288198777936392, 2.623147865434492e-05, 4.479683213646112e-06, 6.375152655026676e-07, 7.776552065956185e-08, 8.300258777095926e-09, 7.874874815406524e-10, 6.724162405213443e-11], [0.000283900760822694, 0.00024241589453595784, 0.00010349649249508306, 2.9457705263892896e-05, 6.288302954727727e-06, 1.0738855235653709e-06, 1.5282741703470207e-07, 1.8642225998131596e-08, 1.9897674271736746e-09, 1.8877928774948985e-10, 1.6119400235857095e-11], [6.049572954880442e-05, 5.1655819278827816e-05, 2.2053818387414206e-05, 6.2770714865601206e-06, 1.339959335676945e-06, 2.2883168052008193e-07, 3.256562631879582e-08, 3.9724270512786496e-09, 4.2399475010387813e-10, 4.022652388466641e-11, 3.4348441840434646e-12], [1.1601800413402016e-05, 9.906492738140196e-06, 4.229455553185435e-06, 1.2038094442513663e-06, 2.5697583764250853e-07, 4.38850726399717e-08, 6.245397810820644e-09, 7.61827424009383e-10, 8.131321836638094e-11, 7.714595805615377e-12, 6.587304090986789e-13]]",1.0,0.9350215514,0.06497844857,0.7664622106,0.2335377894,0.5237588359,0.4762411641,2.771663796,1-0:0.118|2-0:0.115|1-1:0.105|2-1:0.098|3-0:0.074
2026-08-16,4,Santos Laguna,Guadalajara,1,1,1.009397204,1.92285765,0.1916231544,0.2239757475,0.5843953078,422.0,346.0,-141.0,0.0,1.0,"[[0.05571448308457176, 0.10000593531678899, 0.09849227533759616, 0.06312887504417773, 0.030346960084052636, 0.011670576872451599, 0.0037401430038505605, 0.0010273946554755565, 0.0002469417091502667, 5.275930606980384e-05, 1.0144863530308166e-05], [0.051339712087177955, 0.10584404287046517, 0.09941782735249928, 0.06372210996839317, 0.030632136662172134, 0.011780247665438712, 0.0037752898910696263, 0.0010370492927576857, 0.00024926227079516964, 5.325509603780306e-05, 1.0240196883601199e-05], [0.0271413906810756, 0.052189030712039855, 0.05017603848430181, 0.032160459821139215, 0.015459996551402233, 0.005945474528626379, 0.0019053835303809129, 0.0005233973283184959, 0.00012580231961575327, 2.687777252266437e-05, 5.168213051936951e-06], [0.009132147956405627, 0.01755982056203385, 0.016882517653173845, 0.01082089274214901, 0.005201759098194114, 0.002000448455440214, 0.0006410962694431628, 0.00017610526661497133, 4.2328169897024616e-05, 9.043449479054387e-06, 1.7389266016285254e-06], [0.002304491153685565, 0.004431208445010818, 0.004260291529375591, 0.002730644719983017, 0.0013126602725466493, 0.0005048117694733897, 0.0001617801954858038, 4.4440040937682465e-05, 1.0681484087319377e-05, 2.282108154923709e-06, 4.3881691246039674e-07], [0.00046522938548667914, 0.000894569883047184, 0.0008600652716916203, 0.0005512610291553673, 0.00026499912181176437, 0.00010191111774195714, 3.266009540084562e-05, 8.971530614632962e-06, 2.156372034703577e-06, 4.607107182127027e-07, 8.858811291100642e-08], [7.8266873496912e-05, 0.000150496056471923, 0.00014469124676670428, 9.274022359431554e-05, 4.458156210820006e-05, 1.714479955279404e-05, 5.494501497279674e-06, 1.5093063198374778e-06, 3.627726504762155e-07, 7.750668514480051e-08, 1.490343224833639e-08], [1.1286051897492907e-05, 2.170147123325631e-05, 2.0864419992276897e-05, 1.3373103200702628e-05, 6.428643449572582e-06, 2.4722732476669216e-06, 7.923049213355574e-07, 2.1764136848486585e-07, 5.231167130276594e-08, 1.1176433040747105e-08, 2.14906897759408e-09], [1.4240136538504733e-06, 2.738175548498507e-06, 2.632560900705513e-06, 1.6873466226380143e-06, 8.111318405297557e-07, 3.119382129998009e-07, 9.996879655013726e-08, 2.74608236059944e-08, 6.600406844436407e-09, 1.4101825329108137e-09, 2.7115802717868647e-10], [1.5971060009060372e-07, 3.071007492250031e-07, 2.9525551253659975e-07, 1.892447736955954e-07, 9.097269022197592e-08, 3.4985506673112295e-08, 1.121202485958354e-08, 3.079875396725729e-09, 7.402702460869499e-10, 1.5815936733435465e-10, 3.041179494521871e-11], [1.6121143319866764e-08, 3.09986637648731e-08, 2.980300888533998e-08, 1.9102314546133468e-08, 9.182757916070214e-09, 3.531427262031687e-09, 1.1317386545709273e-09, 3.1088176144714214e-10, 7.472267166882226e-11, 1.596456231915813e-11, 3.069758078976216e-12]]",-1.0,0.9442797266,0.05572027338,0.7929340792,0.2070659208,0.5614563703,0.4385436297,2.932254854,1-1:0.106|0-1:0.100|1-2:0.099|0-2:0.098|1-3:0.064
2026-08-16,4,Tijuana,Cruz Azul,1,1,1.221742539,1.150976885,0.3750146862,0.2844602567,0.3405249417,167.0,252.0,194.0,2.0,1.0,"[[0.09631731407927763, 0.10421150241240783, 0.06175103698801193, 0.023691338728554532, 0.006817045811636395, 0.0015692524303639371, 0.0003010288789609879, 4.949675447735861e-05, 7.121202534510793e-06, 9.107043899116447e-07, 1.048199701674661e-07], [0.11080876196520384, 0.13418582335422485, 0.0754438686898148, 0.02894471632063415, 0.008328674855539557, 0.001917222447949067, 0.00036777978676834025, 6.0472290466746196e-05, 8.700276062270957e-06, 1.1126462932285736e-06, 1.2806301644650673e-07], [0.06957775992901993, 0.08008239337450174, 0.046086491826776876, 0.017681495598056075, 0.005087748180516167, 0.0011711761102920016, 0.00022466610516277944, 3.6940784834360237e-05, 5.314748681342274e-06, 6.79683653416556e-07, 7.823001740592225e-08], [0.028335369681513713, 0.03261335552569972, 0.018768609172930835, 0.007200745105966126, 0.0020719727925768683, 0.00047695855803831134, 9.149471255164715e-05, 1.5044042746916253e-05, 2.164418181956439e-06, 2.7679947738598084e-07, 3.1858980019612765e-08], [0.008654631621589162, 0.009961280942912758, 0.0057326020541482526, 0.002199364151361537, 0.0006328543248690097, 0.00014568013987405372, 2.7945745594923693e-05, 4.594986744039014e-06, 6.61090441044213e-07, 8.454442404494113e-08, 9.730867781450035e-09], [0.0021147463215707625, 0.002434024133344873, 0.0014007527572632828, 0.0005374113483102102, 0.0001546370098836331, 3.559672478214623e-05, 6.82850123314268e-06, 1.1227781538827234e-06, 1.6153646273475183e-07, 2.0658303851126667e-08, 2.377723021183231e-09], [0.000430612589895526, 0.0004956251372738359, 0.00028522653826413473, 0.00010942971749122993, 3.1487768835664165e-05, 7.248338816758324e-06, 1.390445071881862e-06, 2.286243053315456e-07, 3.289266134252313e-08, 4.206521431646196e-09, 4.841608933242754e-10], [7.51568169606286e-05, 8.650375905686712e-05, 4.978191356140381e-05, 1.9099277263437756e-05, 5.495706661653241e-06, 1.265086266641422e-06, 2.4268084169714367e-07, 3.9902862739620903e-08, 5.740909081333945e-09, 7.34183738928529e-10, 8.45028512703155e-11], [1.1477785043154168e-05, 1.3210665273379573e-05, 7.602585181248411e-06, 2.9167999361146285e-06, 8.392923260138918e-07, 1.932012133664902e-07, 3.7061688450040534e-08, 6.093878102525004e-09, 8.767391043497907e-10, 1.121229381230356e-10, 1.2905091003553274e-11], [1.5580998039915077e-06, 1.7933368586064448e-06, 1.0320446354583976e-06, 3.959531731649979e-07, 1.1393323744408241e-07, 2.6226904541725572e-08, 5.0310934812326456e-09, 8.272389003099068e-10, 1.1901660655806294e-10, 1.522059589508094e-11, 1.751855404812781e-12], [1.9035968098929536e-07, 2.1909959261667972e-07, 1.2608928328550445e-07, 4.837528349422669e-08, 1.3919708274381746e-08, 3.204252493395983e-09, 6.146700921605338e-10, 1.0106729540785415e-10, 1.454076510296822e-11, 1.859564946758942e-12, 2.140316269504848e-13]]",1.0,0.9036825704,0.09631742955,0.6886623061,0.3113376939,0.4231476858,0.5768523142,2.372719423,1-1:0.134|1-0:0.111|0-1:0.104|0-0:0.096|2-1:0.080
2026-08-17,4,Necaxa,Leon,1,1,1.934648791,1.171857915,0.5488973873,0.2252615734,0.2258348744,-122.0,344.0,343.0,1.0,2.0,"[[0.0471491005271985, 0.05005681372749103, 0.030731318882138536, 0.012004246422153933, 0.0035168177954660487, 0.0008242421537552863, 0.00016098244860808937, 2.694979379381712e-05, 3.947666145178585e-06, 5.14011535277358e-07, 6.023484859498178e-08], [0.0841970694211308, 0.10386223511446353, 0.059454308935299564, 0.023224000833007498, 0.006803807297783225, 0.0015946190866330083, 0.0003114444996459031, 5.213838599330308e-05, 7.637347536857098e-06, 9.944317955208124e-07, 1.1653327703805437e-07], [0.08375978551621288, 0.09815456760507997, 0.05751160346438182, 0.022465142572221382, 0.006581488782991343, 0.001542513944396757, 0.00030126786242339716, 5.043473272530801e-05, 7.387792591070093e-06, 9.619381356968426e-07, 1.1272548179326955e-07], [0.05401525594062853, 0.06329820519781386, 0.03708825137909665, 0.014487386975774497, 0.0042442897733404655, 0.0009947409127791004, 0.00019428250198104893, 3.252449823820752e-05, 4.764261335956834e-06, 6.203374838950434e-07, 7.269473903936305e-08], [0.026125137406484176, 0.03061494904688358, 0.017938185176983014, 0.007007001426023676, 0.0020528025201497356, 0.00048111857618096275, 9.396710191486277e-05, 1.5730870302347337e-05, 2.3042931089520605e-06, 3.0003379087871257e-07, 3.5159697256999985e-08], [0.010108593102035936, 0.01184583483483224, 0.006940817654726987, 0.002711217368122967, 0.0007942903829427243, 0.0001861590943914861, 3.63586680313166e-05, 6.086741843809892e-06, 8.915995756807178e-07, 1.1609200218412958e-07, 1.3604333161270533e-08], [0.003259429571369026, 0.0038195883411737174, 0.002238007414576902, 0.0008742089007707183, 0.000256112154904733, 6.002541116396105e-05, 1.172354219431333e-05, 1.962617958675914e-06, 2.874886735928167e-07, 3.743287528728192e-08, 4.386601118178414e-09], [0.0009008359258711297, 0.0010556517097323208, 0.0006185369056985157, 0.00024161245619422873, 7.078386728066359e-05, 1.6589727023606258e-05, 3.2401338196940013e-06, 5.424252088357071e-07, 7.945565927496668e-08, 1.034563813363014e-08, 1.2123617931286759e-09], [0.0002178501419112853, 0.0002552894130545325, 0.000149581459635376, 5.842940579722922e-05, 1.7117740411174627e-05, 4.0119119171087815e-06, 7.835651223049372e-07, 1.3117528434142618e-07, 1.921484939887094e-08, 2.5018970390136854e-09, 2.931867847360757e-10], [4.682927930756071e-05, 5.487726160427455e-05, 3.215417667871058e-05, 1.2560042145703602e-05, 3.679646199889346e-06, 8.62404504653141e-07, 1.6843592409971262e-07, 2.8197567257839476e-08, 4.1304427964011755e-09, 5.378102314316722e-10, 6.302371764018633e-11], [9.05982086173125e-06, 1.0616822784134095e-05, 6.220703905185695e-06, 2.4299270357871436e-06, 7.118823073616099e-07, 1.668449832676811e-07, 3.2586435699794786e-08, 5.4552389417489635e-09, 7.990956164251967e-10, 1.0404739142740774e-10, 1.2192875916589924e-11]]",1.0,0.9528447346,0.04715526543,0.8185908514,0.1814091486,0.6002375119,0.3997624881,3.106506706,1-1:0.104|2-1:0.098|1-0:0.084|2-0:0.084|3-1:0.063
2026-08-17,4,Pachuca,Puebla,1,0,1.717319649,0.560563253,0.6538108887,0.2322741138,0.1139129904,-189.0,331.0,778.0,2.0,3.0,"[[0.1048271388372107, 0.055132126783188094, 0.01610450124234179, 0.0030091972016881856, 0.0004217113431076022, 4.727917646762347e-05, 4.417161493658479e-06, 3.537283451582308e-07, 2.4785888981988435e-08, 1.5437842841489523e-09, 8.653887403213428e-11], [0.17370079306084063, 0.10100039678531031, 0.02765657641645202, 0.005167753481359048, 0.0007242131756105266, 8.119345872356931e-05, 7.585678224668261e-06, 6.074646374525766e-07, 4.2565294159981103e-08, 2.6511710845678257e-09, 1.4861490875425658e-10], [0.151147270042304, 0.08472760538369305, 0.023747591048272242, 0.004437342296662453, 0.0006218527581721438, 6.971756100712095e-05, 6.513517132078762e-06, 5.216054789026342e-07, 3.654910800742984e-08, 2.2764540978350756e-09, 1.2760965144886638e-10], [0.08652272556512561, 0.04850146050505395, 0.013594068239058564, 0.00254011170473137, 0.00035597332007508784, 3.9909112459660786e-05, 3.728596984416987e-06, 2.985877792680415e-07, 2.092216710822429e-08, 1.3031331172138411e-09, 7.304885393352682e-11], [0.037146794168641424, 0.020823127779344072, 0.0058363401232740765, 0.0010905459351253403, 0.00015282999424704962, 1.713417574757638e-05, 1.6007982158826233e-06, 1.281926650518314e-07, 8.9825121672356e-09, 5.594740267751569e-10, 3.1362058044292654e-11], [0.012758583902618978, 0.007151993296691903, 0.002004572314072648, 0.0003745631924464291, 5.249159040711567e-05, 5.884971335217316e-06, 5.498164459570695e-07, 4.402955650328573e-08, 3.0851689279479667e-09, 1.9215914782688765e-10, 1.0771735700807812e-11], [0.0036517611376539008, 0.002047043102664359, 0.0005737485703758088, 0.00010720745501314411, 1.5024139933194576e-05, 1.6843961510291422e-06, 1.5736843097272478e-07, 1.2602137084651745e-08, 8.830368699354697e-10, 5.49997800410182e-11, 3.083085561651912e-12], [0.0008958915934510753, 0.0005022039060000583, 0.0001407585276194963, 2.630135271204122e-05, 3.685892958932438e-06, 4.1323522948651764e-07, 3.860741408558469e-08, 3.09169966163531e-09, 2.1663665247031708e-10, 1.3493171848600909e-11, 7.563776305338721e-13], [0.00019231652957056822, 0.00010780557943028566, 3.0215923150888243e-05, 5.645978725067083e-06, 7.912320501857574e-07, 8.870712239302241e-08, 8.287658849473277e-09, 6.636795721118386e-10, 4.650429749026533e-11, 2.896511142409694e-12, 1.623677708468503e-13], [3.66965505563204e-05, 2.057073775535894e-05, 5.7655998368335475e-06, 1.0773278000958753e-06, 1.509775940542254e-07, 1.692649825197046e-08, 1.5813954871291288e-09, 1.2663888551640326e-10, 8.873638203373925e-12, 5.526928330691416e-13, 3.0981929243955845e-14], [6.301970731094122e-06, 3.5326532136126637e-06, 9.901377886502195e-07, 1.8501161992264904e-07, 2.592767887871317e-08, 2.9068208032283676e-09, 2.7157615424580096e-10, 2.1747944639044474e-11, 1.5238873242365155e-12, 9.4915026194126e-14, 5.320587584617283e-15]]",1.0,0.895170854,0.104829146,0.6663379342,0.3336620658,0.3980857661,0.6019142339,2.277882902,1-0:0.174|2-0:0.151|0-0:0.105|1-1:0.101|3-0:0.087
2026-08-21,5,UANL,Atlante,1,1,1.500122364,1.314288382,0.4105970578,0.2627793762,0.3266228612,144.0,281.0,206.0,2.0,0.0,"[[0.06591433313044505, 0.07280417789618455, 0.05176882230878034, 0.022679720565525908, 0.007451923310071585, 0.00195879524560273, 0.00042907030558251473, 8.05603025107072e-05, 1.3234933702368462e-05, 1.9327243997852383e-06, 2.5401572237351325e-07], [0.08394307202965735, 0.1241516686228201, 0.07765956808865827, 0.0340223560231826, 0.011178796810137408, 0.002938432553869878, 0.0006436579610109303, 0.00012085031142406473, 1.9854020029225904e-05, 2.8993230950180583e-06, 3.810546658680659e-07], [0.06744353397963036, 0.08864025313263522, 0.05824942742317366, 0.025518848568347602, 0.00838478154716395, 0.002204004194166147, 0.0004827828509482751, 9.06451274146613e-05, 1.4891729727756862e-05, 2.1746697072379176e-06, 2.8581431303356973e-07], [0.033724517870301916, 0.044323742016580875, 0.029127089583724706, 0.012760465144556234, 0.004192732771258885, 0.0011020919937977422, 0.00024141111717541176, 4.532626093221655e-05, 7.446472266342457e-06, 1.0874235538413485e-06, 1.4291881428395927e-07], [0.012647725865697734, 0.016622759160666533, 0.010923549618628603, 0.004785564783692886, 0.0015724030488129498, 0.00041331821169217803, 9.053655393114466e-05, 1.6998734422014962e-05, 2.7926548943834366e-06, 4.07817097987324e-07, 5.3598927375797055e-08], [0.003794627284257332, 0.004987234552717273, 0.0032773322148139526, 0.0014357865510062004, 0.0004717593956600094, 0.00012400557853813537, 2.716318185718396e-05, 5.100036332267848e-06, 8.378648122412922e-07, 1.223551097993358e-07, 1.6080989925528126e-08], [0.0009487342085137648, 0.0012469103476049988, 0.0008193998914617304, 0.0003589759191145898, 0.00011794946995381349, 3.100392359843978e-05, 6.791349428942557e-06, 1.2751130929668014e-06, 2.0948329043569108e-07, 3.059127275415846e-08, 4.020575436330291e-09], [0.00020331677191631563, 0.00026721687114165146, 0.00017560001457263922, 7.692968632848861e-05, 2.5276948238028974e-05, 6.6442398789959946e-06, 1.4554078797384073e-06, 2.7326080957528537e-07, 4.4892938401066174e-08, 6.555807484722732e-09, 8.616221610068011e-10], [3.8125004558784684e-05, 5.0107250545237036e-05, 3.29276886161662e-05, 1.4425492861881026e-05, 4.73981441729592e-06, 1.2458966040472223e-06, 2.72911238590569e-07, 5.124058144638939e-08, 8.418112608547376e-09, 1.2293141775064344e-09, 1.615673340999869e-10], [6.354685772824443e-06, 8.35188968080527e-06, 5.488395786510954e-06, 2.404444938859781e-06, 7.900335119167447e-07, 2.0766637317882991e-07, 4.548891692435957e-08, 8.540793573061873e-09, 1.403133220484927e-09, 2.0490240996788336e-10, 2.693008568104651e-11], [9.532806242203923e-07, 1.2528856489467606e-06, 8.233265260271547e-07, 3.6069616251080967e-07, 1.1851469393116587e-07, 3.1152497059742335e-08, 6.823894157946595e-09, 1.2812235442834798e-09, 2.104871523322752e-10, 3.0737868757219323e-11, 4.039842378693472e-12]]",1.0,0.9340849621,0.06591503791,0.7773377122,0.2226622878,0.5339736872,0.4660263128,2.814410745,1-1:0.124|2-1:0.089|1-0:0.084|1-2:0.078|0-1:0.073
2026-08-21,5,FC Juárez,America,1,2,1.006361895,2.161745773,0.1608524074,0.2065082414,0.6326224511,522.0,384.0,-172.0,1.0,2.0,"[[0.046711444108209516, 0.08634480253133062, 0.09833034502939667, 0.07085506925343499, 0.03829266161993152, 0.01655579988151649, 0.005964905069743041, 0.001842086903287031, 0.0004977654471677632, 0.0001195602612821604, 2.584588894884984e-05], [0.037722600323816496, 0.09618013614727167, 0.09895591233121215, 0.07130584174365222, 0.03853627550130001, 0.016661126137192513, 0.006002853167748281, 0.0018538060662112983, 0.0005009321785326193, 0.00012032089107586525, 2.6010317773013137e-05], [0.021310159203379447, 0.046067146587529084, 0.049792729713167706, 0.03587974100049505, 0.019390719614265754, 0.008383561233708637, 0.0030205213437787264, 0.0009327998926080859, 0.00025205952815449573, 6.054317995811523e-05, 1.3087896338021472e-05], [0.007148577397490597, 0.0154534069745604, 0.01670316860563208, 0.012036001378313519, 0.0065046937769303705, 0.002812298855855752, 0.0010132458608451088, 0.0003129114224365978, 8.455436811103814e-05, 2.030944976479357e-05, 4.39038671883048e-06], [0.0017985139735538483, 0.0038879299806584963, 0.004202358101403596, 0.0030281432879511205, 0.0016365189884640144, 0.0007075476012670146, 0.00025492300608163395, 7.872553298987662e-05, 2.1273073524544998e-05, 5.109664086450733e-06, 1.1045794742173013e-06], [0.00036199118601739467, 0.0007825329163665891, 0.0008458186122351797, 0.0006094816033428053, 0.0003293860699917096, 0.00014240978892163207, 5.130895988106555e-05, 1.584527530833984e-05, 4.2816821156906745e-06, 1.028434246273822e-06, 2.2232133850608615e-07], [6.071568930476105e-05, 0.0001312518847311915, 0.00014186660353157773, 0.00010222651018843091, 5.524693158128971e-05, 2.3885964167389773e-05, 8.605897013579575e-06, 2.6576802135821455e-06, 7.181536210816329e-07, 1.7249617277735864e-07, 3.728928724221893e-08], [8.728850875332318e-06, 1.886955648603727e-05, 2.0395591989432142e-05, 1.469669492610836e-05, 7.942629534718139e-06, 3.433989165207867e-06, 1.2372352606085512e-06, 3.8208401361031364e-07, 1.0324606268630348e-07, 2.479908218090595e-08, 5.3609311087774694e-09], [1.0980478631919e-06, 2.3737003272018046e-06, 2.5656683247755884e-06, 1.8487742189755465e-06, 9.991449634417193e-07, 4.319794803387657e-07, 1.5563830263341184e-07, 4.806434898438073e-08, 1.2987862908284179e-08, 3.119606416328816e-09, 6.743795985044795e-10], [1.2278150312037817e-07, 2.654223954172356e-07, 2.8688787072411576e-07, 2.0672621398867933e-07, 1.1172237983317313e-07, 4.8303076478811145e-08, 1.740316190305718e-08, 5.374458812432777e-09, 1.4522767027340828e-09, 3.488281137649172e-10, 7.540777005603661e-11], [1.2356262611549083e-08, 2.6711098475039445e-08, 2.8871302115106405e-08, 2.080413843957464e-08, 1.124331458503544e-08, 4.8610375565509016e-09, 1.7513878986694922e-09, 5.408650553517435e-10, 1.461515934205779e-10, 3.510473214963651e-11, 7.58875063494031e-12]]",-1.0,0.9532716558,0.04672834424,0.8292042529,0.1707957471,0.6133836125,0.3866163875,3.168107668,1-2:0.099|0-2:0.098|1-1:0.096|0-1:0.086|1-3:0.071
2026-08-22,5,Querétaro,Toluca,0,1,0.899524526,1.16300883,0.2757550909,0.312681489,0.4115633711,263.0,220.0,143.0,1.0,2.0,"[[0.13385509813338967, 0.1411314421864948, 0.0859783632368089, 0.03333119854640732, 0.009691119556557222, 0.0022541715235045827, 0.0004369368977206955, 7.25944957473979e-05, 1.0553504946071737e-05, 1.3637577156055693e-06, 1.5860622653229484e-07], [0.10763428942845231, 0.1397228479156952, 0.07733964643888602, 0.02998223057425966, 0.00871739972575137, 0.002027682571256634, 0.0003930354558244846, 6.530052937910929e-05, 9.493136534504198e-06, 1.2267335127412951e-06, 1.426701907458738e-07], [0.051433865788023905, 0.05981804007601578, 0.03478445440289065, 0.013484875873222455, 0.003920757428232919, 0.0009119751019180942, 0.00017677251605551883, 2.9369713869420753e-05, 4.26965457083919e-06, 5.517384408030154e-07, 6.416766785419818e-08], [0.015422007914846662, 0.01793593138234872, 0.010429823286584672, 0.004043325526116389, 0.0011756058224284026, 0.00027344799043277005, 5.3003737906287174e-05, 8.806259315947689e-06, 1.280219668039715e-06, 1.6543408648413348e-07, 1.9240130337531768e-08], [0.003468118589984139, 0.004033452543875315, 0.002345470462094068, 0.0009092676193598668, 0.0002643715675526596, 6.149329349654429e-05, 1.191954055440966e-05, 1.9803615593049612e-06, 2.878972475249184e-07, 3.7203004558201965e-08, 4.326742280625731e-09], [0.0006239315461699087, 0.0007256378975537242, 0.0004219616411435616, 0.00016358170486668056, 4.7561741799390937e-05, 1.1062945137223332e-05, 2.1443838135251776e-06, 3.5627675859787906e-07, 5.1794127024677304e-08, 6.693003008375002e-09, 7.784021598413322e-10], [9.35402880566227e-05, 0.00010878818097697752, 6.326080754164248e-05, 2.452429258939225e-05, 7.130492208159978e-06, 1.6585650801645464e-06, 3.2148763891236344e-07, 5.341328040183764e-08, 7.765014593780899e-09, 1.0034200597973135e-09, 1.166986389811862e-10], [1.202025475403656e-05, 1.3979662418614078e-05, 8.129235417110545e-06, 3.1514575239343044e-06, 9.162932319801348e-07, 2.131314239449299e-07, 4.1312288002161296e-08, 6.8637936766907335e-09, 9.978315817197206e-10, 1.2894299338455325e-10, 1.4996183988166416e-11], [1.3515642450386428e-06, 1.5718811513844357e-06, 9.140558294389535e-07, 3.543516669376127e-07, 1.0302852939945952e-07, 2.3964617888103034e-08, 4.645177035512461e-09, 7.717688442187326e-10, 1.1219674757474171e-10, 1.4498423126040042e-11, 1.686179411764993e-12], [1.3508502076766645e-07, 1.571050719627456e-07, 9.135729297058853e-08, 3.541644613864141e-08, 1.0297409897218909e-08, 2.3951957274595054e-09, 4.6427229679618173e-10, 7.713611153285922e-11, 1.1213747353730332e-11, 1.4490763545047303e-12, 1.685288595732075e-13], [1.2151228927894007e-08, 1.413198653932118e-08, 8.217812565817914e-09, 3.185796192630616e-09, 9.262772757067843e-10, 2.1545373014770603e-10, 4.17624317721531e-11, 6.93858241659083e-12, 1.0087040773314064e-12, 1.3034797209580533e-13, 1.515958425289082e-14]]",-1.0,0.8661448528,0.1338551472,0.6173791212,0.3826208788,0.3402440443,0.6597559557,2.062533356,0-1:0.141|1-1:0.140|0-0:0.134|1-0:0.108|0-2:0.086
2026-08-22,5,Guadalajara,Tijuana,1,0,1.156344287,0.8569761182,0.4199005555,0.3158897424,0.264209657,138.0,217.0,278.0,5.0,2.0,"[[0.14023465286470954, 0.10775432359920553, 0.04903808484448138, 0.014008155864352478, 0.003001163758877029, 0.0005143851336216269, 7.34692958435184e-05, 8.994490279639241e-06, 9.635079206078206e-07, 9.17448086265781e-08, 7.862310996006942e-09], [0.1477333007653391, 0.13902733546321874, 0.05670490926631844, 0.016198251008286382, 0.003470378567600949, 0.0005948063106962862, 8.495580053501733e-05, 1.0400727451352007e-05, 1.1141468796898613e-06, 1.0608858533779632e-07, 9.091538404610516e-09], [0.08928333010237997, 0.0765136816494163, 0.03278519894382932, 0.009365377508225615, 0.0020064762155748623, 0.0003439004396891964, 4.911907730760151e-05, 6.0134108856720015e-06, 6.441686897288695e-07, 6.133746479751461e-08, 5.2564742481241685e-09], [0.03441408956940515, 0.029492052889924333, 0.012636992501399023, 0.0036098669264440593, 0.000773392436443561, 0.00013255576960280002, 1.89328548127852e-05, 2.317857774792338e-06, 2.482935947921676e-07, 2.3642409003801648e-08, 2.0260979892526955e-09], [0.00994863396839857, 0.008525741719442499, 0.0036531785216711, 0.0010435622495080486, 0.000223576981415927, 3.832002672969231e-05, 5.473224625901064e-06, 6.700603991196726e-07, 7.177821997305407e-08, 6.83469114693941e-09, 5.857167088070615e-10], [0.0023008092110079264, 0.0019717385463248137, 0.0008448664227487084, 0.00024134344911623732, 5.1706393043015644e-05, 8.86222879902961e-06, 1.2657864057708065e-06, 1.5496410292340412e-07, 1.6600066922588747e-08, 1.5806512125406728e-09, 1.3545803403212967e-10], [0.00044342126452353523, 0.0003800014339903188, 0.00016282607690213101, 4.651268644074667e-05, 9.965065368041042e-06, 1.7079646073048783e-06, 2.43947479859797e-07, 2.986530919004322e-08, 3.1992320922450678e-09, 3.0462949995249725e-10, 2.610602063527295e-11], [7.324966372362875e-05, 6.277321247594381e-05, 2.6897571976694795e-05, 7.683525607027912e-06, 1.6461494871638988e-06, 2.8214215949109425e-07, 4.0298182102650156e-08, 4.933511381154689e-09, 5.284876790530066e-10, 5.0322368855707536e-11, 4.312506831963988e-12], [1.058772877348651e-05, 9.073430704656449e-06, 3.887856711930688e-06, 1.1106001176781885e-06, 2.3793944442482214e-07, 4.078168428906873e-08, 5.824821582488644e-09, 7.131047126940585e-10, 7.638921356764729e-11, 7.273747968234106e-12, 6.23342829844466e-13], [1.3603399646552836e-06, 1.1657788623168533e-06, 4.995223220429181e-07, 1.4269290016304418e-07, 3.057110191843098e-08, 5.239740850114947e-09, 7.483887956677105e-10, 9.16216178573596e-11, 9.814692301608628e-12, 9.34550767752686e-13, 8.008876891918295e-14], [1.573021346811539e-07, 1.348041727606505e-07, 5.776197834351603e-08, 1.650021199309506e-08, 3.5350719057518174e-09, 6.058944398564274e-10, 8.653951084927535e-11, 1.0594613439557171e-11, 1.1349163373825816e-12, 1.0806624414115557e-13, 9.261019041049459e-15]]",1.0,0.859765302,0.140234698,0.6042776776,0.3957223224,0.3269289272,0.6730710728,2.013320405,1-0:0.148|0-0:0.140|1-1:0.139|0-1:0.108|2-0:0.089
2026-08-22,5,Leon,Monterrey,1,1,1.548292392,1.852530864,0.3202322662,0.2335068299,0.4462560678,212.0,328.0,124.0,2.0,0.0,"[[0.03818098757151, 0.05693895470426382, 0.05721924652835824, 0.03533347339540524, 0.016364087495870826, 0.0060629954281786235, 0.0018719810261031713, 0.0004954146609922734, 0.00011472136872155035, 2.3613875141344475e-05, 4.374543250874166e-06], [0.04679387750643598, 0.10047960548361194, 0.08859212409807964, 0.05470654805478004, 0.025336392178242437, 0.009387289696537389, 0.002898373981411828, 0.000767046750692242, 0.00017762222243601348, 3.656118323616402e-05, 6.773072035504494e-06], [0.03996843929422674, 0.07404276736282375, 0.06858325588331314, 0.04235086608353569, 0.019614071630076658, 0.0072671346111495725, 0.0022437651928588686, 0.0005938063243516955, 0.00013750556785844056, 2.8303700930643886e-05, 5.243347952836662e-06], [0.02062761016496905, 0.03821328447309267, 0.035395644443130696, 0.02185717458940587, 0.01012277262953927, 0.003750549744302881, 0.0011580015261367681, 0.0003064619381820402, 7.096627487544444e-05, 1.4607468275788454e-05, 2.7060785820082313e-06], [0.007984392972896161, 0.014791334409470159, 0.013700701753750048, 0.00846032428397304, 0.003918252963049451, 0.0014517369090950314, 0.00044823123832306115, 0.00011862317186099929, 2.7469135876456785e-05, 5.654158000866211e-06, 1.0474502204324427e-06], [0.002472434979555636, 0.004580262107892437, 0.004242538459143976, 0.0026198111452036335, 0.001213320250828913, 0.00044954264242039036, 0.00013879860326532654, 3.673267091068424e-05, 8.506050820602776e-06, 1.7508579636211493e-06, 3.243518415403167e-07], [0.0006380087115870151, 0.001181930829466135, 0.0010947816701182937, 0.0006760389442690541, 0.0003130957523149576, 0.00011600390888564578, 3.581680358498404e-05, 9.478819153855981e-06, 2.194975629135379e-06, 4.5180667753801197e-07, 8.369858145236472e-08], [0.0001411177192039989, 0.000261424930227467, 0.0002421488758815603, 0.0001495294220529102, 6.925196734264498e-05, 2.565828137357365e-05, 7.922126358616678e-06, 2.096569083535e-06, 4.854948668670361e-07, 9.993269166608423e-08, 1.8512839559490775e-08], [2.731143638435233e-05, 5.059527883149692e-05, 4.686465779411672e-05, 2.8939408325352963e-05, 1.3402786774322363e-05, 4.965815231559605e-06, 1.5332209965736818e-06, 4.057627452693653e-07, 9.396100111425923e-08, 1.9340628282192466e-08, 3.5829110814343848e-09], [4.698454353233886e-06, 8.70403170062219e-06, 8.062243681615347e-06, 4.978518416708753e-06, 2.305714755499258e-06, 8.542815494480502e-07, 2.63763822760655e-07, 6.980437462393072e-08, 1.616434480071651e-08, 3.327216403704376e-09, 6.163771077767327e-10], [7.274581131098335e-07, 1.3476386065184785e-06, 1.2482710557830175e-06, 7.708202189957982e-07, 3.5699206149582353e-07, 1.3226776239685816e-07, 4.083835201677251e-08, 1.0807758218569373e-08, 2.5027132082899753e-09, 5.151503845686898e-10, 9.543319868133621e-11]]",-1.0,0.9618141763,0.03818582372,0.8580813441,0.1419186559,0.6604140528,0.3395859472,3.400823256,1-1:0.100|1-2:0.089|2-1:0.074|2-2:0.069|0-2:0.057
2026-08-22,5,Puebla,Santos Laguna,1,1,1.709204869,0.9903353779,0.5367526924,0.2507991173,0.212446262,-116.0,299.0,371.0,3.0,2.0,"[[0.07298994361294872, 0.060833077451620636, 0.032971534447529684, 0.010884292342880105, 0.002694774942772367, 0.00053374619228739, 8.809795617792833e-05, 1.2463788961138563e-05, 1.542916393937627e-06, 1.6977829890370516e-07, 1.6813745581227506e-08], [0.1091672868743897, 0.11956367224913202, 0.056355107200269275, 0.018603485462837927, 0.0046059224517503265, 0.0009122815904112412, 0.00015057745560591434, 2.130316877257504e-05, 2.637160212236422e-06, 2.901858950551364e-07, 2.8738135805478784e-08], [0.0982116062565166, 0.09726242820098867, 0.048161211796313434, 0.01589858396225523, 0.003936232539276986, 0.0007796380678957082, 0.0001286838601054382, 1.8205739890486707e-05, 2.2537235369099314e-06, 2.479935723019338e-07, 2.4559680815446463e-08], [0.055954585186245985, 0.05541380526837931, 0.027439125892015893, 0.009057979036949793, 0.0022426092732520937, 0.0004441870604434396, 7.331569339735682e-05, 1.0372446418605255e-05, 1.2840250805276577e-06, 1.412906070466521e-07, 1.3992508673013652e-08], [0.02390946235407726, 0.023678386436973464, 0.011724771890636827, 0.0038704854672250667, 0.0009582696720072469, 0.0001898016715607999, 3.1327885023407485e-05, 4.432158979283897e-06, 5.486654797346868e-07, 6.037364836004595e-08, 5.979015986678335e-09], [0.008173233891853522, 0.008094242675351249, 0.0040080074395509235, 0.0013230905208228508, 0.0003275758377498345, 6.48819882169638e-05, 1.0709154720484143e-05, 1.5150935410887073e-06, 1.8755634183020005e-07, 2.0638186741452476e-08, 2.043872646677059e-09], [0.002328288526583819, 0.0023057864979478277, 0.0011417509714569962, 0.0003769054599470236, 9.331570278188375e-05, 1.8482768356607638e-05, 3.0506898976629743e-06, 4.316008761151585e-07, 5.342870209630772e-08, 5.87914820931681e-09, 5.82232846388973e-10], [0.0005685031549935249, 0.0005630087868654967, 0.00027878375986441857, 9.202980673042229e-05, 2.2785093357727862e-05, 4.512976808404015e-06, 7.448934322040256e-07, 1.053849026733173e-07, 1.30457996773823e-08, 1.435524106015825e-09, 1.4216503080855403e-10], [0.00012146104503543874, 0.00012028716994120588, 5.956231995304715e-05, 1.96622242140659e-05, 4.868049062086878e-06, 9.642002415548493e-07, 1.5914693510639564e-07, 2.25155485897082e-08, 2.7872430402886532e-09, 3.0670059885988137e-10, 3.037364534889695e-11], [2.3066867723334784e-05, 2.2843935164879634e-05, 1.131157858267245e-05, 3.734085483622153e-06, 9.244992396788525e-07, 1.8311286078811413e-07, 3.0223857365975054e-08, 4.275965029656885e-09, 5.293299304675426e-10, 5.824601741656579e-11, 5.768309167223673e-12], [3.942600261421429e-06, 3.9044965199951284e-06, 1.933380518414228e-06, 6.382317088074191e-07, 1.5801586014014766e-07, 3.129773931475397e-08, 5.165876415535717e-09, 7.308500246307778e-10, 9.047332942081011e-11, 9.955437654025361e-12, 9.859222111743154e-13]]",1.0,0.927008128,0.072991872,0.7570077637,0.2429922363,0.5062609507,0.4937390493,2.699540246,1-1:0.120|1-0:0.109|2-0:0.098|2-1:0.097|0-0:0.073
2026-08-22,5,Cruz Azul,Atlas,2,0,1.93950893,0.8567774509,0.6225480045,0.2234963895,0.1539493446,-165.0,347.0,550.0,0.0,2.0,"[[0.0661637545225891, 0.047167085651268356, 0.02240238803544723, 0.006397953638693028, 0.0013704056024550575, 0.0002348265237662895, 3.353234507443825e-05, 4.104251019581015e-06, 4.395537158241011e-07, 4.18444124663265e-08, 3.5851349049167755e-09], [0.11325301754572632, 0.10655315897810565, 0.0434496316406095, 0.012408888213839014, 0.0026579139032269286, 0.0004554481397673202, 6.50362827045399e-05, 7.96023150207125e-06, 8.525183569090458e-07, 8.115761163509899e-08, 6.953401162146046e-09], [0.11479998368868358, 0.09835803739325559, 0.04213547427884657, 0.012033574748988635, 0.0025775238747970186, 0.00044167286703941406, 6.306922552889322e-05, 7.719470040240883e-06, 8.267334829649606e-07, 7.870295623835036e-08, 6.743091822768712e-09], [0.0742185311632664, 0.06358876394290516, 0.02724070953985555, 0.007779741893825265, 0.0016663768571993545, 0.0002855428232048198, 4.077444203348488e-05, 4.990660358447382e-06, 5.344856575550121e-07, 5.088169547181737e-08, 4.35942893460759e-09], [0.035986875984476314, 0.030832743873433925, 0.013208399850752025, 0.0037722197183941565, 0.0008079881986820412, 0.0001384532138520006, 1.9770598606530815e-05, 2.4198575825356424e-06, 2.591599264016878e-07, 2.4671375681043524e-08, 2.113787836729758e-09], [0.013959373464540356, 0.011960076413730585, 0.005123561891428509, 0.0014632507656980932, 0.00031342006528183454, 5.370624892140312e-05, 7.66905050844471e-06, 9.386670779699353e-07, 1.0052859829357033e-07, 9.57007068810941e-09, 8.199420769516663e-10], [0.004512388247838186, 0.003866112500654527, 0.0016561990066876436, 0.0004729979877355271, 0.00010131350255847568, 1.736062489366111e-05, 2.479031990532309e-06, 3.034255299511477e-07, 3.249601901287689e-08, 3.093539592855038e-09, 2.6504749667620984e-10], [0.00125025961440078, 0.0010711942454451004, 0.00045888753753941223, 0.0001310548315610655, 2.807120612971124e-05, 4.810155286550084e-06, 6.868720975095644e-07, 8.407093211844524e-08, 9.003759864870745e-09, 8.571353806599982e-10, 7.343742665561817e-11], [0.00030311121081650277, 0.00025969885055605126, 0.00011125205959630959, 3.177275201108232e-05, 6.8055443693863756e-06, 1.1661673914184526e-06, 1.6652432083234146e-07, 2.0382040446141484e-08, 2.1828590823114893e-09, 2.078027155904221e-10, 1.780406809628982e-11], [6.532076667341213e-05, 5.59653599641837e-05, 2.397492922565115e-05, 6.847059582842386e-06, 1.4666015639631304e-06, 2.5131022990469707e-07, 3.588615636233531e-08, 4.392349938902262e-09, 4.704082980385899e-10, 4.478169138851383e-11, 3.8367943396832305e-12], [1.2669021025576115e-05, 1.0854531540254838e-05, 4.6499589321278775e-06, 1.327993320288311e-06, 2.8444868295697144e-07, 4.874184350167642e-08, 6.960152071616663e-09, 8.519001928722146e-10, 9.123610946351837e-11, 8.685449033360323e-12, 7.441496883110472e-13]]",1.0,0.9338299841,0.06617001592,0.7734098809,0.2265901191,0.5296543502,0.4703456498,2.796286381,2-0:0.115|1-0:0.113|1-1:0.107|2-1:0.098|3-0:0.074
2026-08-23,5,Atlético San Luis,Pachuca,1,1,1.216696855,1.408872322,0.3184755576,0.2735262185,0.4079978518,214.0,266.0,145.0,1.0,1.0,"[[0.0786724277599193, 0.09572640599187149, 0.0718526969190282, 0.033743758645555066, 0.011885161897394978, 0.0033489351274955683, 0.0007863703347779638, 0.00015827077133737363, 2.787291363610521e-05, 4.363264061125118e-06, 6.14728196847013e-07], [0.0818131831763944, 0.13037732930516674, 0.0874229503399665, 0.041055925008334035, 0.014460639097643436, 0.004074638836072435, 0.0009567743129195067, 0.00019256754967023645, 3.391288635116074e-05, 5.308769659206563e-06, 7.479378635724062e-07], [0.05358763243421059, 0.07549813212791973, 0.05318361435171317, 0.02497630741132604, 0.008797107053212598, 0.0024788001278552227, 0.0005820521485726362, 0.00011714816599634048, 2.0630851077889865e-05, 3.229581673226172e-06, 4.550068230435147e-07], [0.021733301277063754, 0.030619446630826268, 0.0215694454336641, 0.010129531556097856, 0.0035678041605733497, 0.001005316106294505, 0.00023606033947145636, 4.7511268365507306e-05, 8.367163871784907e-06, 1.3098072878901586e-06, 1.8453512348142637e-07], [0.006610709826276243, 0.009313646101762014, 0.006560869103955883, 0.003081142295861937, 0.001085234025049968, 0.0003057912361160041, 7.180346813601504e-05, 1.4451702695263081e-05, 2.5450754912989926e-06, 3.9840960184552027e-07, 5.613082607837382e-08], [0.00160864597053539, 0.002266376783479474, 0.0015965177605191923, 0.0007497632280248491, 0.0002640801649688962, 7.441104703277147e-05, 1.747261076690317e-05, 3.516668242751415e-06, 6.193170690253529e-07, 9.694874188607652e-08, 1.3658839907765402e-08], [0.0003262057487677032, 0.000459582250654322, 0.00032374635627114976, 0.00015203909354581972, 5.355091768246978e-05, 1.5089281146077995e-05, 3.543145093787987e-06, 7.131198649709926e-07, 1.2558685498636883e-07, 1.9659538219281938e-08, 2.7697779256724136e-09], [5.669907264236059e-05, 7.98817541181509e-05, 5.627159619737168e-05, 2.6426498128860013e-05, 9.307890444032667e-06, 2.6227258442086162e-06, 6.158476416004796e-07, 1.2395009952903646e-07, 2.182873306401622e-08, 3.4170997593427213e-09, 4.814257271803651e-10], [8.623197918237374e-06, 1.2148984872499492e-05, 8.558184262480157e-06, 4.019129644121142e-06, 1.4156101283426985e-06, 3.988827856593582e-07, 9.366248606036379e-08, 1.8851212028916927e-08, 3.3198688575155357e-09, 5.196968161549599e-10, 7.321864600138192e-11], [1.1657575315777412e-06, 1.6424035201821358e-06, 1.1569684304144608e-06, 5.433402662731988e-07, 1.913742656193788e-07, 5.392438118759487e-08, 1.2662094687661167e-08, 2.54846782022728e-09, 4.4880822186790395e-10, 7.025705351008042e-11, 9.898321810231916e-12], [1.4183735219627326e-07, 1.9983071970823246e-07, 1.4076798502221117e-07, 6.610803929828119e-08, 2.328444670412907e-08, 6.560962498024339e-09, 1.5405930779839785e-09, 3.100712781063771e-10, 5.460635518906435e-11, 8.54815360231464e-12, 1.2043257012886744e-12]]",-1.0,0.9213272001,0.07867279989,0.7437876109,0.2562123891,0.4879699523,0.5120300477,2.625569176,1-1:0.130|0-1:0.096|1-2:0.087|1-0:0.082|0-0:0.079
2026-08-23,5,UNAM,Necaxa,2,0,2.33101486,0.9694604376,0.6735283496,0.1893133655,0.1371250507,-206.0,428.0,629.0,1.0,1.0,"[[0.0410772691127643, 0.03152815253234281, 0.017324151645814034, 0.005598359878603045, 0.0013568471044551242, 0.0002630819175315534, 4.25079184829947e-05, 5.887106464929026e-06, 7.134146012198842e-07, 7.684747016638754e-08, 7.450058205688824e-09], [0.08172272918992947, 0.08752158756095102, 0.04038285491841127, 0.01304986006707622, 0.003162830762851075, 0.0006132478590893191, 9.908658963956837e-05, 1.3722932650495104e-05, 1.6629800365837825e-06, 1.7913259488963257e-07, 1.7366196383229275e-08], [0.10015713180498279, 0.09709837682963073, 0.04706651744633888, 0.015209708866801635, 0.0036863027534905137, 0.000714744936113916, 0.00011548615642433736, 1.5994179963610945e-05, 1.938215588346104e-06, 2.0878037027384444e-07, 2.0240430913049583e-08], [0.07782258751473706, 0.07544591974814242, 0.03657091718754052, 0.011818019126836216, 0.002864275498602683, 0.0005553603556633911, 8.973331557230641e-05, 1.2427557054730304e-05, 1.5060031125910114e-06, 1.6222338184196228e-07, 1.5726915075142224e-08], [0.04535140197965116, 0.04396639000951457, 0.021311837849423983, 0.006886994549273515, 0.0016691671873927014, 0.0003236383103874952, 5.229242300271656e-05, 7.242205041144319e-06, 8.776289085580344e-07, 9.453627841685535e-08, 9.164918184422315e-09], [0.021142958384727847, 0.020497261688072536, 0.009935642142984199, 0.0032107373266315386, 0.0007781707034334238, 0.0001508811421374956, 2.4378883014004804e-05, 3.3763375136072995e-06, 4.091532054334822e-07, 4.407309395443727e-08, 4.27271209519876e-09], [0.008214091695535495, 0.007963236929739704, 0.003860021579357118, 0.0012473794031718916, 0.00030232124551683357, 5.8617697395636545e-05, 9.471256428164504e-06, 1.3117154859406714e-06, 1.589570336278253e-07, 1.7122506153594683e-08, 1.6599592308679637e-09], [0.002735309971626361, 0.002651774802097615, 0.0012853953800451379, 0.00041537998921437405, 0.00010067361652976847, 1.951981766738829e-05, 3.153948496322418e-06, 4.368040413501045e-07, 5.2933029634750365e-08, 5.701830897093237e-09, 5.527699476686156e-10], [0.0007970060237246952, 0.0007726658085396175, 0.0003745344664373598, 0.0001210321159110582, 2.9333962014063037e-05, 5.687623130210017e-06, 9.189876014643439e-07, 1.2727458889652995e-07, 1.542345983106614e-08, 1.6613815685908849e-09, 1.610643702526783e-10], [0.00020642587606527936, 0.0002001217201447055, 9.700504519358554e-05, 3.134751785465144e-05, 7.597544594355826e-06, 1.4731037814443192e-06, 2.3801930610117304e-07, 3.296432866470996e-08, 3.994701561609821e-09, 4.3030056933866446e-10, 4.171593782557939e-11], [4.811817845385999e-05, 4.664867034097591e-05, 2.2612020181392395e-05, 7.307152993448717e-06, 1.7709989346818285e-06, 3.4338268044543946e-07, 5.548265394217485e-08, 7.684033995808728e-09, 9.311708700253659e-10, 1.0030370212738081e-10, 9.724047095852352e-12]]",1.0,0.9588894968,0.04111050325,0.845638615,0.154361385,0.640635744,0.359364256,3.300475297,2-0:0.100|2-1:0.097|1-1:0.088|1-0:0.082|3-0:0.078
2026-08-28,6,Atlante,Leon,1,1,1.446482247,0.9291057334,0.4804678798,0.2881462678,0.2313854592,108.0,247.0,332.0,1.0,1.0,"[[0.10368759282670578, 0.07564171846097877, 0.04012319729133238, 0.012426230882250389, 0.002886320589392868, 0.0005363394016219651, 8.305266885152114e-05, 1.1023530115180285e-05, 1.2802531290757347e-06, 1.3216561360673094e-07, 1.2279582936375141e-08], [0.1237369432371533, 0.13565972191765363, 0.058037492577125406, 0.017974322369021373, 0.0041750114918753045, 0.0007758054228439832, 0.00012013421106452774, 1.5945340611519567e-05, 1.8518634229487433e-06, 1.9117521375368822e-07, 1.776219871874528e-08], [0.09725041623981016, 0.09035591930645244, 0.0419751013382916, 0.012999769104845134, 0.003019540002130772, 0.0005610943856576458, 8.688600178459028e-05, 1.1532326058929494e-05, 1.3393437826358816e-06, 1.3826577638613205e-07, 1.2846352557692358e-08], [0.04689033353663486, 0.04356607773113517, 0.020238746301435708, 0.006267978408671327, 0.0014559036691214001, 0.0002705376892592681, 4.189301969975859e-05, 5.5604349705093384e-06, 6.457790014301873e-07, 6.666633030608568e-08, 6.194006971384175e-09], [0.016956508754844855, 0.015754389503011, 0.00731874680693532, 0.002266629873271774, 0.0005264847027027453, 9.783199116841887e-05, 1.5149377317839918e-05, 2.010767617690817e-06, 2.3352696527293223e-07, 2.410791581606752e-08, 2.239880280565463e-09], [0.004905457777193961, 0.004557688945869054, 0.0021172874653891467, 0.0006557279744678738, 0.00015231015516144571, 2.8302447683894246e-05, 4.382661068848283e-06, 5.817079323898501e-07, 6.755852189533405e-08, 6.97433444830299e-09, 6.479894122747307e-10], [0.0011826095980674296, 0.0010987693579688211, 0.0005104364551007043, 0.00015808314566120055, 3.671898924795151e-05, 6.823164687174353e-06, 1.0565735718270164e-06, 1.40238366195807e-07, 1.628703375984875e-08, 1.6813751607527714e-09, 1.5621753018951102e-10], [0.0002443748269721648, 0.00022705005284477436, 0.00010547675293635449, 3.266635196543427e-05, 7.587623725297466e-06, 1.4099409412502887e-06, 2.1833070205123374e-07, 2.8978901008382806e-08, 3.365557884408364e-09, 3.474399029533553e-10, 3.228084058548627e-11], [4.4185481105394026e-05, 4.105298382919862e-05, 1.9071281324972386e-05, 5.906412274269367e-06, 1.3719203770000348e-06, 2.5493181761488133e-07, 3.947643556310747e-08, 5.239683230985285e-09, 6.085274664054254e-10, 6.28207064427059e-11, 5.836707853377656e-12], [7.101501555186395e-06, 6.5980458108558626e-06, 3.0651410961361064e-06, 9.492800553930254e-07, 2.2049538552310329e-07, 4.097270537668914e-08, 6.344662579907949e-09, 8.421231970920792e-10, 9.780268633363856e-11, 1.009655962411424e-11, 9.380771434639887e-13], [1.0272195927033207e-06, 9.543956130679627e-07, 4.433672180289341e-07, 1.373116747612421e-07, 3.189426607174191e-08, 5.926629094132626e-09, 9.177441785411227e-10, 1.218116254429573e-10, 1.4146984949620829e-11, 1.4604494252645703e-12, 1.3569119343917132e-13]]",1.0,0.896312014,0.103687986,0.6969333523,0.3030666477,0.4239000169,0.5760999831,2.37558798,1-1:0.136|1-0:0.124|0-0:0.104|2-0:0.097|2-1:0.090
2026-08-28,6,Necaxa,Cruz Azul,1,1,1.391689535,1.678933889,0.3097815596,0.2558047921,0.4344117607,223.0,291.0,130.0,1.0,3.0,"[[0.05570024659545231, 0.06858145392598929, 0.06538564105706639, 0.03659272288478032, 0.015359190639658182, 0.005157413135899354, 0.0014431592826288793, 0.0003461384324978296, 7.264294309535824e-05, 1.3551410999158695e-05, 2.2751923176398337e-06], [0.05525554955363051, 0.11770599245998306, 0.09099651240149981, 0.050925709497646604, 0.02137522488001377, 0.007177517889148299, 0.002008429671041453, 0.00048171723418501914, 0.00010109642370087038, 1.8859356872658473e-05, 3.166361338680115e-06], [0.044926223997853995, 0.07542815999516932, 0.06331944701749949, 0.03543638848637519, 0.014873838387402426, 0.004994438266972414, 0.00139755527753377, 0.00033520041683368927, 7.034741744762114e-05, 1.3123184798703678e-05, 2.203295969610257e-06], [0.020841118595673003, 0.03499086030439176, 0.02937367059308559, 0.016438817005456866, 0.0068999217432458805, 0.0023169024898623066, 0.0006483210181314436, 0.0001554983040836827, 3.2633921559827084e-05, 6.0877996502840065e-06, 1.0221013145064035e-06], [0.007251091662071156, 0.012174103526983863, 0.010219757492583362, 0.0057194323987643245, 0.0024006372206807187, 0.0008061022372167909, 0.00022556539407123831, 5.4101340627728744e-05, 1.1354071780594127e-05, 2.1180817661917147e-06, 3.5561192578924644e-07], [0.002018253676755108, 0.0033885144954179723, 0.0028445459106305705, 0.0015919348431545327, 0.0006681883394934359, 0.0002243688095426177, 6.278339967956733e-05, 1.5058453916731432e-05, 3.160268575446487e-06, 5.895424456768412e-07, 9.898027913180559e-08], [0.0004681304201685802, 0.0007859600271050641, 0.0006597874626311816, 0.0003692465102826416, 0.0001549851199189777, 5.204195403859256e-05, 1.4562500051461073e-05, 3.492782121652016e-06, 7.330187840647916e-07, 1.3674334201914074e-07, 2.295830310730449e-08], [9.307031525515166e-05, 0.00015625890638398097, 0.0001311741867284918, 7.341092917331545e-05, 3.0813024211334677e-05, 1.0346606116991264e-05, 2.895211275106986e-06, 6.944097609863653e-07, 1.4573351011090093e-07, 2.71863254393538e-08, 4.564404310983867e-09], [1.619062297052227e-05, 2.7182985596571664e-05, 2.2819217867303184e-05, 1.2770652736078218e-05, 5.360270417260458e-06, 1.7999079320345643e-06, 5.036544041647864e-07, 1.2080034967495616e-07, 2.5351975115887315e-08, 4.729365576293474e-09, 7.940292141653158e-10], [2.503591172664177e-06, 4.2033640651221335e-06, 3.5285851893219677e-06, 1.9747537520586025e-06, 8.288702494140851e-07, 2.783236703401913e-07, 7.788117372853134e-08, 1.8679620274747856e-08, 3.920230940174252e-09, 7.313120644380138e-10, 1.2278246087510693e-10], [3.484221635034354e-07, 5.84977778142573e-07, 4.910695081503436e-07, 2.7482441310359953e-07, 1.1535300520218993e-07, 3.873401393684901e-08, 1.0838641445522332e-08, 2.599623205503009e-09, 5.455744374410431e-10, 1.0177593469324604e-10, 1.7087506588728114e-11]]",-1.0,0.9442978659,0.05570213412,0.8204608624,0.1795391376,0.5924430049,0.4075569951,3.070623425,1-1:0.118|1-2:0.091|2-1:0.075|0-1:0.069|0-2:0.065
2026-08-28,6,Tijuana,UNAM,1,1,1.410253723,1.295285961,0.3872817108,0.2783453938,0.3343724595,158.0,259.0,199.0,2.0,0.0,"[[0.07731755044075624, 0.07608615326795072, 0.056066102383696144, 0.024207211759221737, 0.007838815383654258, 0.0020307015026827784, 0.0004383898577325279, 8.112003256391146e-05, 1.3134204911936699e-05, 1.8902834694207854e-06, 2.448457639309613e-07], [0.08376993684712337, 0.1325682074285723, 0.07906742962015946, 0.03413831050665557, 0.011054718578631585, 0.0028638043544402633, 0.0006182409289884591, 0.00011439982793234563, 1.8522561375575426e-05, 2.66577930025757e-06, 3.452946501420276e-07], [0.06646049308010471, 0.08608534361469507, 0.05575256849454934, 0.02407183974430393, 0.007794979016062285, 0.0020193453763825216, 0.0004359382859054596, 8.066639162551666e-05, 1.3060755569610235e-05, 1.8797125914292778e-06, 2.4347653294570347e-07], [0.031242052599328243, 0.04046739210917259, 0.02620842242856885, 0.011315800539543012, 0.0036642993926775443, 0.0009492631116821926, 0.00020492786356405264, 3.792002637002452e-05, 6.139659722369448e-06, 8.836238934049235e-07, 1.1445456234914468e-07], [0.011014805248014894, 0.014267322595416633, 0.009240131325897535, 0.003989537459876376, 0.001291897965168596, 0.00033467545933677813, 7.225007063391032e-05, 1.3369214591053794e-05, 2.164619495341185e-06, 3.1153347134935623e-07, 4.0352493166524975e-08], [0.0031067340218050884, 0.004024108961457817, 0.0026061859206531488, 0.001125252011159937, 0.00036438078302050567, 9.439546250463204e-05, 2.0378186219555974e-05, 3.770796930097811e-06, 6.105325404324323e-07, 8.786824756130058e-08, 1.1381450744006016e-08], [0.0007302138700985112, 0.0009458357741023791, 0.0006125638995676416, 0.00026448180634009274, 8.564489264012783e-05, 2.218692540509049e-05, 4.789735497319536e-06, 8.86296734885101e-07, 1.4350096469192116e-07, 2.0652753875992038e-08, 2.67512221412742e-09], [0.0001471124041265052, 0.00019055263168074786, 0.00012341007427638364, 5.3283778864899894e-05, 1.7254432671548513e-05, 4.4698848791765116e-06, 9.649631881761972e-07, 1.7855761000654382e-07, 2.8910395672781808e-08, 4.160803291945552e-09, 5.389430088467266e-10], [2.5933226952181092e-05, 3.359094478167033e-05, 2.1754939587846514e-05, 9.392955939901719e-06, 3.0416409891419663e-06, 7.87958974024557e-07, 1.7010536608425175e-07, 3.147644178499598e-08, 5.096374141332685e-09, 7.334735416370328e-10, 9.500579808820728e-11], [4.063603317607142e-06, 5.263528326345582e-06, 3.408887171909817e-06, 1.4718278982366343e-06, 4.766095032152423e-07, 1.2346911963130034e-07, 2.665463620232601e-08, 4.932196579308466e-09, 7.985756229517353e-10, 1.1493153253427378e-10, 1.4886920051061503e-11], [5.730711707410958e-07, 7.422910418293438e-07, 4.807395825439486e-07, 2.075650773089112e-07, 6.721403263218237e-08, 1.741227856343685e-08, 3.758979993928066e-09, 6.955648588489486e-10, 1.126194245356934e-10, 1.6208262164543336e-11, 2.0994334425867525e-12]]",1.0,0.9226820136,0.07731798636,0.7628259235,0.2371740765,0.5077311206,0.4922688794,2.705539683,1-1:0.133|2-1:0.086|1-0:0.084|1-2:0.079|0-0:0.077
2026-08-29,6,Pachuca,Guadalajara,1,1,1.25028515,1.157612707,0.3733943771,0.2980861758,0.3285193102,168.0,235.0,204.0,1.0,1.0,"[[0.10119022263631003, 0.09300419394142671, 0.06030590270538714, 0.023270293086135832, 0.0067344967410580886, 0.0015591878000829505, 0.0003008226015744269, 4.974800943333178e-05, 7.1986159813884275e-06, 9.259121478252151e-07, 1.0718476675740814e-07], [0.10134511211543572, 0.14145328311499772, 0.07539957460069062, 0.029094501878193384, 0.008420041267040967, 0.0019494293522670254, 0.0003761140314869817, 6.219919742896552e-05, 9.000322660984469e-06, 1.157654208489222e-06, 1.3401152216664988e-07], [0.07034794220164073, 0.08143567178006053, 0.047135484214029175, 0.018188211820256945, 0.005263726278642009, 0.0012186712849080962, 0.00023512489410871444, 3.88833664389326e-05, 5.626484883432177e-06, 7.236989327662383e-07, 8.377630803670726e-08], [0.029318329152346004, 0.0339392703648202, 0.0196442653145565, 0.007580150380382363, 0.002193719599682625, 0.0005078955366887005, 9.799105448785983e-05, 1.620509854489136e-05, 2.3449034985321344e-06, 3.0161000953269155e-07, 3.491475794911351e-08], [0.009164067889379434, 0.010608441433448072, 0.006140233300613326, 0.0023693373635506384, 0.0006856937596031187, 0.0001587535617989205, 3.062919006101582e-05, 5.06524851562304e-06, 7.329495055100138e-07, 9.427462899101788e-08, 1.0913350843573692e-08], [0.002291539598856994, 0.002652715357453304, 0.001535408502471127, 0.0005924694641252144, 0.00017146254499496934, 3.969744416051595e-05, 7.659044297028638e-06, 1.2666009998740654e-06, 1.8327917646544038e-07, 2.3574033726969508e-08, 2.7289600989590657e-09], [0.000477512988456379, 0.0005527751030326878, 0.0003199497415981927, 0.00012345929545563833, 3.572951229370996e-05, 8.272187486798554e-06, 1.5959982244331135e-06, 2.639354034874119e-07, 3.8191872101834954e-08, 4.912377381805472e-09, 5.686630477091229e-10], [8.528962833232678e-05, 9.87323575038805e-05, 5.714691580253561e-05, 2.205133195983048e-05, 6.381725518873923e-06, 1.4775133102140186e-06, 2.850646970273742e-07, 4.714207364275799e-08, 6.821532933399622e-09, 8.774103558454111e-10, 1.0157013768824405e-10], [1.3329544467489537e-05, 1.5430450049566376e-05, 8.931242523436588e-06, 3.4463066104665576e-06, 9.973720808313204e-07, 2.3091411880781657e-07, 4.4551519679885973e-08, 7.367629326069385e-09, 1.0661076657281057e-09, 1.3712664227948526e-10, 1.5873954352446512e-11], [1.8517479446592661e-06, 2.143606950270631e-06, 1.2407333218598696e-06, 4.787628863208261e-07, 1.3855550017064998e-07, 3.2078721515058076e-08, 6.1891226065442024e-09, 1.0235152817739025e-09, 1.4810428695537545e-10, 1.9049711610053756e-11, 2.2052188218022396e-12], [2.3152129564680162e-07, 2.6801199370331486e-07, 1.55127044724229e-07, 5.985901270650312e-08, 1.732338842930493e-08, 4.010754913636896e-09, 7.738168085547352e-10, 1.2796859574438376e-10, 1.8517259060905117e-11, 2.381757153492675e-12, 2.7571523450634283e-13]]",1.0,0.8988096404,0.1011903596,0.7044603344,0.2955396656,0.4323532063,0.5676467937,2.407897857,1-1:0.141|1-0:0.101|0-0:0.101|0-1:0.093|2-1:0.081
2026-08-29,6,Atlas,Querétaro,1,0,1.169035979,0.8006369973,0.4332269685,0.3264200641,0.2403529183,131.0,206.0,316.0,1.0,3.0,"[[0.15071443403958362, 0.10047887361634716, 0.044711908674211175, 0.011932669434727369, 0.0023884341564790433, 0.00038245375025532796, 5.103443703467804e-05, 5.8371512037156225e-06, 5.841799015613836e-07, 5.196844914059171e-08, 4.1607863073923904e-09], [0.151871441245598, 0.1417825729954094, 0.05226982991339828, 0.013949719890301906, 0.0027921654615142197, 0.0004471021942106788, 5.966109304269636e-05, 6.823839769850453e-06, 6.829273229181372e-07, 6.075298679898597e-08, 4.864108892735246e-09], [0.09532518448555488, 0.07632086947296461, 0.030552655882832173, 0.008153862221790889, 0.0016320709413999125, 0.0002613392755784838, 3.4872982145669786e-05, 3.9886571016827515e-06, 3.991833056405887e-07, 3.551121368864212e-08, 2.843159149792266e-09], [0.03714619011107092, 0.02974061411142172, 0.011905717989916848, 0.003177386100690119, 0.0006359832167246682, 0.00010183833859350127, 1.3589256936810125e-05, 1.554294552762524e-06, 1.5555321545418063e-07, 1.3837962148953985e-08, 1.1079184463599784e-09], [0.010856308177223481, 0.008691961980705194, 0.0034795531704105813, 0.0009286196674268809, 0.0001858718155390891, 2.9763170454941916e-05, 3.971582570496607e-06, 4.5425656339223514e-07, 4.5461826364403465e-08, 4.044268905763889e-09, 3.2379913129583143e-10], [0.0025382829708551595, 0.002032243256066727, 0.0008135445691536256, 0.00021711796033720054, 4.345816795571694e-05, 6.958843419988455e-06, 9.285845834025441e-07, 1.0620845322692262e-07, 1.062930213484893e-08, 9.455791716189957e-10, 7.570656686683185e-11], [0.000494557352812506, 0.0003959609139452321, 0.0001585104785933524, 4.2303117873512984e-05, 8.46736031760072e-06, 1.3558563879372133e-06, 1.809247978665461e-07, 2.0693583842829542e-08, 2.071006103895565e-09, 1.8423601204438667e-10, 1.475061674765489e-11], [8.259361984773213e-05, 6.612750779048997e-05, 2.647206463794056e-05, 7.064838114626818e-06, 1.4140926936148904e-06, 2.2643498562210364e-07, 3.0215371161780076e-08, 3.4559348627252187e-09, 3.4586866391678436e-10, 3.076836094847255e-11, 2.4634288121428e-12], [1.20693641509171e-05, 9.663179473032209e-06, 3.8683494987983985e-06, 1.0323812423999355e-06, 2.0664065449430706e-07, 3.3088830626617555e-08, 4.415356999474775e-09, 5.050140242911955e-10, 5.0541613999951754e-11, 4.496165119032121e-12, 3.5997961402377e-13], [1.5677245479573806e-06, 1.2551782746599236e-06, 5.024710824458853e-07, 1.3409897955876455e-07, 2.6841151083513273e-08, 4.298003721481106e-09, 5.735234656538281e-10, 6.559772934549269e-11, 6.564996131555947e-12, 5.840198655569415e-13, 4.6758791151926985e-14], [1.8327264011445606e-07, 1.4673485626729231e-07, 5.87406773600699e-08, 1.567665318018442e-08, 3.1378271324486543e-09, 5.024520986699594e-10, 6.704695659382323e-11, 7.668610572135282e-12, 7.674716677359565e-13, 6.827402350710665e-14, 5.466270917387648e-15]]",1.0,0.8492855169,0.1507144831,0.596935202,0.403064798,0.3151155359,0.6848844641,1.969672976,1-0:0.152|0-0:0.151|1-1:0.142|0-1:0.100|2-0:0.095
2026-08-29,6,America,Puebla,2,0,2.159540242,0.7282439054,0.6956018859,0.1994292112,0.1049521684,-229.0,401.0,853.0,2.0,0.0,"[[0.06322136626625612, 0.03304095145509288, 0.014769813172762361, 0.003585342142341731, 0.0006527508909874426, 9.5072371621774e-05, 1.1539312534315848e-05, 1.2004905750959487e-06, 1.0928124310112478e-07, 8.842599918156247e-09, 6.43956949832635e-10], [0.11276343868196759, 0.09511891019222579, 0.03189600590830045, 0.007742690636487064, 0.0014096418168632737, 0.00020531261238676126, 2.491960977888434e-05, 2.5925077066467685e-06, 2.3599724213491752e-07, 1.909595036411004e-08, 1.3906509470567243e-09], [0.12988048056170168, 0.09458466840004848, 0.03444035415351376, 0.008360326004088021, 0.001522089114917668, 0.00022169042428422125, 2.690745006191504e-05, 2.7993123596516805e-06, 2.5482277065492883e-07, 2.061923663196717e-08, 1.5015833411320346e-09], [0.09349404145947737, 0.06808646588448679, 0.02479177691044964, 0.006018153479726478, 0.0010956708983497095, 0.00015958313081041893, 1.936924040300565e-05, 2.015075896542961e-06, 1.8343334257307943e-07, 1.4842690419643883e-08, 1.080909883790929e-09], [0.05047603622166611, 0.036758865747397985, 0.013384709975059805, 0.00324911115498074, 0.0005915363491490097, 8.615654821858223e-05, 1.045716352514319e-05, 1.0879093721431838e-06, 9.903292123694451e-08, 8.013346813910523e-09, 5.835670979121758e-10], [0.021801006291980594, 0.015876449963816937, 0.005780963962803466, 0.00140331725775795, 0.00025548931007774594, 3.721170659201658e-05, 4.51653308922187e-06, 4.698768136832782e-07, 4.277311573195834e-08, 3.461028982994883e-09, 2.5204732632938626e-10], [0.007846691732682844, 0.0057143054319130455, 0.002080704052204848, 0.0005050866816561105, 9.195657440424343e-05, 1.3393362974350546e-05, 1.62560582648986e-06, 1.6911964796157942e-07, 1.539504411401886e-08, 1.2457052277183864e-09, 9.071772400162611e-11], [0.002420749508655289, 0.0017628960761888093, 0.0006419091616728789, 0.00015582214493716493, 2.836913184438123e-05, 4.131929473456669e-06, 5.015087427675758e-07, 5.217438363249847e-08, 4.749459612324492e-09, 3.8430722407105093e-10, 2.7986939373260933e-11], [0.0006534632473633355, 0.0004758806272980897, 0.0001732785832649184, 4.20630240665928e-05, 7.658035229843262e-06, 1.1153834967010447e-06, 1.353785389435228e-07, 1.4084085129738158e-08, 1.2820811448659963e-09, 1.0374086444250047e-10, 7.55486522716305e-12], [0.0001567977976803795, 0.00011418704054156202, 4.157800817527647e-05, 1.009297701749922e-05, 1.8375372500950155e-06, 2.67635060667036e-07, 3.24839336338824e-08, 3.379460956062074e-09, 3.076339806005241e-10, 2.4892507940846034e-11, 1.8127817198150678e-12], [3.386111538935947e-05, 2.4659150912494763e-05, 8.978938182235317e-06, 2.1796190027384518e-06, 3.968235637119506e-07, 5.779686835881326e-08, 7.015036188960615e-09, 7.298081929716552e-10, 6.643479608072201e-11, 5.375637261396352e-12, 3.91477507327646e-13]]",1.0,0.9367618992,0.06323810076,0.7909575091,0.2090424909,0.5511883052,0.4488116948,2.887784147,2-0:0.130|1-0:0.113|1-1:0.095|2-1:0.095|3-0:0.093
2026-08-29,6,Santos Laguna,UANL,1,1,1.179002431,2.10709892,0.1988532126,0.2226342845,0.5784990627,403.0,349.0,-137.0,0.0,0.0,"[[0.045377486474036416, 0.07082606364808233, 0.08302409869281369, 0.058313329556526475, 0.03071798842902459, 0.012945168047192476, 0.004546124934722663, 0.001368447848434695, 0.0003604318728978823, 8.438506778108727e-05, 1.7780768516530558e-05], [0.036115837283231644, 0.10088843080841493, 0.09788561419529697, 0.06875155731028043, 0.03621658303505752, 0.015262384598105236, 0.005359892349935262, 0.0016134033400817538, 0.0004249500543776966, 9.949020005896746e-05, 2.0963569307084133e-05], [0.025993437820451864, 0.0547707447522928, 0.05770368855097176, 0.04052912660395114, 0.02134971972148871, 0.008997194272460589, 0.003159663055393695, 0.0009511032301174258, 0.00025050857359494675, 5.864959386802685e-05, 1.2358049588361411e-05], [0.010215442127296574, 0.021524947071285598, 0.022677596360886083, 0.01592797959825006, 0.008390457151353397, 0.0035359046399799222, 0.0012417501412119968, 0.0003737843401654556, 9.845007242317542e-05, 2.3049337917005896e-05, 4.856723502607962e-06], [0.0030110077756059037, 0.00634449123136468, 0.006684235310013986, 0.004694781667048132, 0.002473092344785185, 0.0010422100416321459, 0.0003660066088141525, 0.00011017316143669975, 2.901821868121083e-05, 6.7938063596117e-06, 1.4315222041388559e-06], [0.0007099970974752907, 0.0014960341171220998, 0.001576145936055176, 0.0011070317997480515, 0.0005831563773469518, 0.00024575363455164856, 8.63045363150981e-05, 2.5978885034261577e-05, 6.842510074028968e-06, 1.6019828428250508e-06, 3.375536317588862e-07], [0.0001395147173280154, 0.00029397131017232177, 0.00030971331505209556, 0.00021753219719373377, 0.000114590464429921, 4.829068876299016e-05, 1.6958876354484524e-05, 5.104861435265447e-06, 1.3445560019707999e-06, 3.147902777008828e-07, 6.632942540941157e-08], [2.3498312985459708e-05, 4.951326990781737e-05, 5.216467876824502e-05, 3.6638712760712075e-05, 1.9300348019862736e-05, 8.133548492724504e-06, 2.856365207137663e-06, 8.598062917709306e-07, 2.2646211357404806e-07, 5.3019786097575746e-08, 1.1171793401204667e-08], [3.463071016954832e-06, 7.297033198873688e-06, 7.687785385395583e-06, 5.399641426968289e-06, 2.844394654462495e-06, 1.1986841807571507e-06, 4.2095769040090135e-07, 1.267142135297024e-07, 3.337492280581591e-08, 7.813807087907729e-09, 1.6464464474134351e-09], [4.5366323865768714e-07, 9.559133201099113e-07, 1.0071019620933417e-06, 7.073544854712978e-07, 3.7261646805578597e-07, 1.570279514649405e-07, 5.514557115062006e-08, 1.6599596200136564e-08, 4.3721239027175935e-09, 1.023610839163119e-09, 2.1568492934540487e-10], [5.3487006125944233e-08, 1.1270241282911177e-07, 1.1873756616321831e-07, 8.339726579910389e-08, 4.393157216903323e-08, 1.8513633652135522e-08, 6.5016762448709585e-09, 1.9570964274556183e-09, 5.15474471019453e-10, 1.2068396678315022e-10, 2.5429305604098767e-11]]",-1.0,0.9546090734,0.04539092664,0.8476671724,0.1523328276,0.6377612051,0.3622387949,3.286101351,1-1:0.101|1-2:0.098|0-2:0.083|0-1:0.071|1-3:0.069
2026-08-30,6,Toluca,FC Juárez,2,0,2.909565884,0.7661797496,0.8032960324,0.1319508584,0.06452672709,-408.0,658.0,1450.0,4.0,0.0,"[[0.030179365219552983, 0.01455887069146103, 0.007434902833273334, 0.0018988239969991185, 0.00036371012363240726, 5.573346628935088e-05, 7.11697554086045e-06, 7.789832196728188e-07, 7.460514602262623e-08, 6.351216899720044e-09, 4.86617377379707e-10], [0.06885193716364219, 0.06131690776972081, 0.02163233963726136, 0.005524753522082374, 0.0010582385675190571, 0.0001621601921329065, 2.070730923354827e-05, 2.2665030004529014e-06, 2.1706858766550831e-07, 1.8479284015628384e-08, 1.4158453199632025e-09], [0.10721865385275478, 0.08214876135990572, 0.03147035870378704, 0.008037317183688341, 0.0015395074167864093, 0.00023590788141599552, 3.012464025146501e-05, 3.2972699034644243e-06, 3.157876786194366e-07, 2.688334716968262e-08, 2.059747620251446e-09], [0.1039865791391746, 0.07967241116521, 0.030521694017756805, 0.007795034626493606, 0.0014930994195362494, 0.00022879650787360778, 2.9216541851477888e-05, 3.1978746742212765e-06, 3.0626835213798554e-07, 2.607295659415036e-08, 1.997657135428589e-09], [0.07563895077379292, 0.05795303236285057, 0.022201219911773717, 0.005670041704172568, 0.0010860677832619928, 0.00016642462844272877, 2.125186335754614e-05, 2.326106763647328e-06, 2.227769872103482e-07, 1.8965246252717842e-08, 1.4530787624753725e-09], [0.04401530214011949, 0.033723633171691074, 0.0129191824093167, 0.0032994719810775473, 0.0006319971540574203, 9.684468424701956e-05, 1.2366739320860912e-05, 1.353592176579826e-06, 1.2963686436177293e-07, 1.10361266970981e-08, 8.455656789187544e-10], [0.021344236916152157, 0.016353522095532477, 0.006264868732006219, 0.001600005185426949, 0.0003064728930768819, 4.6962664894539385e-05, 5.996973804802179e-06, 6.563942697200223e-07, 6.286449965051295e-08, 5.351722955567882e-09, 4.10038175395334e-10], [0.00887178050843457, 0.006797378568338827, 0.002604006904667257, 0.0006650457860464959, 0.00012738615345416596, 1.9520138230860182e-05, 2.4926557702690652e-06, 2.7283176769572946e-07, 2.612977193154469e-08, 2.2244557905848217e-09, 1.7043329805965255e-10], [0.003226628737614535, 0.0024721775981941226, 0.0009470662065588693, 0.00024187431632770505, 4.632980077884197e-05, 7.099391031825157e-06, 9.065682738300781e-07, 9.922775043231404e-08, 9.503286622282824e-09, 8.090250849454928e-10, 6.198586369927372e-11], [0.0010431209884972478, 0.000799218177755248, 0.00030617239164874914, 7.819436212124658e-05, 1.4977734197283278e-05, 2.2951273273295458e-06, 2.9308001348708214e-07, 3.207885304890596e-08, 3.072270949504133e-09, 2.6154575408366333e-10, 2.0039106036923433e-11], [0.0003035029241396763, 0.00023253779441610893, 8.908287454756619e-05, 2.275116483776675e-05, 4.3578704445503505e-06, 6.677824171872033e-07, 8.527356086312692e-08, 9.333553644065725e-09, 8.938974742203112e-10, 7.609846032823636e-11, 5.830509927820658e-12]]",1.0,0.9695942526,0.03040574741,0.8861834447,0.1138165553,0.7102129803,0.2897870197,3.675745634,2-0:0.107|3-0:0.104|2-1:0.082|3-1:0.080|4-0:0.076
2026-08-30,6,Monterrey,Atlético San Luis,1,1,2.161232654,1.175494015,0.5905809698,0.2178008877,0.1916012386,-144.0,359.0,422.0,1.0,3.0,"[[0.0433091170209576, 0.03403653637612864, 0.024563421963114142, 0.00962471850458429, 0.0028284497503521804, 0.0006649651508421213, 0.00013027709253671192, 2.187713465885105e-05, 3.2145551080156476e-06, 4.1985447682580273e-07, 4.935364248197214e-08], [0.06908264479125477, 0.09807930700691862, 0.053087269650642886, 0.02080125592157602, 0.006112937961808445, 0.0014371443980421956, 0.0002815591065114515, 4.728157780955245e-05, 6.947401468831949e-06, 9.074032054145928e-07, 1.0666470374593159e-07], [0.08303306427278634, 0.09760487012746472, 0.05736697035112063, 0.022478176775186126, 0.0066057405687101126, 0.00155300170107293, 0.00030425736756900344, 5.109324495692823e-05, 7.507475458854906e-06, 9.805547191274771e-07, 1.1526362040413999e-07], [0.059817923300587286, 0.0703156108495205, 0.041327789869066406, 0.016193523219349755, 0.004758847407877551, 0.0011187993295691094, 0.00021919031937794222, 3.680812980683088e-05, 5.4084670379436825e-06, 7.064022928034962e-07, 8.303716676083938e-08], [0.032320112288999996, 0.03799209857062718, 0.022329742249866915, 0.00874949279288628, 0.0025712441038104198, 0.0006044964111981552, 0.00011843031894233798, 1.9887733021537073e-05, 2.9222388931709843e-06, 3.8167492558859687e-07, 4.4865659083226605e-08], [0.01397025641461295, 0.01642195280805239, 0.009651953622977622, 0.0037819379066956604, 0.0011114113439209424, 0.00026129147667057283, 5.119109451398649e-05, 8.596403605652031e-06, 1.2631276239794439e-06, 1.6497766251003316e-07, 1.9393025494425888e-08], [0.005032162392281731, 0.005915276776313636, 0.0034766862247990493, 0.0013622746168146023, 0.00040033641482658595, 9.41186119497467e-05, 1.8439310846404346e-05, 3.096471363831851e-06, 4.5498544460449974e-07, 5.942585191071722e-08, 6.985473327714472e-09], [0.0015536676692106495, 0.0018263270469743135, 0.0010734182568800325, 0.00042059891230407614, 0.0001236028760673085, 2.9058888219026645e-05, 5.693091532285305e-06, 9.560278607067676e-07, 1.404756285941155e-07, 1.834758452362206e-08, 2.156747580334383e-09], [0.00041972966259916995, 0.0004933897064432862, 0.00028998832357562515, 0.00011362651295991689, 3.3391821491900044e-05, 7.850377264962813e-06, 1.538011915512365e-06, 2.5827482888520627e-07, 3.7950064458231477e-08, 4.956674850241424e-09, 5.826541622413016e-10], [0.00010079260587025112, 0.00011848110499035146, 6.963691492313092e-05, 2.7285925579476866e-05, 8.01861055537779e-06, 1.8851657438273738e-06, 3.6933350829681e-07, 6.202133266643383e-08, 9.113213171550376e-09, 1.1902808381795742e-09, 1.3991680018462675e-10], [2.1783627112948946e-05, 2.560652330352872e-05, 1.5050157448398296e-05, 5.8971233368065174e-06, 1.7330082975249405e-06, 4.074281764527836e-07, 7.982156384975008e-08, 1.340425294284921e-08, 1.9695773892920148e-09, 2.5724738153877807e-10, 3.023927574590549e-11]]",1.0,0.9566739791,0.04332602091,0.8535547979,0.1464452021,0.6478790047,0.3521209953,3.33672667,1-1:0.098|2-1:0.098|2-0:0.083|3-1:0.070|1-0:0.069
2026-09-04,7,FC Juárez,Pachuca,1,1,1.063661693,1.825295187,0.2040392762,0.2590194634,0.5369376819,390.0,286.0,-116.0,0.0,2.0,"[[0.07070922277918434, 0.08647385853886799, 0.09267832800102713, 0.05638843534663352, 0.025731384910231362, 0.009393474606321187, 0.0028576439980278648, 0.000745149119396086, 0.000170014637654291, 3.4480766647854936e-05, 6.293757740655526e-06], [0.044100976597612564, 0.12308864580262822, 0.09857838727454579, 0.05997821861163184, 0.02736948843922906, 0.009991479103780109, 0.0030395664531976687, 0.0007925865739431557, 0.00018083805733785498, 3.667587063178152e-05, 6.694429014339088e-06], [0.03147161359416492, 0.0574449848206951, 0.0524270271553811, 0.03189826677855737, 0.014555938206171697, 0.00531377679001207, 0.001616535199937555, 0.00042152198858134293, 9.617525712176216e-05, 1.9505359325919378e-05, 3.560303849839418e-06], [0.0111583832666398, 0.02036734327134935, 0.01858820682263138, 0.01130965481613118, 0.00516086462564167, 0.0018840202723931204, 0.0005731488559030162, 0.00014945226401670285, 3.4099312274576965e-05, 6.915701174994378e-06, 1.2623196069478673e-06], [0.002967186209392014, 0.005415990706949415, 0.0049428908851279745, 0.0030074116475041924, 0.0013723535013826804, 0.0005009900481885203, 0.00015240912061594434, 3.9741662045124835e-05, 9.067533056815795e-06, 1.8389916051789144e-06, 3.356702525874771e-07], [0.0006312164614404694, 0.00115215636902531, 0.001051512737529248, 0.0006397737129620261, 0.0002919439697603986, 0.00010657678457572949, 3.2422348655416e-05, 8.454336707444736e-06, 1.928957512676809e-06, 3.91212984869465e-07, 7.140791783759027e-08], [0.00011190012834726098, 0.000204250765697443, 0.00018640896978476483, 0.00011341713178753374, 5.175493619391054e-05, 1.8893607187694143e-05, 5.747735044142004e-06, 1.498759016035655e-06, 3.419597023061879e-07, 6.935304430766471e-08, 1.2658977797889094e-08], [1.7003411425015028e-05, 3.103624503673752e-05, 2.8325154344124884e-05, 1.723392263183039e-05, 7.86424900827205e-06, 2.870915172840802e-06, 8.733779412140917e-07, 2.2773893607628485e-07, 5.196134798919644e-08, 1.0538310932771905e-08, 1.9235528224745565e-09], [2.260734673084777e-06, 4.12650811787587e-06, 3.7660477033469434e-06, 2.2913829156495275e-06, 1.0456125518798638e-06, 3.81710311683565e-07, 1.161223324576674e-07, 3.02796477912455e-08, 6.9086619221940365e-09, 1.4011497061357948e-09, 2.55751181488245e-10], [2.671840966673401e-07, 4.876898456910452e-07, 4.450889640454197e-07, 2.7080624795364334e-07, 1.2357533525013414e-07, 4.511229293290787e-08, 1.372387519419575e-08, 3.57858904843088e-09, 8.164976707959939e-10, 1.6559436318936962e-10, 3.022585941246332e-11], [2.841934886285479e-08, 5.1873700697171096e-08, 4.734240810732958e-08, 2.88046232198374e-08, 1.3144235031661928e-08, 4.7984217880297335e-09, 1.4597560324847116e-09, 3.8064080861359295e-10, 8.684772949248724e-11, 1.761363807165636e-11, 3.2150088797833757e-12]]",-1.0,0.9292871987,0.07071280134,0.7987123635,0.2012876365,0.5514737761,0.4485262239,2.88895688,1-1:0.123|1-2:0.099|0-2:0.093|0-1:0.086|0-0:0.071
2026-09-05,7,Atlético San Luis,Guadalajara,1,1,1.276107198,1.591368739,0.2904668935,0.2781459163,0.4313861026,244.0,260.0,132.0,0.0,3.0,"[[0.07295267891765601, 0.07434647044796928, 0.07197516559404733, 0.03817967616534475, 0.01518948577672134, 0.0048344145646922465, 0.0012822227014385728, 0.00029149844617770487, 5.7985189331851874e-05, 1.0252868623986454e-05, 1.6316094611194637e-06], [0.05642630491875244, 0.1315431998864874, 0.09184802691158965, 0.04872135958239996, 0.019383412137767873, 0.006169231225448653, 0.0016362536190972137, 0.0003719832654533093, 7.399531749970743e-05, 1.3083759454035687e-05, 2.082108578107931e-06], [0.04628234387236898, 0.07365227519669579, 0.0586039641446118, 0.031086838836419477, 0.012367655878067044, 0.003936300187308565, 0.0010440175107666316, 0.00023734526134138007, 4.721297865000559e-05, 8.348139809895918e-06, 1.3284968720566936e-06], [0.019687077389520975, 0.03132939951594175, 0.024928313497460525, 0.01322337960358857, 0.005260818230595959, 0.0016743803345317277, 0.00044409275353810376, 0.00010095933215805519, 2.008294063575665e-05, 3.5510404345377316e-06, 5.65101473772399e-07], [0.006280705292440542, 0.00999491805998063, 0.0079528000737405, 0.004218612474415121, 0.0016783420032197933, 0.000534172199386456, 0.0001416774898729206, 3.2208732624979475e-05, 6.406996276953992e-06, 1.1328770649696812e-06, 1.8028251460917414e-07], [0.0016029706467852924, 0.0025509173765017605, 0.0020297250841082373, 0.0010766803490666612, 0.0004283488622951694, 0.00013633219775107536, 3.6159132932069856e-05, 8.220359110009405e-06, 1.6352028136682594e-06, 2.89134515473664e-07, 4.6011962923172385e-08], [0.00034092706349767276, 0.0005425406710597242, 0.0004316911317249314, 0.00022899325728084445, 9.110317775795282e-05, 2.899574981779673e-05, 7.69048830299871e-06, 1.748343238781235e-06, 3.477823468602313e-07, 6.149443941094327e-08, 9.786032848836123e-09], [6.215135425944198e-05, 9.890572224231319e-05, 7.869773723223e-05, 4.174570628178498e-05, 1.6608202988948374e-05, 5.285955008838236e-06, 1.4019839259579063e-06, 3.1872477029484765e-07, 6.340107946589553e-08, 1.1210499540883223e-08, 1.7840038515648725e-09], [9.913973819125683e-06, 1.5776788012998857e-05, 1.2553343621249125e-05, 6.658999535406787e-06, 2.649230923075905e-06, 8.431806545669476e-07, 2.2363522247256843e-07, 5.084087170521997e-08, 1.0113321735603297e-08, 1.7882248950472767e-09, 2.8457251959150346e-10], [1.4056992615661015e-06, 2.2369858610049515e-06, 1.7799346841659961e-06, 9.441774711601816e-07, 3.756336278699498e-07, 1.1955432252655564e-07, 3.170916857611635e-08, 7.208711372177834e-09, 1.4339647405858996e-09, 2.5355185118935093e-10, 4.034944896465942e-11], [1.793822946294171e-07, 2.854633759667526e-07, 2.2713874629233345e-07, 1.204871667396471e-07, 4.793487764389467e-08, 1.5256413156101307e-08, 4.046429827129338e-09, 9.199088472322048e-10, 1.8298927275340228e-10, 3.235593424386493e-11, 5.149022227022638e-12]]",-1.0,0.9270462336,0.07295376643,0.7962734582,0.2037265418,0.5464727488,0.4535272512,2.867475937,1-1:0.132|1-2:0.092|0-1:0.074|2-1:0.074|0-0:0.073
2026-09-05,7,UANL,Necaxa,1,1,2.172268508,0.9910816318,0.6301759593,0.2211643147,0.148642069,-170.0,352.0,573.0,1.0,1.0,"[[0.054988896143640706, 0.029201694447146834, 0.02076650203260464, 0.006860432906924935, 0.0016998122600229996, 0.00033693054167563906, 5.5654278506568454e-05, 7.879704736809013e-06, 9.761788285597322e-07, 1.0749698959057454e-07, 1.0653829185454478e-08], [0.07914681928842261, 0.10373774928284177, 0.04511041837711924, 0.014902702351779944, 0.0036924486411723627, 0.0007319036049091962, 0.00012089603650948274, 1.71168344484562e-05, 2.1205225270041534e-06, 2.3351232514258126e-07, 2.314297762423573e-08], [0.0997634608449447, 0.0988737335659316, 0.04899597060120539, 0.016186335497980667, 0.004010494949457287, 0.0007949455757483328, 0.0001313093263977646, 1.8591180210548434e-05, 2.3031721524663933e-06, 2.536257350144235e-07, 2.513638073187429e-08], [0.07223767473210718, 0.07159343254927508, 0.03547746797772714, 0.011720355618227709, 0.0029039572927800497, 0.0005756117464678515, 9.507970482656399e-05, 1.3461678429769898e-05, 1.6677027780792472e-06, 1.836477322908744e-07, 1.8200989419099056e-08], [0.03922990646955493, 0.03888003971830675, 0.019266646603787595, 0.006364939851651058, 0.0015770437435842445, 0.0003125958173550457, 5.163466212515216e-05, 7.3105950278930495e-06, 9.056745561881595e-07, 9.973304633398891e-08, 9.884359030278365e-09], [0.01704357807548312, 0.016891577170369015, 0.008370465932648475, 0.002765271678421095, 0.0006851524918390964, 0.00013580840992559795, 2.2432870086350887e-05, 3.176115070088962e-06, 3.934736632969225e-07, 4.332939114240004e-08, 4.294296367731493e-09], [0.006170537984851851, 0.006115506854969117, 0.0030304832564832023, 0.001001152096969446, 0.00024805586348036854, 4.916872198999675e-05, 8.121702870372848e-06, 1.149895790511043e-06, 1.4245507455415258e-07, 1.5687178638227584e-08, 1.5547274602752327e-09], [0.0019148664770073207, 0.0018977889926675474, 0.0009404319058107194, 0.0003106815959286898, 7.697770576402446e-05, 1.5258238047812284e-05, 2.5203599104113587e-06, 3.568403446679851e-07, 4.4207238884678e-08, 4.868109161131524e-09, 4.824693571082929e-10], [0.0005199505180175395, 0.0005153134078401349, 0.00025535882655939153, 8.436048083838307e-05, 2.0902030751699893e-05, 4.143123748969677e-06, 6.843623076305051e-07, 9.689413036759057e-08, 1.2003749104290975e-08, 1.3218550277469761e-09, 1.3100662378721413e-10], [0.00012549690397408667, 0.00012437767637360302, 6.163421522849292e-05, 2.036151286731713e-05, 5.044980349497415e-06, 9.999974714125893e-07, 1.6517985429008205e-07, 2.338667421807234e-08, 2.8972629057356125e-09, 3.190471164781684e-10, 3.1620173681293856e-11], [2.726129722962371e-05, 2.7018170942694083e-05, 1.3388606472757994e-05, 4.423067316747164e-06, 1.0959051934353572e-06, 2.1722630147656704e-07, 3.588149955538083e-08, 5.080213589993367e-09, 6.293632968183078e-10, 6.930560035458455e-11, 6.8687507490708215e-12]]",1.0,0.9449934469,0.05500655309,0.8366449332,0.1633550668,0.612377221,0.387622779,3.163350139,1-1:0.104|2-0:0.100|2-1:0.099|1-0:0.079|3-0:0.072
2026-09-05,7,Atlas,Atlante,1,1,1.155643949,0.8703963998,0.4045961043,0.3388320433,0.2565718072,147.0,195.0,290.0,1.0,1.0,"[[0.15036725585481606, 0.09625684453626847, 0.04994661179857114, 0.014491117030919405, 0.0031532540232760524, 0.0005489161899164253, 7.962911258449825e-05, 9.901270416361123e-06, 1.0772537655074758e-06, 1.0418197768798426e-07, 9.067961830590467e-09], [0.1338686151295317, 0.15114103426863518, 0.057720499719060354, 0.016746571717122613, 0.0036440389329840013, 0.0006343516736157286, 9.202290215597855e-05, 1.144234324824136e-05, 1.2449217960988852e-06, 1.2039727215375352e-07, 1.0479335223095564e-08], [0.08804809421275873, 0.07663674421392914, 0.033352173128922406, 0.00967653713921244, 0.002105605772177376, 0.00036654233670931015, 5.3172855042323726e-05, 6.611637371009837e-06, 7.193431705815279e-07, 6.956818954559366e-08, 6.055190172258399e-09], [0.033917415778319325, 0.02952159658469796, 0.012847745692151842, 0.003727543865423702, 0.000811110190160373, 0.00014119747787482367, 2.0482962734353658e-05, 2.5468995745227558e-06, 2.771015275464383e-07, 2.679868577349526e-08, 2.3325479617197753e-09], [0.009799114081046329, 0.008529113617582858, 0.0037118548932063085, 0.001076928378568859, 0.0002343386458929839, 4.079350274485956e-05, 5.917752987539016e-06, 7.358272707695518e-07, 8.005767592103688e-08, 7.742434766638518e-09, 6.738987346734932e-10], [0.002264857379487976, 0.0019713237092154833, 0.0008579165296919575, 0.00024890915293041064, 5.4162407648311876e-05, 9.428552924550992e-06, 1.3677630868426044e-06, 1.7007086665664845e-07, 1.8503633756558566e-08, 1.7894995783693446e-09, 1.5575739904947584e-10], [0.00043622812115084347, 0.00037969138615058973, 0.00016524100777435343, 4.794172608989106e-05, 1.043207644746736e-05, 1.816008356507644e-06, 2.634411892583344e-07, 3.275689467073538e-08, 3.5639353988425028e-09, 3.4467072670543403e-10, 3.000001596482677e-11], [7.201776982499025e-05, 6.268400757884472e-05, 2.7279967261504918e-05, 7.914795097220726e-06, 1.7222522894864358e-06, 2.9980843847066485e-07, 4.349203091349522e-08, 5.4079010182902085e-09, 5.883771971138499e-10, 5.690237712277315e-11, 4.952762418894668e-12], [1.0403362493623694e-05, 9.05504926048805e-06, 3.940741138267551e-06, 1.1433356331255143e-06, 2.4878880471501947e-07, 4.330897598796928e-08, 6.282662796647351e-09, 7.812010113563295e-10, 8.499431847768259e-11, 8.219860978695187e-12, 7.154537402889471e-13], [1.335842546597967e-06, 1.1627125432872502e-06, 5.060104058522591e-07, 1.4680987850867358e-07, 3.194569742804516e-08, 5.561084006231471e-09, 8.06724583021463e-10, 1.0031002467276843e-10, 1.0913685542647885e-11, 1.0554702894560714e-12, 9.186775400611143e-14], [1.5437583563540647e-07, 1.3436817155649288e-07, 5.847678638668429e-08, 1.6965994781366906e-08, 3.691785194273009e-09, 6.426633084019065e-10, 9.322863832173192e-11, 1.1592267307927976e-11, 1.261233466323617e-12, 1.2197478538027374e-13, 1.0616641406398962e-14]]",1.0,0.8496326989,0.1503673011,0.6195072392,0.3804927608,0.3303714989,0.6696285011,2.026040349,1-1:0.151|0-0:0.150|1-0:0.134|0-1:0.096|2-0:0.088
2026-09-06,7,Cruz Azul,Santos Laguna,2,0,2.726277479,0.7891070088,0.7709509358,0.1554034816,0.07351514617,-337.0,543.0,1260.0,1.0,0.0,"[[0.03866475038271349, 0.014536793122751112, 0.00925826742578906, 0.0024352545717389006, 0.0004804191127048078, 7.582041780125517e-05, 9.971737183100608e-06, 1.124109671613155e-06, 1.1088035256898531e-07, 9.721829261397666e-09, 7.671563608716737e-10], [0.07214120611597821, 0.07290096376933045, 0.02524060597371552, 0.006639179693571253, 0.0013097558072525221, 0.00020670749746903784, 2.7185722504730863e-05, 3.0646348811869856e-06, 3.022906080272236e-07, 2.650440416607027e-08, 2.091481109203445e-09], [0.11050909734722618, 0.08720350325502786, 0.034406447806084296, 0.009050123037456066, 0.001785378879884162, 0.0002817709975030297, 3.7057911501956874e-05, 4.1775225283445796e-06, 4.120640383273304e-07, 3.612918008073565e-08, 2.8509789224615337e-09], [0.10042615442577726, 0.07924698232618416, 0.03126717459069895, 0.008224382205169287, 0.0016224794103276473, 0.00025606197487102025, 3.367671651048665e-05, 3.7963618617795784e-06, 3.744669691432294e-07, 3.2832723324707766e-08, 2.590853209416289e-09], [0.06844739076816292, 0.05401231579057396, 0.021310748476460757, 0.00560548699532254, 0.0011058322689640868, 0.00017452399880369697, 2.2953018443871212e-05, 2.5874839610893145e-06, 2.552252161129972e-07, 2.2377778540252578e-08, 1.7658461887926985e-09], [0.037321315983932936, 0.029450512021293868, 0.011619802724664998, 0.003056422590378228, 0.0006029611219955329, 9.516016948248567e-05, 1.2515259449848998e-05, 1.4108398498674364e-06, 1.39162951731555e-07, 1.2201606731044354e-08, 9.628373390327966e-10], [0.01695804387307192, 0.013381711276111975, 0.00527980107899037, 0.0013887760122015974, 0.0002739732212272167, 4.3238837819858034e-05, 5.686678329477597e-06, 6.410568180990748e-07, 6.323280352669947e-08, 5.544160938914861e-09, 4.374936254921779e-10], [0.006604619013162851, 0.005211751153870248, 0.002056314681871424, 0.000540884109267822, 0.00010670386039560127, 1.6840152821256248e-05, 2.214780436807849e-06, 2.496712522402419e-07, 2.4627166880443834e-08, 2.1592744436365685e-09, 1.7038985974387398e-10], [0.0022507530087837345, 0.0017760849743531334, 0.0007007605507606523, 0.0001843250207031803, 3.636304143442609e-05, 5.7388661715809126e-06, 7.547632531120695e-07, 8.508413900432067e-08, 8.392561303461723e-09, 7.358476607233481e-10, 5.806625465003286e-11], [0.000681797470857941, 0.0005380111628495043, 0.00021227418971387374, 5.5835683631575804e-05, 1.1015082323978095e-05, 1.738415732915286e-06, 2.2863267318096312e-07, 2.5773663550323964e-08, 2.5422723188149845e-09, 2.229027672338956e-10, 1.758941359095593e-11], [0.00018587690897613475, 0.00014667677165079783, 5.787183427034108e-05, 1.5222356678658235e-05, 3.0030170864704076e-06, 4.739403661077861e-07, 6.233161077636648e-08, 7.026615847806926e-09, 6.930939767234485e-10, 6.076947942257212e-11, 4.79536221346724e-12]]",1.0,0.9612048131,0.03879518686,0.8745268139,0.1254731861,0.6818584854,0.3181415146,3.515384487,2-0:0.111|3-0:0.100|2-1:0.087|3-1:0.079|1-1:0.073
2026-09-10,7,UNAM,Leon,1,1,1.945347889,0.9674979167,0.5875438364,0.2445412316,0.1679084892,-142.0,309.0,496.0,3.0,1.0,"[[0.06858991808456377, 0.03828638459320574, 0.025423610215539086, 0.008199096639913889, 0.001983152229582605, 0.0003837391301429778, 6.187780149798941e-05, 8.55237772031964e-06, 1.0343009534561744e-06, 1.1118711308434364e-07, 1.075733002783026e-08], [0.0914040975470444, 0.11650749222248713, 0.049457766456708685, 0.015950095337954644, 0.0038579210028499033, 0.0007465061066469589, 0.0001203738505034049, 1.6637349941850437e-05, 2.0120751761180157e-06, 2.162976156926784e-07, 2.0926749258017885e-08], [0.10278546390263589, 0.0994447221977545, 0.04810628077894466, 0.015514242145370926, 0.003752499238891749, 0.0007261070392450809, 0.0001170845079675858, 1.618271679172546e-05, 1.9570930979142163e-06, 2.1038705501260732e-07, 2.0354903743539872e-08], [0.06665116173172933, 0.06448486012426757, 0.03119448391600048, 0.010060199400917541, 0.002433305490613749, 0.0004708435985959483, 7.592336679260138e-05, 1.0493671314902784e-05, 1.26907564202555e-06, 1.3642533776167472e-07, 1.3199123007603291e-08], [0.03241492418906535, 0.031361371624458, 0.015171030856508047, 0.004892646916195946, 0.0011834064247005084, 0.00022898865011273652, 3.692434032382651e-05, 5.1034603343697475e-06, 6.171984052134585e-07, 6.634868569600823e-08, 6.419221518984137e-09], [0.012611660866912155, 0.012201755615467028, 0.005902586569314946, 0.001903580069745214, 0.00046042743796027256, 8.909251740801646e-05, 1.4366137498345218e-05, 1.985601157337311e-06, 2.401331229019791e-07, 2.581425512775597e-08, 2.4975238058499667e-09], [0.004089011306805645, 0.003956109920892585, 0.0019137640534444029, 0.0006171875782847496, 0.0001492819240582758, 2.8885990106896483e-05, 4.657855875269892e-06, 6.437808365478618e-07, 7.785707727527506e-08, 8.369617785322183e-09, 8.097587771274402e-10], [0.0011363642160985591, 0.0010994300117420815, 0.0005318481229852263, 0.00017152065033814137, 4.1486467970344085e-05, 8.027614266906296e-06, 1.2944500132811007e-06, 1.7891109874051463e-07, 2.1637014414313075e-08, 2.325974041165513e-09, 2.2503750392370547e-10], [0.00027632796607704186, 0.0002673467315186896, 0.0001293287028968303, 4.170841687612534e-05, 1.0088201609624815e-05, 1.9520628082087255e-06, 3.147694500504608e-07, 4.35055410256665e-08, 5.261440038664687e-09, 5.65603586277939e-10, 5.472202914289807e-11], [5.9728225045021614e-05, 5.7786933302101074e-05, 2.7954368792512886e-05, 9.015264523585134e-06, 2.180562411374698e-06, 4.219379180687081e-07, 6.803734278806181e-08, 9.403712486929208e-09, 1.137259030099889e-09, 1.2225508249158275e-10, 1.1828153762243464e-11], [1.1619217648895883e-05, 1.1241568869545821e-05, 5.438097231131146e-06, 1.7537825807304202e-06, 4.2419524832130715e-07, 8.208160380903453e-08, 1.3235630114759602e-08, 1.8293492232677298e-09, 2.2123644531446267e-10, 2.3782866661158566e-11, 2.3009873948961203e-12]]",1.0,0.931403639,0.06859636096,0.8017131569,0.1982868431,0.5569965906,0.4430034094,2.912845805,1-1:0.117|2-0:0.103|2-1:0.099|1-0:0.091|0-0:0.069
2026-09-15,7,Puebla,Toluca,1,1,0.9014289956,1.814866743,0.1665901057,0.2611542534,0.5722522633,500.0,283.0,-134.0,0.0,1.0,"[[0.08297161907069354, 0.10314518637122237, 0.10888980964055163, 0.06587349804564933, 0.029887905207298848, 0.010848513034014955, 0.0032814342522197344, 0.0008507665561073904, 0.00019300349106143424, 3.8919513017203884e-05, 7.063372981749506e-06], [0.04274939111574498, 0.12502169387638268, 0.0981564317343869, 0.05938028117936098, 0.02694182437133696, 0.009779164207908895, 0.0029579799820766183, 0.0007669056421543714, 0.00017397894309308164, 3.5083177527992255e-05, 6.367129212423665e-06], [0.026863389008592725, 0.048753471308247365, 0.04424052683456664, 0.026763553610713788, 0.012143070841222845, 0.004407611084827802, 0.0013332044621109308, 0.0003456554913601755, 7.841483196319755e-05, 1.5812496740600893e-05, 2.86975744537686e-06], [0.008071812590729446, 0.014649264224324068, 0.013293231222967952, 0.00804181441658463, 0.0036487053839316342, 0.0013243828110508194, 0.00040059638639940306, 0.00010386129413244868, 2.356180107200963e-05, 4.7512810182223895e-06, 8.62294190525367e-07], [0.0018190414790651783, 0.0033013178839702132, 0.002995726017370011, 0.0018122811730679465, 0.0008222622073613188, 0.00029845926678590933, 9.027729955735798e-05, 2.340589551265085e-05, 5.309822668664645e-06, 1.0707356190067986e-06, 1.943242465173272e-07], [0.0003279473466824492, 0.0005951807328548312, 0.0005400868589807863, 0.0003267285595134546, 0.00014824219913884447, 5.38079674167348e-05, 1.6275715092932947e-05, 4.2197505765757496e-06, 9.572856229962294e-07, 1.9303842671697948e-07, 3.503390207142175e-08], [4.9270207887786935e-05, 8.941886170208277e-05, 8.114165913716572e-05, 4.908709953885591e-05, 2.2271636112323705e-05, 8.08401033721085e-06, 2.4452335847915355e-06, 6.339675873145969e-07, 1.4382083627187957e-07, 2.9001739184328355e-08, 5.263429192646358e-09], [6.344799144121678e-06, 1.1514964955858091e-05, 1.0449063470944215e-05, 6.321219261970073e-06, 2.8680426529860146e-06, 1.0410230455171324e-06, 3.1488635061774614e-07, 8.163953792432867e-08, 1.8520610283661476e-08, 3.734715517617676e-09, 6.778010986417148e-10], [7.149232399640977e-07, 1.2974904118032129e-06, 1.1773860986850927e-06, 7.12266291278588e-07, 3.2316710099919677e-07, 1.1730104478846016e-07, 3.5480960845337147e-08, 9.199030833955988e-09, 2.086876890716861e-09, 4.208226072330677e-10, 7.637369544489188e-11], [7.160583756950675e-08, 1.299550531889815e-07, 1.1792555204006769e-07, 7.133972083784942e-08, 3.23680216957543e-08, 1.1748729220605168e-08, 3.5537296552687643e-09, 9.213636805627075e-10, 2.090190377245718e-10, 4.214907779556954e-11, 7.649495952718701e-12], [6.45475782387387e-09, 1.1714525306812934e-08, 1.0630151193000219e-08, 6.430769290061085e-09, 2.9177473286474175e-09, 1.0590645180801723e-09, 3.2034349537511675e-10, 8.305439371437447e-11, 1.8841582123547543e-11, 3.799440086235067e-12, 6.895477453437273e-13]]",-1.0,0.9170250033,0.08297499669,0.7711304258,0.2288695742,0.5103555333,0.4896444667,2.716295738,1-1:0.125|0-2:0.109|0-1:0.103|1-2:0.098|0-0:0.083
2026-10-28,7,America,Tijuana,1,1,2.0743603947638896,1.1619117970362738,0.5754925670751594,0.22511733402037745,0.1993784461854093,-136.0,344.0,402.0,,,"[[0.04738083373681572, 0.03760427150076684, 0.02653512707932695, 0.010277159063108889, 0.002985288088861119, 0.0006937282895999219, 0.0001343418472706575, 2.2299053882774613e-05, 3.2386917211429185e-06, 4.181193464177418e-07, 4.858178011718702e-08], [0.07347277465065043, 0.10281696179903203, 0.055043416683382626, 0.02131853173120184, 0.006192563378493888, 0.001439042488673372, 0.00027867340733767125, 4.62562742151336e-05, 6.718213837188566e-06, 8.673302124935264e-07, 1.0077612058222056e-07], [0.08457524673205935, 0.09826897691523331, 0.05708994178024742, 0.022111158948861176, 0.0064228041072064935, 0.0014925463724432529, 0.00028903453962758494, 4.797609162060562e-05, 6.967998353709349e-06, 8.995777209893598e-07, 1.0452299663685418e-07], [0.058479847399456, 0.06794842458230899, 0.03947503805610717, 0.015288837468615594, 0.004441070154438664, 0.0010320263607815992, 0.0001998539339074254, 3.317323478444934e-05, 4.818046605238219e-06, 6.220161321440962e-07, 7.227278818850986e-08], [0.030327069834316885, 0.0352373802100357, 0.020471363881346506, 0.007928639731719594, 0.0023030950096838785, 0.0005351986522894144, 0.0001036422713088308, 1.7203311100766375e-05, 2.498591264508192e-06, 3.225714073559837e-07, 3.747995235935106e-08], [0.012581854510709126, 0.014619005184586989, 0.008492997292453036, 0.0032893712487661046, 0.0009554898146933191, 0.00022203897752803435, 4.299828456528249e-05, 7.137173441246351e-06, 1.0365957523597641e-06, 1.3382587038050038e-07, 1.554938575437505e-08], [0.004349883448282733, 0.005054180894292533, 0.002936256202716919, 0.001137223573685907, 0.00033033837153335135, 7.676481017967058e-05, 1.4865656424168234e-05, 2.4675116528470202e-06, 3.583788623459284e-07, 4.626718088535263e-08, 5.375838328630237e-09], [0.0012890322781366676, 0.0014977418107275375, 0.0008701219393993977, 0.00033700164874941397, 9.789154782565467e-05, 2.2748268849753776e-05, 4.405246989780278e-06, 7.312154923263199e-07, 1.0620098833870475e-07, 1.371068680085033e-08, 1.5930608739377511e-09], [0.00033423968816737173, 0.0003883570367193947, 0.00022561831121315702, 8.738285914198951e-05, 2.5382793723959153e-05, 5.898513493921292e-06, 1.142258735594132e-06, 1.8960055716493713e-07, 2.7537390511823853e-08, 3.5551132105869928e-09, 4.130727979180526e-10], [7.703706349918108e-05, 8.951027288873102e-05, 5.200152101267636e-05, 2.014039357615278e-05, 5.8503402232713746e-06, 1.359515864418969e-06, 2.6327292018772765e-07, 4.369998740090145e-08, 6.34694136143049e-09, 8.193984492159517e-10, 9.520687246172414e-11], [1.598026334516117e-05, 1.8567656500489114e-05, 1.0786989565617777e-05, 4.177843476932829e-06, 1.2135714055048243e-06, 2.8201258652038965e-07, 5.4612291865125534e-08, 9.064952311611072e-09, 1.316584378804018e-09, 1.6997276905845163e-10, 1.9749336554393692e-11]]",1.0,0.9526075135441303,0.04739248645586969,0.8415304673927132,0.1584695326072868,0.6276031317822949,0.3723968682177051,3.2362721918001633,1-1:0.103|2-1:0.098|2-0:0.085|1-0:0.073|3-1:0.068
2026-11-14,7,Querétaro,Monterrey,1,1,1.6350134654185526,0.9423361142801677,0.5263150653002528,0.26657313829203244,0.20711053104157595,-111.0,275.0,383.0,,,"[[0.08594626777668579, 0.06162291927062361, 0.033732845312458126, 0.010595892791785251, 0.0024962231101850383, 0.00047045623720562516, 7.388798375120291e-05, 9.946759357157806e-06, 1.171648820287997e-06, 1.2267633295679285e-07, 1.1560233891264421e-08], [0.11424915262028112, 0.12702845528293882, 0.05515365631275015, 0.017324427392700268, 0.004081358397841518, 0.0007692022827213419, 0.00012080784836584399, 1.6263085486231002e-05, 1.915661597912637e-06, 2.005774562725261e-07, 1.8901138075605244e-08], [0.10155094551489144, 0.09569512339797982, 0.04508848536920673, 0.014162836033865487, 0.0033365379688349863, 0.0006288280449400414, 9.876122940319883e-05, 1.329518187962036e-05, 1.5660662538861915e-06, 1.6397342093249057e-07, 1.5451807632674944e-08], [0.05534572111427775, 0.05215427177686232, 0.02457342690466013, 0.007718809207961717, 0.001818428168975156, 0.0003427141069699301, 5.3825313311840245e-05, 7.245933799456009e-06, 8.535131376138374e-07, 8.936625039845547e-08, 8.421304514826899e-09], [0.022622749818785995, 0.02131823415856716, 0.01004447097014946, 0.0031550892480035294, 0.0007432886355426956, 0.00014008554492118242, 2.2001278011307807e-05, 2.961799832910496e-06, 3.4887636822756545e-07, 3.6528755688860186e-08, 3.4422365695330066e-09], [0.0073977001157020505, 0.006971119981640617, 0.003284569057840027, 0.0010317226810166139, 0.00024305738556097825, 4.5808350451325795e-05, 7.194477160981082e-06, 9.68516521736617e-07, 1.1408351196367826e-07, 1.1945001485254201e-08, 1.1256206284685272e-09], [0.002015889883716872, 0.0018996458398384563, 0.0008950524396109284, 0.00028114674600664884, 6.62336830436047e-05, 1.2482878302754946e-05, 1.960511172475051e-06, 2.639229257532847e-07, 3.1088013040475404e-08, 3.2550397121392033e-09, 3.0673414741648914e-10], [0.00047085815781116084, 0.0004437066468088873, 0.00020906039871708486, 6.566838792564008e-05, 1.5470423377222592e-05, 2.9156677303122036e-06, 4.5792316658574606e-07, 6.164536249132592e-08, 7.2613314191835495e-09, 7.602905371171038e-10, 7.16449230470913e-11], [9.623242854042771e-05, 9.068329277853056e-05, 4.272707087352564e-05, 1.3421087313843825e-05, 3.1617938171856115e-06, 5.958944999683501e-07, 9.35888179368497e-08, 1.2598874719240703e-08, 1.4840468309039885e-09, 1.5538565822709603e-10, 1.464255173885878e-11], [1.748236849705868e-05, 1.647426719793229e-05, 7.762148468456372e-06, 2.43818427541031e-06, 5.743972739972895e-07, 1.0825505904634542e-07, 1.700210861548387e-08, 2.288814423897773e-09, 2.696040613155282e-10, 2.8228627059358602e-11, 2.6600854734579972e-12], [2.8583907900100016e-06, 2.6935648701522438e-06, 1.2691217266504149e-06, 3.98646412146763e-07, 9.391472774852773e-08, 1.7699847924045508e-08, 2.779867652682488e-09, 3.742242402917062e-10, 4.408062705824173e-11, 4.615418535232979e-12, 4.349275568268107e-13]]",1.0,0.9140524668571754,0.08594753314282455,0.7381803949662706,0.26181960503372936,0.47586814885598233,0.5241318511440176,2.5773495796987205,1-1:0.127|1-0:0.114|2-0:0.102|2-1:0.096|0-0:0.086
2026-09-11,8,Necaxa,Puebla,1,1,1.697991987,1.157540364,0.4825157522,0.2751257579,0.2423566429,107.0,263.0,313.0,0.0,1.0,"[[0.07514038405259435, 0.04897253397746035, 0.03853899180806165, 0.014870146195892801, 0.004303198608343667, 0.000996225216290906, 0.0001921951498375975, 3.178194908745561e-05, 4.598611112557958e-06, 5.914531087749767e-07, 6.846308465437928e-08], [0.08006211598628944, 0.13068062433869676, 0.06543889928545842, 0.025249389089351322, 0.0073067967563651024, 0.0016915824347241409, 0.00032634582440595265, 5.3965494888595506e-05, 7.80840482144428e-06, 1.0042826395136995e-06, 1.1624976916320305e-07], [0.08292764540678577, 0.09599209681106222, 0.05555736331946031, 0.02143663017790446, 0.006203441172260639, 0.0014361467099381696, 0.00027706629745129734, 4.581648895348127e-05, 6.629304409874236e-06, 8.526319373970247e-07, 9.869558827739413e-08], [0.046936825806461115, 0.054331270407071024, 0.03144531924909085, 0.012133075424995692, 0.003511131134554085, 0.0008128552019803791, 0.0001568187843332707, 2.593201037512192e-05, 3.752168589593286e-06, 4.825873992481026e-07, 5.586143935618352e-08], [0.01992458853117698, 0.0230635154516134, 0.013348475030098611, 0.0051504662129814634, 0.0014904681331340615, 0.0003450554049323115, 6.656925981069837e-05, 1.100808645733756e-05, 1.5927880499529159e-06, 2.0485738426363004e-07, 2.3713069105283205e-08], [0.00676635833490149, 0.0078323328867728, 0.004533120728531138, 0.001749090072013497, 0.0005061605894523825, 0.00011718026254410363, 2.2606813950688588e-05, 3.7383285198272684e-06, 5.409082692305798e-07, 6.956923940032045e-08, 8.052920266612397e-09], [0.0019148703725487652, 0.002216539747157646, 0.0012828671123545107, 0.0004949901545328951, 0.00014324277085574972, 3.3161857809952454e-05, 6.397698157457385e-06, 1.0579419787077436e-06, 1.5307631782870215e-07, 1.968800184307196e-08, 2.2789656810657344e-09], [0.0004644906498777796, 0.0005376666757169563, 0.000311185439634349, 0.00012006990230678486, 3.4746439591375856e-05, 8.044081263212015e-06, 1.5518914582838558e-06, 2.5662528611211745e-07, 3.713176587223042e-08, 4.7757241962604585e-09, 5.528093522270117e-10], [9.858767520363267e-05, 0.00011411921339503361, 6.604879787966313e-05, 2.5484716502835875e-05, 7.374897001303618e-06, 1.7073481911806969e-06, 3.2938740764930034e-07, 5.44684599419125e-08, 7.881180115276865e-09, 1.0136426773002719e-09, 1.1733323131741772e-10], [1.8600120281554205e-05, 2.1530389992457845e-05, 1.246114772943271e-05, 4.8080938242531004e-06, 1.3913906683060347e-06, 3.2211817200132964e-07, 6.214413098647209e-08, 1.027633428192715e-08, 1.486908965060386e-09, 1.9123968266174293e-10, 2.2136765179010703e-11], [3.158285519932644e-06, 3.655842968882155e-06, 2.1158928996087297e-06, 8.164104787362842e-07, 2.362570205870282e-07, 5.469540749948119e-08, 1.0552023646750971e-08, 1.7449133268661843e-09, 2.524759508391658e-10, 3.2472344879730416e-11, 3.75880498968347e-12]]",1.0,0.924857769,0.07514223102,0.795823119,0.204176881,0.5436758575,0.4563241425,2.855532351,1-1:0.131|2-1:0.096|2-0:0.083|1-0:0.080|0-0:0.075
2026-09-11,8,Tijuana,Querétaro,1,1,1.47625298,0.9832441991,0.4664717125,0.3011941062,0.2323336998,114.0,232.0,330.0,0.0,1.0,"[[0.10480800399194862, 0.06471558542318681, 0.04131870835124977, 0.013542126766977617, 0.003328804396798344, 0.0006546055226223281, 0.00010727284713689579, 1.5067914952710489e-05, 1.8519299962350275e-06, 2.0232215843879e-07, 1.989320886356133e-08], [0.10685695069519821, 0.14340275342705577, 0.060996866349824104, 0.01999160500070967, 0.004914157411943248, 0.0009663633537577215, 0.00015836186030187044, 2.224405435735742e-05, 2.7339171764347145e-06, 2.986786893962897e-07, 2.9367408874558496e-08], [0.09314199286478572, 0.0915813241775043, 0.04502340287200395, 0.01475633323264181, 0.003627269762768775, 0.0007132983905672433, 0.0001168910841261878, 1.6418925770617824e-05, 2.0179766899396895e-06, 2.2046265270166729e-07, 2.1676862438850915e-08], [0.045833714855688455, 0.045065734255349564, 0.022155310892520073, 0.007261360304822593, 0.0017849225993344566, 0.00035100295832988176, 5.75202704411698e-05, 8.079496034615401e-06, 9.930147009672803e-07, 1.0848621603926575e-07, 1.0666844260360478e-08], [0.016915539539632134, 0.016632106127097156, 0.00817671093419461, 0.0026799011979387333, 0.0006587493267628448, 0.00012954229084095436, 2.1228617668052346e-05, 2.9818450253083896e-06, 3.6648522797107017e-07, 4.003827494007978e-08, 3.936740157705803e-09], [0.0049943231320922835, 0.004910639248092324, 0.002414178777295338, 0.0007912424261270893, 0.00019449613139407095, 3.8247438588368824e-05, 6.267762020448239e-06, 8.803915211406763e-07, 1.0820498201299671e-07, 1.1821324542076054e-08, 1.1623248781749643e-09], [0.001228814068138917, 0.001208224304277848, 0.0005939897692002412, 0.00019467899829821614, 4.78542489411383e-05, 9.410482534792959e-06, 1.5421337271877756e-06, 2.1661343450051603e-07, 2.66229878651416e-08, 2.9085442645865402e-09, 2.85980927599872e-10], [0.0002591486329211311, 0.00025480639002603935, 0.00012526845244416484, 4.105649306558433e-05, 1.0092139660596321e-05, 1.9846075555704653e-06, 3.2522564441954387e-07, 4.568231832516231e-08, 5.614609311868118e-09, 6.133924484603051e-10, 6.031145667242272e-11], [4.782111771456109e-05, 4.7019836587623434e-05, 2.311599078385429e-05, 7.576221281606752e-06, 1.8623189065714513e-06, 3.6622285235448713e-07, 6.001441585962087e-08, 8.429832322389638e-09, 1.0360729663035887e-09, 1.1319030377432203e-10, 1.1129370958118615e-11], [7.84400750579949e-06, 7.712574877823906e-06, 3.791672254396806e-06, 1.242713249682701e-06, 3.054726484757747e-07, 6.007084191989094e-08, 9.844051142194402e-09, 1.3827294544669627e-09, 1.699450893797638e-10, 1.8566391477695625e-11, 1.8255296718781537e-12], [1.1579739458718961e-06, 1.138571164994816e-06, 5.597467466254478e-07, 1.834559138627052e-07, 4.509549077431411e-08, 8.867975941939535e-09, 1.453230983787764e-09, 2.0412584782441595e-10, 2.5088194470127476e-11, 2.740869075422723e-12, 2.694943618919339e-13]]",1.0,0.8951915145,0.1048084855,0.7236189784,0.2763810216,0.4457555238,0.5542444762,2.45949718,1-1:0.143|1-0:0.107|0-0:0.105|2-0:0.093|2-1:0.092
2026-09-11,8,Atlante,Pachuca,0,0,0.9450298375,1.014175184,0.3046350156,0.3542146645,0.3411503027,228.0,182.0,193.0,0.0,3.0,"[[0.16202006096108534, 0.12191911074227987, 0.07249766743491559, 0.0245084450714394, 0.006213964197803379, 0.0012604096568029047, 0.0002130460326119988, 3.0866571333761136e-05, 3.913013832943073e-06, 4.4094239158137284e-07, 4.471928311394131e-08], [0.11217166048043269, 0.15615932881685687, 0.06851245887580447, 0.023161211863462206, 0.005872381576137271, 0.0011911247331633046, 0.00020133485758126805, 2.9169830892006228e-05, 3.697914826716913e-06, 4.16703716667003e-07, 4.22610568546898e-08], [0.06294904068469019, 0.06384135492244183, 0.03237315893937398, 0.010944018141920352, 0.0027747879033441143, 0.0005628242065171727, 9.513372387246819e-05, 1.3783180274019767e-05, 1.7473199239073221e-06, 1.9689872282562053e-07, 1.9968979846174418e-08], [0.01982957389653475, 0.020110661756237904, 0.010197867044043902, 0.0034474745621184137, 0.0008740857871398019, 0.00017729522281036394, 2.9968069204276934e-05, 4.34183887157168e-06, 5.504231545888291e-07, 6.202505601254615e-08, 6.290427259750664e-09], [0.004684884749329055, 0.0047512938529243156, 0.002409322158892963, 0.0008144915813138495, 0.0002065092873474274, 4.18873189009029e-05, 7.080179892644557e-06, 1.0257918208229812e-06, 1.3004157608557695e-07, 1.4653882151256778e-08, 1.4861603627861897e-09], [0.0008854711746814254, 0.0008980228915573758, 0.0004553762656651206, 0.0001539437693483055, 3.9031487653210374e-05, 7.91695323492212e-06, 1.3381962506961653e-06, 1.9388077555009368e-07, 2.4578633903515066e-08, 2.7696711736558323e-09, 2.808931772312488e-10], [0.00013946611338802462, 0.0001414430712146478, 7.172402639116556e-05, 2.4246909222127e-05, 6.147653405775074e-06, 1.2469595048608853e-06, 2.1077256422510598e-07, 3.0537186302372733e-08, 3.871257067338937e-09, 4.362369831989184e-10, 4.424207227270864e-11], [1.882851978187222e-05, 1.9095417515251646e-05, 9.68304928656271e-06, 3.273436097469099e-06, 8.299594141602371e-07, 1.6834484832272352e-07, 2.8455194588717225e-08, 4.122650315616472e-09, 5.226362053290184e-10, 5.88938521925597e-11, 5.972868338706013e-12], [2.2241891237498654e-06, 2.2557174139507528e-06, 1.1438463117340785e-06, 3.866868479109414e-07, 9.804205128787097e-08, 1.9886363081988955e-08, 3.3613759898080337e-09, 4.870034447342163e-10, 6.17383510248046e-11, 6.9570559459772e-12, 7.055673494487979e-13], [2.3354723180075163e-07, 2.3685780679691642e-07, 1.2010765490148882e-07, 4.060340100535216e-08, 1.0294740421959123e-08, 2.0881340524464764e-09, 3.529556228283509e-10, 5.113697624928126e-11, 6.482731537449855e-12, 7.305139389075896e-13, 7.40869108445888e-14], [2.2070910251935568e-08, 2.2383769467004286e-08, 1.1350531759514856e-08, 3.8371425454403255e-09, 9.72883686816201e-10, 1.973348984280634e-10, 3.3355359488938645e-11, 4.832596835556306e-12, 6.126374731451111e-13, 6.903574689839448e-14, 7.001434131701015e-15]]",0.0,0.8379799218,0.1620200782,0.6038891506,0.3961108494,0.3122831136,0.6877168864,1.959205022,0-0:0.162|1-1:0.156|0-1:0.122|1-0:0.112|0-2:0.072
2026-09-12,8,Toluca,Atlas,2,0,1.830788263,0.7148497332,0.6242133401,0.2519235274,0.1238594708,-166.0,297.0,707.0,5.0,2.0,"[[0.09441320457990857, 0.04007046024659157, 0.020037474771855062, 0.004774594498234034, 0.0008532794008025662, 0.00012199331040209294, 1.4534480898893832e-05, 1.4842813989719447e-06, 1.326297702564706e-07, 1.0534483986942068e-08, 7.530573067486148e-10], [0.12758571029187551, 0.11862540482063355, 0.036684373629927, 0.008741271567345088, 0.0015621739119406834, 0.00022334392083317998, 2.6609557036647296e-05, 2.7174049640386203e-06, 2.4281702669309494e-07, 1.928640963871758e-08, 1.3786884784661505e-09], [0.13142854764749604, 0.09395166222093695, 0.03358066033625991, 0.008001708694040629, 0.0014300048312737368, 0.0002044477144227163, 2.4358232351472365e-05, 2.4874965568174284e-06, 2.222732812477246e-07, 1.765466619976286e-08, 1.2620433422670631e-09], [0.08020594747982884, 0.057335200157168094, 0.020493026267717016, 0.004883144786659596, 0.000872678686982569, 0.00012476682531210973, 1.4864921964470037e-05, 1.5180265000528204e-06, 1.3564510481953786e-07, 1.0773985221155774e-08, 7.701780460865362e-10], [0.03671002681467062, 0.026242152874305022, 0.009379597990421328, 0.0022350010403315215, 0.00039942247434678676, 5.71054098443355e-05, 6.803631165268866e-06, 6.947962747567377e-07, 6.208436645494844e-08, 4.931221421814908e-09, 3.5250823177443133e-10], [0.013441657244410762, 0.009608765094959566, 0.0034344115822661976, 0.0008183627344295998, 0.00014625159559236158, 2.090958281791288e-05, 2.4912016164583023e-06, 2.5440497298251045e-07, 2.2732665882725746e-08, 1.805604460137375e-09, 1.290735866597521e-10], [0.00410147138610494, 0.0029319357260926934, 0.0010479467357813654, 0.0002497081481610668, 4.462595077282509e-05, 6.380169800767793e-06, 7.601437799770356e-07, 7.762693975881898e-08, 6.9364496469847954e-09, 5.509465755017874e-10, 3.938440125060014e-11], [0.0010727036677415094, 0.0007668219306898091, 0.0002740812262835206, 6.530896382814923e-05, 1.167152384206264e-05, 1.668677140911819e-06, 1.9880890149684393e-07, 2.030264145617125e-08, 1.814167228529949e-09, 1.4409521769982434e-10, 1.0300642792840175e-11], [0.0002454866605552528, 0.00017548607380256883, 6.272308651921511e-05, 1.4945860554621987e-05, 2.6710111074864e-06, 3.818743155132387e-07, 4.5497125426888165e-08, 4.646229710409756e-09, 4.151695086101941e-10, 3.2975979162621845e-11, 2.3572869906474527e-12], [4.993712187071743e-05, 3.569753824615738e-05, 1.2759187845616633e-05, 3.0403006757710214e-06, 5.433395317321824e-07, 7.768122385936848e-08, 9.255067025112195e-09, 9.451403133811355e-10, 8.445416260736824e-11, 6.708003956408252e-12, 4.795214838556316e-13], [9.142429660257016e-06, 6.535463403452645e-06, 2.335937135154731e-06, 5.566146792806564e-07, 9.947396374502143e-08, 1.4221787288734515e-08, 1.6944068081678731e-09, 1.7303517925063319e-10, 1.5461768965234114e-11, 1.2280934910698157e-12, 8.779023044383553e-14]]",1.0,0.9055831338,0.09441686616,0.7379269633,0.2620730367,0.4678355361,0.5321644639,2.545637996,2-0:0.131|1-0:0.128|1-1:0.119|0-0:0.094|2-1:0.094
2026-09-12,8,Cruz Azul,America,1,1,1.314871563,1.231276515,0.366546752,0.3064230891,0.3270299253,173.0,226.0,206.0,4.0,3.0,"[[0.09815354802570879, 0.07674062243577097, 0.059415962377798046, 0.02438582636911944, 0.007506423828376595, 0.001848496674693731, 0.00037933509068111904, 6.672376979567277e-05, 1.026942634487884e-05, 1.4049448315158153e-06, 1.7298755762814303e-07], [0.08329305393918915, 0.14667031733734862, 0.07812435931961347, 0.03206422963332629, 0.009869983231855124, 0.002430535711878772, 0.0004987769235895391, 8.773318748135197e-05, 1.3502976669337121e-05, 1.8473220065621542e-06, 2.2745642028030775e-07], [0.0677576928180199, 0.08342845589503346, 0.05136174922398243, 0.021080171867388815, 0.006488880139490437, 0.0015979211452184072, 0.00032791379655748196, 5.767893667585638e-05, 8.877340019269295e-06, 1.214495587078292e-06, 1.4953798942564847e-07], [0.029697554487260205, 0.03656590140081965, 0.02251136782707218, 0.009239239510618327, 0.00284401465707181, 0.0007003536912615858, 0.0001437215087376814, 2.5280131206635927e-05, 3.890853982177987e-06, 5.323019036179849e-07, 6.554108329530507e-08], [0.009762117471581457, 0.012019865981968213, 0.007399889350085412, 0.0030371033240944117, 0.0009348784993439315, 0.00023021878817275116, 4.7243831208123335e-05, 8.310031408210407e-06, 1.2789933142503745e-06, 1.74977159001236e-07, 2.1544526658514793e-08], [0.0025671861316348514, 0.003160915994183326, 0.0019459808151739253, 0.0007986801589567638, 0.0002458490307319097, 6.054162756793012e-05, 1.2423914036668942e-05, 2.185324797280051e-06, 3.3634238763829844e-07, 4.6014498109503835e-08, 5.665657088371067e-09], [0.000562586673574644, 0.0006926997589707393, 0.0004264524726734895, 0.00017502697149248412, 5.387664988394713e-05, 1.326741074459861e-05, 2.7226418780222194e-06, 4.789035719817599e-07, 7.370784015691235e-08, 1.0083859175083225e-08, 1.2416018985469693e-09], [0.00010567560268762053, 0.00013011588782522055, 8.010431847070356e-05, 3.287685536796345e-05, 1.0120124977543798e-05, 2.492134443269296e-06, 5.114177688113666e-07, 8.995666974630536e-08, 1.3845191856203916e-08, 1.8941399535348677e-09, 2.3322100414032704e-10], [1.736873060977579e-05, 2.138571009969556e-05, 1.3165861303957567e-05, 5.40360527557807e-06, 1.663333068388667e-06, 4.096045888324861e-07, 8.405608512869918e-08, 1.4785183369095452e-08, 2.2755811320226137e-09, 3.1131884515870674e-10, 3.833195828017998e-11], [2.5375166627140724e-06, 3.1243846738809328e-06, 1.923490736794035e-06, 7.894496571782582e-07, 2.430077057159246e-07, 5.984193621504946e-08, 1.2280328448213524e-08, 2.1600685739950574e-09, 3.3245521331392637e-10, 4.5482699614357033e-11, 5.600177988578577e-12], [3.3365085004742324e-07, 4.1081645595994977e-07, 2.529143271529285e-07, 1.0380249046540063e-07, 3.195239218388865e-08, 7.868446020480275e-09, 1.6147054661014794e-09, 2.840212742104014e-10, 4.371359059618829e-11, 5.980390833197769e-12, 7.363514784992977e-13]]",1.0,0.9018462184,0.09815378157,0.7418125421,0.2581874579,0.4679685695,0.5320314305,2.546148078,1-1:0.147|0-0:0.098|2-1:0.083|1-0:0.083|1-2:0.078
2026-09-12,8,Monterrey,UANL,1,1,1.61118787,1.61706645,0.3661081758,0.2652798112,0.3686097836,173.0,277.0,171.0,0.0,0.0,"[[0.05571152331518322, 0.04799395820687806, 0.05180989358968609, 0.027926680242517606, 0.011289824423463197, 0.0036512792614303386, 0.000984060199174004, 0.0002273272476215518, 4.5950408176498175e-05, 8.256095938747445e-06, 1.3350655754609398e-06], [0.047761009980302964, 0.11932800393289057, 0.08347547211384926, 0.04499512846482161, 0.01819002816903424, 0.0058828968571377266, 0.0015855058565658062, 0.0003662669039592198, 7.403474028985173e-05, 1.3302121632640707e-05, 2.1510414612535595e-06], [0.0514338855302035, 0.08317201070944812, 0.06724733406919398, 0.036247802602821726, 0.0146537763732893, 0.004739226029257967, 0.0012772739022036033, 0.00029506239647788277, 5.9641937768348096e-05, 1.0716108511961702e-05, 1.7328659554547926e-06], [0.027623217496423803, 0.04466857826816968, 0.03611602965436444, 0.019467339959708074, 0.00786999558230197, 0.0025452611643355235, 0.000685976072765438, 0.00015846698473010232, 3.203145556475197e-05, 5.755221350472709e-06, 9.306575361016982e-07], [0.011126548242305937, 0.017992367872437482, 0.014547427225733649, 0.007841385502579644, 0.00317001035540317, 0.0010252234786882948, 0.00027630908194095595, 6.3830020910508e-05, 1.2902173168590244e-05, 2.318185707710335e-06, 3.748660333953392e-07], [0.0035853919132885657, 0.005797816974851936, 0.004687727658069249, 0.002526789041639084, 0.0010214964466777011, 0.00033036552664429756, 8.90371682560536e-05, 2.0568431090552294e-05, 4.157564981979091e-06, 7.470065386786312e-07, 1.207959211996966e-07], [0.0009627899935007812, 0.001556895397361585, 0.0012588016570010817, 0.0006785219757876273, 0.0002743037807422924, 8.871348821641238e-05, 2.390926758351129e-05, 5.523267780740456e-06, 1.1164363781663273e-06, 2.0059464569377347e-07, 3.2437487170015945e-08], [0.0002216050798837242, 0.00035835013993904436, 0.0002897379944126546, 0.00015617519673272081, 6.313641775895124e-05, 2.0419156592476506e-05, 5.503188845513335e-06, 1.2712888646875985e-06, 2.5696982149663764e-07, 4.6170808570186854e-08, 7.466126553103638e-09], [4.463092708851778e-05, 7.217117484929224e-05, 5.835279277076851e-05, 3.145344782741559e-05, 1.2715578808520394e-05, 4.112387177974518e-06, 1.1083338894908114e-06, 2.5603564980589573e-07, 5.175333242894758e-08, 9.298730841346864e-09, 1.503666567571714e-09], [7.989867596199108e-06, 1.2920146833703843e-05, 1.0446367990120295e-05, 5.6308237354464784e-06, 2.2763540378091485e-06, 7.36203148797609e-07, 1.9841490211145986e-07, 4.5835725926074365e-08, 9.264926828637417e-09, 1.6646669267636308e-09, 2.6918770385166495e-10], [1.287317775639357e-06, 2.0816783861111473e-06, 1.6831061394495627e-06, 9.072314902415334e-07, 3.6676340142534653e-07, 1.1861615834280857e-07, 3.196836835710939e-08, 7.384996563902865e-09, 1.4927537725627289e-09, 2.682091160510839e-10, 4.337119632828966e-11]]",-1.0,0.9442862472,0.05571375282,0.848531279,0.151468721,0.6259594959,0.3740405041,3.228254321,1-1:0.119|1-2:0.083|2-1:0.083|2-2:0.067|0-0:0.056
2026-09-13,8,Guadalajara,UNAM,1,1,1.769585016,1.117842471,0.5091583106,0.2683742661,0.2224647303,-104.0,273.0,350.0,3.0,0.0,"[[0.07289116723156619, 0.04511367504333584, 0.034812674710178564, 0.012971695444464738, 0.003625078023409168, 0.0008104532353270265, 0.0001509931745860583, 2.4112369062982637e-05, 3.3692287780256404e-06, 4.1847411376386236e-07, 4.67788137538593e-08], [0.08142835719094382, 0.12739124351939846, 0.061603987535557715, 0.02295451789121542, 0.006414883752216496, 0.001434165901439363, 0.00026719525927245574, 4.266888699518517e-05, 5.962136761219554e-06, 7.405255213189653e-07, 8.277908788715829e-08], [0.0872406804252297, 0.09752133781146212, 0.05450674663575259, 0.02030998545540826, 0.0056758410837943005, 0.00126893924485441, 0.00023641236358331002, 3.775311153898443e-05, 5.275253938130626e-06, 6.55211433262232e-07, 7.324231678346639e-08], [0.051459933623333086, 0.05752409937858723, 0.03215144070665101, 0.01198008197932298, 0.0033479611117770876, 0.0007484986246549946, 0.00013945059206821734, 2.226911349614584e-05, 3.1116701082482838e-06, 3.864841115472606e-07, 4.320283544013167e-08], [0.022765681866621628, 0.025448446080448366, 0.014223676929681914, 0.005299943390398189, 0.0014811254544249703, 0.00033113298767981867, 6.169241955060726e-05, 9.851772390842614e-06, 1.3765911996073076e-06, 1.7097912318331035e-07, 1.911277256137159e-08], [0.008057161902241197, 0.00900663777311475, 0.005034001113564137, 0.0018757400819063752, 0.0005241954822064584, 0.00011719359466324047, 2.1833996248055107e-05, 3.4867097608628833e-06, 4.871990320087191e-07, 6.051241888831711e-08, 6.764335187933315e-09], [0.0023763054956748887, 0.002656335208040471, 0.001484682156885603, 0.0005532135904892174, 0.0001546014117984477, 3.456400484874071e-05, 6.439518766821108e-06, 1.028338224686417e-06, 1.4369001781232267e-07, 1.7846978291560742e-08, 1.995011032011378e-09], [0.0006007249426700141, 0.0006715158545342055, 0.00037532447120187907, 0.00013985121148597256, 3.908290596826193e-05, 8.737706439259346e-06, 1.6278965600432789e-06, 2.5996170197581714e-07, 3.6324528925118616e-08, 4.511677909487782e-09, 5.043345184414982e-10], [0.0001328792321641189, 0.00014853804927749247, 8.302107004920125e-05, 3.093482604015312e-05, 8.64506559811327e-06, 1.932764298688434e-06, 3.6008767004033863e-07, 5.7503041570223743e-08, 8.034917762594884e-09, 9.979747032309783e-10, 1.1155785086350153e-10], [2.612678868678912e-05, 2.9205634034878516e-05, 1.6323649063892686e-05, 6.082422737177029e-06, 1.6997976161268504e-06, 3.8002119361161133e-07, 7.08006383739669e-08, 1.1306280082182533e-08, 1.579830008648492e-09, 1.962223423587597e-10, 2.1934566812240174e-11], [4.62335737774988e-06, 5.168185237219562e-06, 2.8886084790630715e-06, 1.076336413695587e-06, 3.0079363918059637e-07, 6.724798099943924e-08, 1.2528774879294573e-08, 2.000742382063078e-09, 2.795643511201572e-10, 3.4723211685118375e-11, 3.881508076436368e-12]]",1.0,0.9271061398,0.07289386021,0.8005641076,0.1994358924,0.5511195089,0.4488804911,2.887427487,1-1:0.127|2-1:0.098|2-0:0.087|1-0:0.081|0-0:0.073
2026-09-13,8,Santos Laguna,FC Juárez,1,1,1.612034797,1.198862149,0.4516764819,0.2824234191,0.2658989365,121.0,254.0,276.0,2.0,1.0,"[[0.07826209130194792, 0.05400170092315665, 0.04322663897006207, 0.017274260432683087, 0.005177364247012587, 0.0012413892056659605, 0.0002480424218483322, 4.248123870688426e-05, 6.366143642065836e-06, 8.480142943111108e-07, 1.0166522394244137e-07], [0.0788544554611398, 0.13435938000306033, 0.06968284618172196, 0.02784670891177392, 0.00834609132348202, 0.0020011625962865587, 0.0003998530151782075, 6.84812350197066e-05, 1.026244507439168e-05, 1.3670285508736554e-06, 1.6388787865089217e-07], [0.07815590488904543, 0.09369815610742417, 0.056165586403195564, 0.022444931875344718, 0.006727094816642957, 0.0016129718699414697, 0.0003222884870977139, 5.5197066900315095e-05, 8.271709281659411e-06, 1.1018487963235513e-06, 1.320964816046446e-07], [0.041996679426842376, 0.05034822935664416, 0.030180293227290534, 0.012060670400583994, 0.003614770309288882, 0.0008667222603668039, 0.0001731800853028295, 2.9659864180517167e-05, 4.444761064529333e-06, 5.920728669413464e-07, 7.098137497403104e-08], [0.01692502714975449, 0.02029077442390876, 0.012162920717321335, 0.004860555090544983, 0.0014567838805307361, 0.00034929661078463226, 6.979308091853033e-05, 1.195318328411536e-05, 1.7912773752119197e-06, 2.386105159830897e-07, 2.8606111601159668e-08], [0.0054567465414770205, 0.00654188688631797, 0.0039214102861551475, 0.0015670767878428243, 0.00046967726145602534, 0.00011261565821927412, 2.250177500759522e-05, 3.85378947803836e-06, 5.775202920224246e-07, 7.692969094407975e-08, 9.222809462199178e-09], [0.0014660775506423812, 0.0017576248832470998, 0.001053574972502576, 0.00042103038529021876, 0.00012618934814617334, 3.025672662476333e-05, 6.0456073848193924e-06, 1.0354071232204496e-06, 1.551638011292584e-07, 2.066888978875743e-08, 2.4779149633588107e-09], [0.00033762400384184743, 0.000404764638865067, 0.00024262850243360185, 9.69593759610291e-05, 2.9060231462268897e-05, 6.967842309381799e-06, 1.3922470677108522e-06, 2.384446159719757e-07, 3.57327780959652e-08, 4.759852793863817e-09, 5.706407350295061e-10], [6.803270531645612e-05, 8.156183531111757e-05, 4.8890698586616134e-05, 1.9537735994369985e-05, 5.855763041145174e-06, 1.4040505329347413e-06, 2.805438399150117e-07, 4.804762726620534e-08, 7.2003102109998846e-09, 9.591310416019369e-10, 1.1498659018928563e-10], [1.2185676479050503e-05, 1.4608946293048112e-05, 8.757056375166206e-06, 3.4995011421794e-06, 1.0488548651043562e-06, 2.51486479554161e-07, 5.0249603561890905e-08, 8.606049674616746e-09, 1.2896834011218613e-09, 1.7179473489420177e-10, 2.05958205095347e-11], [1.9643734510517793e-06, 2.3550129773460962e-06, 1.411667959699567e-06, 5.641317613708905e-07, 1.690790539663197e-07, 4.0540495604324716e-08, 8.10041094826003e-09, 1.387325154111362e-09, 2.0790145198597532e-10, 2.7693909060922645e-11, 3.3201179336340084e-12]]",1.0,0.9217367461,0.07826325385,0.7888805898,0.2111194102,0.5331386659,0.4668613341,2.810896946,1-1:0.134|2-1:0.094|1-0:0.079|0-0:0.078|2-0:0.078
2026-09-14,8,Leon,Atlético San Luis,1,1,1.676926681,1.307644482,0.4440693155,0.2737883492,0.2821405877,125.0,265.0,254.0,2.0,0.0,"[[0.06783461134481954, 0.04884261996059504, 0.0432281439161135, 0.018842347957089674, 0.006159773084839195, 0.0016109586573018536, 0.0003510935332346389, 6.55865030713921e-05, 1.0720478606698118e-05, 1.5576194108320727e-06, 2.036812428072454e-07], [0.06751396418117268, 0.12814519801091956, 0.0724904278848229, 0.03159723601398966, 0.010329487832276893, 0.0027014595537385817, 0.000588758113259781, 0.00010998375688626874, 1.797745660414434e-05, 2.612013548211447e-06, 3.415585103968811e-07], [0.07109112168241895, 0.09296191300737017, 0.0607805663033098, 0.02649312405219938, 0.008660896871328646, 0.002265074801084114, 0.0004936520942662267, 9.221734817642805e-05, 1.5073438314216942e-05, 2.1900776045142973e-06, 2.863842895316092e-07], [0.03973819956716976, 0.05196343739989577, 0.03397485109823259, 0.0148090088583374, 0.004841229680423622, 0.0012661214558147508, 0.0002759394559328485, 5.1547243856419994e-05, 8.425683625722115e-06, 1.2241998558492423e-06, 1.600818186713689e-07], [0.016659511773086135, 0.02178471864761547, 0.014243333568827975, 0.006208405516867761, 0.0020295968044778635, 0.0005307982125271984, 0.00011568255896953516, 2.16102371332807e-05, 3.532313418521944e-06, 5.132233501585222e-07, 6.711136820139161e-08], [0.005587355955540346, 0.0073062751858169826, 0.004777005216389737, 0.0020822081710174054, 0.0006806970064492065, 0.00017802193691805965, 3.879823392272455e-05, 7.2477566444858345e-06, 1.1846861231370622e-06, 1.7212758579535364e-07, 2.25081687814098e-08], [0.0015615977126225704, 0.0020420146324576617, 0.001335114583437861, 0.0005819517394163142, 0.0001902464952507779, 4.975495595769621e-05, 1.084363227072451e-05, 2.0256594152465376e-06, 3.311052946666302e-07, 4.8107556847302165e-08, 6.290758126752121e-09], [0.0003740978383753323, 0.0004891869741857413, 0.0003198413237995076, 0.00013941291409090735, 4.5575631967514625e-05, 1.1919344733782103e-05, 2.5977108955944587e-06, 4.852689027417423e-07, 7.931990038675952e-08, 1.1524692230670496e-08, 1.5070200205453407e-09], [7.841683078979769e-05, 0.000102541336100449, 6.704380617887232e-05, 2.9223154407032124e-05, 9.553374153819617e-06, 2.4984833998866782e-06, 5.445213386565148e-07, 1.0172004628284214e-07, 1.662670715742439e-08, 2.4157579858835546e-09, 3.1589526007732696e-10], [1.4611030639758945e-05, 1.9106033596558024e-05, 1.2491949705432502e-05, 5.445009701757861e-06, 1.7800342231211425e-06, 4.655303860280826e-07, 1.0145804010416601e-07, 1.895300661793219e-08, 3.097974315828045e-09, 4.501165578165549e-10, 5.885924332133229e-11], [2.4501627110563415e-06, 3.203941749809956e-06, 2.094808375348594e-06, 9.130882044887168e-07, 2.9849868810948725e-07, 7.806603249505542e-08, 1.701376944098912e-08, 3.1782802474793565e-09, 5.195075785959332e-10, 7.54812465172788e-11, 9.870263552421083e-12]]",1.0,0.9321636411,0.06783635887,0.815807057,0.184192943,0.5733425934,0.4266574066,2.984571163,1-1:0.128|2-1:0.093|1-2:0.072|2-0:0.071|0-0:0.068
2026-09-18,9,Puebla,Atlante,1,1,1.2401333434461703,0.8351979090258138,0.4428305556715464,0.3215778400776713,0.2355915164697619,126.0,211.0,324.0,1.0,1.0,"[[0.13964573140539496, 0.09069884694484155, 0.04377678767365511, 0.012187427176301257, 0.002544728423512796, 0.0004250703716712887, 5.9169647601447595e-05, 7.0597665649319006e-06, 7.370377841551846e-07, 6.839693513327004e-08, 5.712497720708112e-09], [0.14152425462533544, 0.14413373746884173, 0.054289054063063, 0.015114034812153197, 0.003155802568013426, 0.0005271439412206215, 7.337825291051488e-05, 8.755051914118483e-06, 9.140251315105259e-07, 8.4821319848293e-08, 7.084258897810378e-09], [0.09651656616313438, 0.08061043424580143, 0.033662833063878114, 0.009371709262278679, 0.0019568079949632503, 0.00032686438915166045, 4.549940905907775e-05, 5.428715901150274e-06, 5.66756521166987e-07, 5.2594873489490306e-08, 4.392712836389933e-09], [0.03989780396461045, 0.03332256244596447, 0.013915467239125817, 0.0038740563804117, 0.0008089009470919906, 0.00013511847592404626, 1.8808444760419686e-05, 2.244110533704293e-06, 2.342845531715786e-07, 2.1741552102883318e-08, 1.8158498855303858e-09], [0.012369649256698057, 0.010331105194576928, 0.004314258728218188, 0.0012010866229347325, 0.00025078625900849105, 4.189123182725959e-05, 5.831244871440467e-06, 6.957490748063686e-07, 7.263602156061547e-08, 6.740605925264452e-09, 5.629739974347858e-10], [0.0030680028979930807, 0.002562389605288958, 0.0010700512202234092, 0.00029790151389370406, 6.220168037491148e-05, 1.0390142677403616e-05, 1.4463042397745606e-06, 1.725643252678404e-07, 1.801567045451884e-08, 1.671850032590255e-09, 1.3963256514241138e-10], [0.000634122115265116, 0.000529617464736451, 0.0002211676995657183, 6.157293340711245e-05, 1.2856396308551492e-05, 2.1475270629018803e-06, 2.989350187519994e-07, 3.56671289423232e-08, 3.7236389391978036e-09, 3.4555282844279006e-10, 2.8860499977337282e-11], [0.00011234228270812644, 9.382803961301404e-05, 3.918249124639028e-05, 1.0908378253135808e-05, 2.2776636769704204e-06, 3.8045998809394846e-07, 5.295989775400859e-08, 6.3188565523384114e-09, 6.596869724933882e-10, 6.121879778200536e-11, 5.11298119006048e-12], [1.7414926333150458e-05, 1.4544910059285843e-05, 6.073939234242031e-06, 1.6909804493295995e-06, 3.53075833870903e-07, 5.8977639635304775e-08, 8.209666883780745e-09, 9.795280878760212e-10, 1.0226247635326334e-10, 9.489934046894158e-12, 7.925973072758847e-13], [2.3996478688220767e-06, 2.0041808824384485e-06, 8.369438411610513e-07, 2.3300458203658103e-07, 4.865123492759652e-08, 8.126681936610453e-09, 1.1312312934624827e-09, 1.3497171584634751e-10, 1.4091011856561971e-11, 1.3076426265176143e-12, 1.0921403874205302e-13], [2.9758833346557997e-07, 2.48545153860929e-07, 1.0379219640157355e-07, 2.889567513593028e-08, 6.033401863354539e-09, 1.0078169241172322e-09, 1.402877646172565e-10, 1.6738292524319745e-11, 1.747473364621783e-12, 1.6216512224560215e-13, 1.3543997101644183e-14]]",1.0,0.8603541808135848,0.1396458191864151,0.6281310792434078,0.3718689207565921,0.3437039879377766,0.6562960120622234,2.075331252471984,1-1:0.144|1-0:0.142|0-0:0.140|2-0:0.097|0-1:0.091
2026-09-18,9,FC Juárez,UANL,1,1,1.0514530560062527,1.976773835616262,0.1854743326538491,0.2369267292253843,0.5775914601066087,439.0,322.0,-137.0,2.0,0.0,"[[0.05933644428858883, 0.08474352618520209, 0.09456746418947672, 0.06231282963677848, 0.030794592812299317, 0.012174789069961982, 0.004011134081274614, 0.0011327292718589048, 0.00027989369843091767, 6.147628220134521e-05, 1.2152470616658096e-05], [0.039956720748438056, 0.11153660451552004, 0.09943324922078715, 0.06551901514998772, 0.0323790687209603, 0.01280121917384305, 0.0042175191878070254, 0.001191011654523783, 0.00029429508457208087, 6.463942479250722e-05, 1.2777752367911344e-05], [0.026755159882739573, 0.052888900023929444, 0.05227469688091401, 0.034445084352987286, 0.017022535378645093, 0.006729940510471558, 0.0022172617193923533, 0.0006261464219440475, 0.00015471873302046654, 3.398266036828403e-05, 6.717603388065759e-06], [0.009377264874214137, 0.018536731852989922, 0.018321463262412515, 0.012072463069113876, 0.005966132281616977, 0.002358738838825199, 0.0007771155369402559, 0.00021945452295348304, 5.422649488526167e-05, 1.1910390698484935e-05, 2.3544148704732324e-06], [0.002464938452243135, 0.004872625838798675, 0.0048160396344424814, 0.003173407046885602, 0.0015682770050109314, 0.0006200257901008487, 0.00020427512654644297, 5.7686532203458505e-05, 1.425415344090395e-05, 3.130804174537607e-06, 6.188891776664114e-07], [0.0005183534136956739, 0.0010246674657959803, 0.0010127679182963573, 0.0006673377074799293, 0.0003297939299166157, 0.00013038560236084586, 4.295714121466433e-05, 1.2130936115145921e-05, 2.9975146392441026e-06, 6.583787234149406e-07, 1.3014658343730909e-07], [9.083738015359824e-05, 0.0001795649563835609, 0.00017747965378629924, 0.00011694571198632969, 5.7793805910522894e-05, 2.2849056676921234e-05, 7.527902901241823e-06, 2.125851641747799e-06, 5.252909879761152e-07, 1.1537572012402241e-07, 2.2807170480655223e-08], [1.3644462994586094e-05, 2.69720174487321e-05, 2.665878919321945e-05, 1.7566132322121926e-05, 8.681067691835939e-06, 3.4321014956869888e-06, 1.1307480729755794e-06, 3.1931902933309057e-07, 7.890268780000433e-08, 1.7330307644760793e-08, 3.4258098715343636e-09], [1.7933140391527199e-06, 3.544976271640413e-06, 3.5038081708296277e-06, 2.308745439038161e-06, 1.1409668942472541e-06, 4.5108670077046386e-07, 1.486160646129191e-07, 4.196862115415349e-08, 1.0370309026802717e-08, 2.2777506168265296e-09, 4.502597823401488e-10], [2.0950950298289422e-07, 4.1415290380955246e-07, 4.0934331209761095e-07, 2.6972638304635306e-07, 1.332970141953601e-07, 5.269961000543148e-08, 1.736253503431965e-08, 4.903114996544828e-09, 1.211543679773441e-09, 2.6610531632026524e-10, 5.260300268202896e-11], [2.202894071737148e-08, 4.354623363644167e-08, 4.304052764607534e-08, 2.8360462973960046e-08, 1.4015555293221994e-08, 5.541116599054851e-09, 1.8255890521850985e-09, 5.155395247067136e-10, 1.2738813045828428e-10, 2.7979724806445284e-11, 5.530958792512434e-12]]",-1.0,0.9406560776972532,0.0593439223027467,0.815955830763613,0.184044169236387,0.5830966021758769,0.4169033978241231,3.0282268916225146,1-1:0.112|1-2:0.099|0-2:0.095|0-1:0.085|1-3:0.066
2026-09-19,9,Atlas,UNAM,1,1,1.3211233025091909,1.5220719084816476,0.3174978769549826,0.2746285725454215,0.407872754854708,215.0,264.0,145.0,1.0,1.0,"[[0.07096877471476123, 0.07591488128236318, 0.06746155608648144, 0.03422711314056417, 0.013024031854918945, 0.003964702604308454, 0.0010057604099169865, 0.00021869138094251882, 4.160800094495836e-05, 7.03670771182211e-06, 1.0710375136360606e-06], [0.0642117788396856, 0.1298396418558593, 0.08912503376938137, 0.04521823674761786, 0.01720635197615542, 0.005237860998070774, 0.0013287335142825268, 0.000288918279421076, 5.496929961920893e-05, 9.29635853103432e-06, 1.414972617126105e-06], [0.05082445367710343, 0.07735847320584592, 0.05887257947482414, 0.029869433132827684, 0.011365856273436996, 0.003459930109927674, 0.0008777104042717876, 0.00019084833573202259, 3.6310611324773256e-05, 6.1408179419147756e-06, 9.346766484488564e-07], [0.022381790030040087, 0.03406669386625863, 0.025925978874338156, 0.013153734714839584, 0.005005232525269296, 0.001523664764426212, 0.00038652122264607364, 8.404472786022416e-05, 1.599026491650402e-05, 2.7042592265100466e-06, 4.11607700192325e-07], [0.007392276090138461, 0.0112515757765403, 0.008562853707812285, 0.004344426361699665, 0.0016531323309025474, 0.0005032372563739114, 0.00012766054853801775, 2.7758362107296385e-05, 5.281277898622162e-06, 8.931649700419757e-07, 1.3594613105407434e-07], [0.0019532216402526905, 0.0029729437896670674, 0.0022625171138736075, 0.0011479045804953301, 0.00043679832889733804, 0.00013296769321727325, 3.3731065096936176e-05, 7.334443803887477e-06, 1.3954438597793018e-06, 2.359962109814755e-07, 3.59203203243012e-08], [0.00043007443731717506, 0.0006546042195965235, 0.00049817734691071, 0.00025275391505823604, 9.617740846722438e-05, 2.9277786331705466e-05, 7.427149353002796e-06, 1.6149507700433142e-06, 3.072589000829669e-07, 5.196334893858373e-08, 7.909195369004792e-09], [8.116876585046405e-05, 0.00012354469834711582, 9.402195739799201e-05, 4.7702726711980616e-05, 1.81517450715707e-05, 5.525652252671596e-06, 1.4017400116382936e-06, 3.047927278156263e-07, 5.7989556114707256e-08, 9.807141594168456e-09, 1.4927174722985729e-09], [1.3404243500120035e-05, 2.0402222485980426e-05, 1.5526824858251703e-05, 7.877647981553152e-06, 2.9975866744073013e-06, 9.12508494070856e-07, 2.314839241793567e-07, 5.033359689407064e-08, 9.57641923566301e-09, 1.619555411382885e-09, 2.465079795895327e-10], [1.9676287156128848e-06, 2.994872394356197e-06, 2.2792055704683688e-06, 1.1563715908215975e-06, 4.400201785389469e-07, 1.3394847058384217e-07, 3.397986737662437e-08, 7.3885430839845616e-09, 1.4057367340924085e-09, 2.3773693263142125e-10, 3.618527067668802e-11], [2.599480146882409e-07, 3.956595708225463e-07, 3.011111590354513e-07, 1.527709454994034e-07, 5.813209114420567e-08, 1.769624458237806e-08, 4.489159460743026e-09, 9.761176439845116e-10, 1.8571515566026452e-10, 3.1407980156642794e-11, 4.780520429857501e-12]]",-1.0,0.9290304296403508,0.0709695703596491,0.7889037695183022,0.2110962304816978,0.5407781178988579,0.4592218821011421,2.8431952109908387,1-1:0.130|1-2:0.089|2-1:0.077|0-1:0.076|0-0:0.071
2026-09-19,9,Atlético San Luis,Necaxa,1,1,1.5893800735607857,1.185523629964529,0.4544374241275156,0.2737979001195824,0.2717636588476911,120.0,265.0,268.0,3.0,1.0,"[[0.0751266070755557, 0.06115277013740628, 0.043819262881712076, 0.017316257197965756, 0.005132208022682941, 0.001216870776956832, 0.00024043817678260325, 4.07207343030522e-05, 6.034424093221937e-06, 7.948835950824327e-07, 9.423532850413803e-08], [0.08633543293828057, 0.13026429364127498, 0.06964546326231494, 0.027522114139100298, 0.008157029164621065, 0.00193407016499362, 0.0003821476471015551, 6.47207236820343e-05, 9.59099340918206e-06, 1.2633721468243786e-06, 1.4977575334993169e-07], [0.07875899501709968, 0.0933706496650303, 0.055346555761516536, 0.02187154989747578, 0.00648230980685145, 0.0015369862905546398, 0.0003036889277306753, 5.143291428332946e-05, 7.6218669051033934e-06, 1.003989257827189e-06, 1.1902529893846821e-07], [0.04172599243128382, 0.04946715001100807, 0.029322237622525095, 0.01158740186164615, 0.00343428467921912, 0.0008142851278478843, 0.0001608923767653923, 2.724881636236126e-05, 4.038014460767916e-06, 5.319068401532055e-07, 6.305881279413905e-08], [0.016579615229957663, 0.019655525630834603, 0.011651045047363941, 0.004604196405810385, 0.0013645959090214908, 0.000323552139099581, 6.39297844046872e-05, 1.0827181438613518e-05, 1.6044849301737068e-06, 2.1135053318254666e-07, 2.505610512935113e-08], [0.005270262014759927, 0.006248020154602364, 0.003703587766887867, 0.0014635636044310432, 0.000433772309252265, 0.00010284946452856834, 2.032174508796939e-05, 3.441701286271906e-06, 5.100272752693317e-07, 6.718326519535748e-08, 7.964734842726978e-09], [0.0013960749047839576, 0.0016550797888218623, 0.0009810680995625102, 0.00038769313821191656, 0.00011490484413133276, 2.7244481583017217e-05, 5.383162783800052e-06, 9.116952405915152e-07, 1.3510453138092955e-07, 1.77966238297085e-08, 2.1098318083709252e-09], [0.00031698480498027024, 0.0003757929766438084, 0.00022275572689297167, 8.802739264718105e-05, 2.6089638516849732e-05, 6.18597659179162e-06, 1.2222702373294006e-06, 2.0700432122233706e-07, 3.067606428923102e-08, 4.0407998987993865e-09, 4.790463763984949e-10], [6.297616658214916e-05, 7.465973360772035e-05, 4.42554391994047e-05, 1.7488622975117598e-05, 5.183293948135617e-06, 1.228983491313383e-06, 2.428314949647202e-07, 4.1126067911469826e-08, 6.094490664571673e-09, 8.02795855049773e-10, 9.517334561990845e-11], [1.1121451586101395e-05, 1.31847436548297e-05, 7.81541257891275e-06, 3.0884520967410293e-06, 9.153582351749961e-07, 2.170357635365174e-07, 4.288350436998919e-08, 7.2627725380442e-09, 1.0762735578636057e-09, 1.4177197057258919e-10, 1.6807402118044025e-11], [1.767621354002052e-06, 2.0955568839993293e-06, 1.2421661019580213e-06, 4.908724220707212e-07, 1.4548521391569038e-07, 3.449523178149907e-08, 6.815818733011757e-09, 1.1543305950771924e-09, 1.710607746568783e-10, 2.2532954501751892e-11, 2.6713350014742472e-12]]",1.0,0.9248723760192334,0.0751276239807665,0.7773841729435466,0.2226158270564534,0.52454162140346,0.47545837859654,2.7749037035253146,1-1:0.130|2-1:0.093|1-0:0.086|2-0:0.079|0-0:0.075
2026-09-19,9,Monterrey,Cruz Azul,1,1,1.6278144066017075,1.798953964297109,0.3419339927061057,0.2453212182565365,0.4127404740330718,192.0,308.0,142.0,1.0,0.0,"[[0.042834020056742986, 0.04810895581138606, 0.0525755118728326, 0.03152697516952731, 0.014178894240879413, 0.005101435600795897, 0.0015295412996096966, 0.0003930820549270022, 8.839206512562306e-05, 1.7668139552238652e-05, 3.1784169689254263e-06], [0.04254832821118053, 0.10548995808619134, 0.08558317566105603, 0.05132006437753086, 0.023080608314985488, 0.008304190365326399, 0.0024898093629969627, 0.0006398646319867779, 0.00014388587704076557, 2.8760452100983518e-05, 5.17387293220414e-06], [0.04304802048146695, 0.07744140710027811, 0.06965676315189581, 0.041769770070735915, 0.01878547336413227, 0.006758840355920705, 0.0020264737753891383, 0.0005207904331114884, 0.00011710975177674004, 2.3408339135179663e-05, 4.21105244848426e-06], [0.023358062638472427, 0.042020079381780165, 0.03779609419196632, 0.022664477827194916, 0.010193088058989053, 0.0036673792344295787, 0.001099574402059664, 0.00028258338994640794, 6.35443136985758e-05, 1.2701477226288004e-05, 2.2849372808660248e-06], [0.009505647718302625, 0.017100222646052276, 0.015381256659739473, 0.00922339088130321, 0.004148113897545553, 0.0014924531880691019, 0.00044747576320079474, 0.00011499832830527771, 2.585958732403997e-05, 5.168911903518776e-06, 9.298634559937615e-07], [0.0030946860599867336, 0.005567197755868136, 0.005007566236472477, 0.0030027937108608386, 0.0013504719125298826, 0.00048588736014350655, 0.00014568149878866965, 3.7439187110088815e-05, 8.418921758969436e-06, 1.6828058526005845e-06, 3.027290259678197e-07], [0.0008395957587259797, 0.0015103941185671402, 0.0013585647436236976, 0.0008146651437653786, 0.0003663862724878504, 0.00013182240747121196, 3.952374041725425e-05, 1.0157341358209914e-05, 2.284073687883838e-06, 4.5654926839614983e-07, 8.213111162781984e-08], [0.00019524372453940574, 0.0003512344722642967, 0.00031592732313882985, 0.00018944623679679055, 8.520126467668877e-05, 3.0654630570651326e-05, 9.191044864856088e-06, 2.3620380850950633e-06, 5.311497221253144e-07, 1.0616821091696028e-07, 1.9099172391139728e-08], [3.972756845047748e-05, 7.146806675587123e-05, 6.42838810055625e-05, 3.8547914191786754e-05, 1.7336480762674887e-05, 6.237506158994916e-06, 1.870164405341922e-06, 4.806199529824565e-07, 1.0807664621726003e-07, 2.1602767906719567e-08, 3.886238496558352e-09], [7.185456473660321e-06, 1.292630540857556e-05, 1.1626914179236084e-05, 6.972094451759673e-06, 3.1356192383617345e-06, 1.1281669318754258e-06, 3.382533957477005e-07, 8.692889817389778e-08, 1.954763574773914e-08, 3.907255202336802e-09, 7.028972235764291e-10], [1.1696589565833736e-06, 2.10416261682128e-06, 1.8926458405282107e-06, 1.1349275792762195e-06, 5.104206169822689e-07, 1.8364463847584594e-07, 5.5061375068005386e-08, 1.4150411279748324e-08, 3.1819923085172215e-09, 6.360286308633296e-10, 1.1441862268980491e-10]]",-1.0,0.9571616649389711,0.0428383350610288,0.8665043809164046,0.1334956190835954,0.6653908904759135,0.3346091095240865,3.4267683708988166,1-1:0.105|1-2:0.086|2-1:0.077|2-2:0.070|0-2:0.053
2026-09-19,9,America,Guadalajara,1,1,1.382085904734977,1.3203323029316294,0.3719727156744412,0.2844993023994306,0.3435275727955665,169.0,251.0,191.0,2.0,2.0,"[[0.08034129085094716, 0.07522119369099148, 0.0584374405590914, 0.025718946823605114, 0.008489389072146664, 0.0022417629248220033, 0.0004933120008594966, 9.304796716551843e-05, 1.5356779596344467e-05, 2.2528946855616618e-06, 2.9745696284500516e-07], [0.07936135228543281, 0.13563936490553327, 0.08076556290550825, 0.03554579388953303, 0.011733064976425045, 0.003098308940153946, 0.000681799563024519, 0.00012860028388370594, 2.1224388622229373e-05, 3.11369398976711e-06, 4.111110756133573e-07], [0.06403166054321424, 0.08454306982555843, 0.055812473039844546, 0.024563670353669142, 0.008108051861628341, 0.0021410645573505674, 0.0004711527829553272, 8.886831985029332e-05, 1.466696417570032e-05, 2.1516962874575687e-06, 2.840954114428283e-07], [0.029499085164517054, 0.03894859504964308, 0.02571254409892335, 0.01131636752145418, 0.0037353413976055727, 0.000986378381947284, 0.00021705787343307185, 4.094121741418998e-05, 6.757001484162756e-06, 9.91276370055228e-07, 1.3088142125167227e-07], [0.010192567452113922, 0.013457576056835549, 0.008884236193499618, 0.003910048011050628, 0.001290640673750928, 0.0003408149146061586, 7.499815684589931e-05, 1.4146069877710538e-05, 2.3346891273836664e-06, 3.4250727468754593e-07, 4.5222341875904276e-08], [0.00281740076172543, 0.0037199052360102646, 0.002455755523474429, 0.0010808044485820208, 0.00035675525665376226, 9.420709792012534e-05, 2.073077909156409e-05, 3.910216757075954e-06, 6.453481869789937e-07, 9.467489532296963e-08, 1.2500232257158719e-08], [0.0006489816467950508, 0.0008568714322732709, 0.0005656775157448457, 0.00024896076569334505, 8.2177735276879e-05, 2.17003836935655e-05, 4.775286262770884e-06, 9.007092440688648e-07, 1.4865443881165662e-07, 2.180813972635596e-08, 2.8793991347554256e-09], [0.00012813548378101897, 0.00016918141838785124, 0.00011168784587663556, 4.915502358525703e-05, 1.622524137274524e-05, 4.284542061459658e-06, 9.428365478357431e-07, 1.778367929274391e-07, 2.935045779398266e-08, 4.305817503469637e-09, 5.685109940359373e-10], [2.213678075376793e-05, 2.922790671211499e-05, 1.9295274689538806e-05, 8.492058155512382e-06, 2.803084675274247e-06, 7.402006489234414e-07, 1.6288513790409558e-07, 3.0723215606035784e-08, 5.0706067518227826e-09, 7.438762099883162e-10, 9.821637894299237e-11], [3.3994369617768035e-06, 4.488386432413669e-06, 2.9630807973779094e-06, 1.3040837643248214e-06, 4.3045597994168483e-07, 1.1366898706141926e-07, 2.5013472576451533e-08, 4.718013693026201e-09, 7.786682355720316e-10, 1.1423342496583661e-10, 1.508260810569102e-11], [4.698313908906812e-07, 6.203335623242638e-07, 4.095232204646883e-07, 1.8023557892670643e-07, 5.9492714248628427e-08, 1.5710030482308993e-08, 3.4570767876388537e-09, 6.520700223478124e-10, 1.076186392848959e-10, 1.578804064948833e-11, 2.084546006951706e-12]]",1.0,0.9196583000184912,0.0803416999815087,0.765075754042067,0.234924245957933,0.5069672880342281,0.4930327119657719,2.7024182076666063,1-1:0.136|2-1:0.085|1-2:0.081|0-0:0.080|1-0:0.079
2026-09-20,9,Pachuca,Tijuana,1,1,1.4100682103420252,0.8768694570228561,0.480786897263734,0.2990645329707646,0.2201482638535982,108.0,234.0,354.0,2.0,2.0,"[[0.11522876443894456, 0.07541809591763882, 0.03905129866488004, 0.011414297018770251, 0.002502212107286667, 0.0004388226743744957, 6.41317000346802e-05, 8.03358985533754e-06, 8.805511967992682e-07, 8.579204997980009e-08, 7.52284282826649e-09], [0.1295788516835664, 0.13924622550676713, 0.05506499481991932, 0.016094937369569684, 0.0035282897480178586, 0.0006187699031127465, 9.043007149409312e-05, 1.1327909669937653e-05, 1.2416372501852727e-06, 1.2097264237659032e-07, 1.0607721523538072e-08], [0.10098243489190475, 0.08854841285251044, 0.038822699349108265, 0.011347479766138055, 0.0024875646052778286, 0.00043625388494784943, 6.375628453638865e-05, 7.986562657602555e-06, 8.753966076313705e-07, 8.528983866815228e-08, 7.478805452250956e-09], [0.04746404041466941, 0.04161976734652206, 0.0182475513972812, 0.005333573495243543, 0.0011692119236914249, 0.00020504924493438994, 2.996690334476082e-05, 3.7538660377966947e-06, 4.1145630928741555e-07, 4.008816339038718e-08, 3.515208606517228e-09], [0.016731883630778613, 0.014671677714290458, 0.006432573035472106, 0.0018801756082914307, 0.00041216714118753097, 7.22833554591547e-05, 1.0563844442209836e-05, 1.3233017914449237e-06, 1.450453654177102e-07, 1.4131761201945486e-08, 1.2391709771926582e-09], [0.004718619441380606, 0.004137613267460905, 0.0018140733496045044, 0.0005302351710224453, 0.00011623675662721814, 2.038489233396135e-05, 2.9791482453916752e-06, 3.7318915776102796e-07, 4.090477176659115e-08, 3.985349445401629e-09, 3.4946312042356605e-10], [0.001108929211832105, 0.0009723861558560019, 0.00042632786025099733, 0.00012461129311066942, 2.7316959232217143e-05, 4.790681441893953e-06, 7.001337057871699e-07, 8.770369463385664e-08, 9.61308638656102e-09, 9.366024266775086e-10, 8.212780613269949e-11], [0.00022338083273201276, 0.00019587582950703346, 8.587876613186699e-05, 2.5101489009281025e-05, 5.502682259508356e-06, 9.6502680101288e-07, 1.4103375450277784e-07, 1.7666884533249388e-08, 1.936443930994484e-09, 1.8866761536959322e-10, 1.6543686944693196e-11], [3.937277637939256e-05, 3.452478504528029e-05, 1.5136864758242875e-05, 4.424351460529613e-06, 9.698946657182198e-07, 1.7009420177954017e-07, 2.4858401726193558e-08, 3.1139390320147714e-09, 3.4131475352563345e-10, 3.325427584421248e-11, 2.915965880320283e-12], [6.1687000361652125e-06, 5.409144651249062e-06, 2.371556866649426e-06, 6.931819273192362e-07, 1.5195751505661878e-07, 2.6649380743647985e-08, 3.89467133711299e-09, 4.878740486652503e-10, 5.347523151858001e-11, 5.210088580652089e-12, 4.568567544757372e-13], [8.698287820132259e-07, 7.627262917867897e-07, 3.344056946680694e-07, 9.774337996964704e-08, 2.142704613039076e-08, 3.757744461191891e-09, 5.491752242193292e-10, 6.879356866737271e-11, 7.54037240050295e-12, 7.346580280643508e-13, 6.441991861662683e-14]]",1.0,0.8847709296491523,0.1152290703508477,0.679773982047947,0.3202260179520529,0.400494022984395,0.5995059770156049,2.2869376673648816,1-1:0.139|1-0:0.130|0-0:0.115|2-0:0.101|2-1:0.089
2026-09-20,9,Toluca,Santos Laguna,2,0,2.603446310522119,0.5862220766913125,0.7989326006976518,0.1461703540486475,0.0548093304124926,-397.0,584.0,1725.0,2.0,3.0,"[[0.04801790604623013, 0.01731148504578658, 0.007076833272433493, 0.00138286529912138, 0.0002026665418588223, 2.3761520208865112e-05, 2.321587953697252e-06, 1.9442373020541935e-07, 1.4246935359886557e-08, 9.27985337017732e-10, 5.440054914056211e-11], [0.10039192682548602, 0.06968963538168145, 0.01842415547329715, 0.0036002155609466233, 0.0005276314606686275, 6.186184212016665e-05, 6.044129592605706e-06, 5.061717430812469e-07, 3.709113129894377e-08, 2.4159600018774394e-09, 1.4162890895037365e-10], [0.13957636264265016, 0.0818227451653941, 0.02398314979572069, 0.0046864839596154045, 0.0006868300897965675, 8.052699231492485e-05, 7.867783444093443e-06, 6.588954785077112e-07, 4.828238446666333e-08, 3.1449110766284163e-09, 1.8436163023506172e-10], [0.12112652211936831, 0.07100704133921228, 0.02081294761678945, 0.004067003124660606, 0.0005960417544121498, 6.988256701324471e-05, 6.827783926504029e-06, 5.717996675135357e-07, 4.190019856764838e-08, 2.7292023797894655e-09, 1.599918686791049e-10], [0.0788365992795113, 0.04621575494891594, 0.013546347921005153, 0.0026470560699448954, 0.0003879406766103605, 4.548387781511166e-05, 4.4439422181247844e-06, 3.7216243368647214e-07, 2.7271229342772082e-08, 1.7763329665827672e-09, 1.0413256005653872e-10], [0.04104937070567091, 0.024064047341949932, 0.007053437903197973, 0.0013782936718086448, 0.00020199654464453967, 2.368296677719828e-05, 2.313912994390092e-06, 1.9378098297919586e-07, 1.4199836283168516e-08, 9.249175016217438e-10, 5.4220705856883784e-11], [0.01781163878548894, 0.010441575878104853, 0.0030605411475962707, 0.0005980522624476997, 8.764785981550716e-05, 1.0276222079719124e-05, 1.0040247080190118e-06, 8.408306419775613e-08, 6.161418563572195e-09, 4.01328842855744e-10, 2.352678276950151e-11], [0.006624520754347693, 0.003883440313698404, 0.0011382792227015203, 0.0002224281365955528, 3.2598071037405994e-05, 3.821941779935813e-06, 3.734177745378776e-07, 3.127224903757752e-08, 2.2915603467020747e-09, 1.4926258503412825e-10, 8.750102257102008e-12], [0.0021558230146104624, 0.001263791044603871, 0.0003704311053357822, 7.238496394700021e-05, 1.060841597155907e-05, 1.2437775282505285e-06, 1.215216409255022e-07, 1.0176952672326256e-08, 7.457442912450379e-10, 4.857464078826189e-11, 2.847552679742935e-12], [0.0006236188303918097, 0.000365579125816094, 0.00010715527716545263, 2.093892970278828e-05, 3.0687157135154904e-06, 3.5978977967046254e-07, 3.5152785301788096e-08, 2.9439055430140046e-09, 2.1572280262609206e-10, 1.4051274371681977e-11, 8.237167242326807e-13], [0.00016235581431556768, 9.51765626309812e-05, 2.7897301098937288e-05, 5.451337928100619e-06, 7.98923660239316e-07, 9.366933744466324e-08, 9.151838919851643e-09, 7.66430002448543e-10, 5.61622734592391e-11, 3.658173842108947e-12, 2.1445022666189396e-13]]",1.0,0.9518943791125618,0.0481056208874381,0.8341909672412893,0.1658090327587107,0.6178481359445241,0.3821518640554758,3.189668387213432,2-0:0.140|3-0:0.121|1-0:0.100|2-1:0.082|4-0:0.079
2026-09-20,9,Querétaro,Leon,1,1,1.5863177156320234,0.8811512764707565,0.5265965084214723,0.2775461909790332,0.1958563536608124,-111.0,260.0,411.0,1.0,1.0,"[[0.09768316599620043, 0.061836985736162906, 0.03292022434558052, 0.009669232567937319, 0.002130014154932644, 0.0003753729383039359, 5.512672395651523e-05, 6.939283311704914e-06, 7.643197934876264e-07, 7.483126240705418e-08, 6.593766238989394e-09], [0.12163454629312982, 0.13141509640022658, 0.052221935081975014, 0.015338474919085092, 0.0033788791885166264, 0.0005954607420003801, 8.744849881697638e-05, 1.1007908051147163e-05, 1.2124540288176315e-06, 1.1870615723941868e-07, 1.0459808197645214e-08], [0.10669453758443255, 0.09401402798497985, 0.04142029038256121, 0.012165847247461073, 0.0026799879578621394, 0.0004722949619992962, 6.936055143939782e-05, 8.731019776791561e-06, 9.616686526514141e-07, 9.415284009174521e-08, 8.296289523018833e-09], [0.05641714504378405, 0.04971203937016613, 0.021901913473493195, 0.006432966338106865, 0.0014171041250790673, 0.000249736621741079, 3.6675957171441015e-05, 4.616723782486004e-06, 5.085040067563058e-07, 4.978543940486816e-08, 4.38685034812571e-09], [0.02237387916208401, 0.019714772183272784, 0.008685848337310488, 0.0025511821165508457, 0.0005619943446270357, 9.904040682749178e-05, 1.4544930149704556e-05, 1.8308976810843078e-06, 2.0166222859684848e-07, 1.9743881127116742e-08, 1.7397346057645803e-09], [0.007098416176444805, 0.006254778474795006, 0.0027557030185537154, 0.0008093970774576413, 0.00017830031699337501, 3.1421910382770596e-05, 4.614576073821334e-06, 5.808770854027254e-07, 6.39800731594031e-08, 6.2640136814556075e-09, 5.519543651244894e-10], [0.0018767238889372216, 0.0016536776503201951, 0.0007285700862254006, 0.00021399348715864035, 4.7140158591566074e-05, 8.307522183198471e-06, 1.2200306293390756e-06, 1.5357593519650662e-07, 1.6915453916699017e-08, 1.6561193123090675e-09, 1.4592916460290069e-10], [0.00042529719319584847, 0.00037475116466395184, 0.0001651062335512719, 4.849452281566071e-05, 1.0682752670214908e-05, 1.8826242303162505e-06, 2.7647945727632305e-07, 3.480288952813913e-08, 3.833326316573819e-09, 3.753044863308852e-10, 3.3070002719566124e-11], [8.433205899689368e-05, 7.430930143252003e-05, 3.2738867905457616e-05, 9.615965081700488e-06, 2.118279976559651e-06, 3.7330502105359626e-07, 5.4823032635719784e-08, 6.901055026708915e-09, 7.601091807224373e-10, 7.441901942785746e-11, 6.557441396255865e-12], [1.4864159909166382e-05, 1.3097573477627402e-05, 5.770471794240455e-06, 1.694886195777825e-06, 3.7336278372057356e-07, 6.57978186924117e-08, 9.662971988301654e-09, 1.216362871713309e-09, 1.339749621327273e-10, 1.3116912099819335e-11, 1.1557983840110524e-12], [2.357928019189787e-06, 2.0776912839352437e-06, 9.153801634758523e-07, 2.688627998342524e-07, 5.922719981736323e-08, 1.0437624544171637e-08, 1.532854365069888e-09, 1.92953797203586e-10, 2.1252685588227437e-11, 2.0807590038331416e-12, 1.833463452255593e-13]]",1.0,0.9023158870651176,0.0976841129348825,0.7188443550358248,0.2811556449641752,0.4478144967055852,0.5521855032944147,2.46746899210278,1-1:0.131|1-0:0.122|2-0:0.107|0-0:0.098|2-1:0.094
2026-09-25,10,Atlante,Monterrey,1,1,1.0569740758071973,1.2997224158187437,0.2880048379242157,0.3056233662329135,0.4063716415053358,247.0,227.0,146.0,4.0,2.0,"[[0.10903852751805518, 0.10882028723506411, 0.08001491361959429, 0.03466572561039573, 0.0112639551591133, 0.0029280030022153488, 0.0006342651892606441, 0.00011776695486508248, 1.9133043885107748e-05, 2.763071780035364e-06, 3.591226329028158e-07], [0.0858240920097483, 0.14444702737038134, 0.08457368937386338, 0.03664077328923391, 0.01190570859423749, 0.003094823267227267, 0.0006704018622354463, 0.00012447661827914847, 2.0223131377840308e-05, 2.9204952410918262e-06, 3.7958331301390104e-07], [0.05291738731547079, 0.06877791448047985, 0.044696098581772106, 0.019364173742124523, 0.006292012669111988, 0.0016355739813320755, 0.0003542986943778674, 6.57842792826041e-05, 1.0687662799010145e-05, 1.5434438791761752e-06, 2.0060486073235105e-07], [0.01864410218396708, 0.02423215753131721, 0.015747539163551982, 0.006822476548284021, 0.0022168314253006066, 0.0005762530991109228, 0.00012482817834991432, 2.3177425932457675e-05, 3.7655275031742365e-06, 5.437933892508377e-07, 7.067804575833609e-08], [0.004926583168788386, 0.0064031905778696024, 0.004161185163408248, 0.0018027952110846943, 0.0005857833367443648, 0.00015227114671595015, 3.298503711152416e-05, 6.124484588637302e-06, 9.950162381485425e-07, 1.4369387875836686e-07, 1.8676215523819012e-08], [0.0010414541383434802, 0.0013536012886522161, 0.0008796529684712114, 0.00038110156042117736, 0.00012383156019572631, 3.218933091443873e-05, 6.972865823283874e-06, 1.2946842875740676e-06, 2.1034127374604208e-07, 3.0376140939955266e-08, 3.948055128572929e-09], [0.00018346500422853018, 0.00023845357851410128, 0.0001549617305634861, 6.713574493580914e-05, 2.1814458148940194e-05, 5.670548049023488e-06, 1.2283564015488442e-06, 2.2807462138678334e-07, 3.705421223697192e-08, 5.351132249433066e-09, 6.954986534598729e-10], [2.7702536183916307e-05, 3.6005607253265865e-05, 2.3398647421117793e-05, 1.013724885102208e-05, 3.293902391601548e-06, 8.562317547767006e-07, 1.854772674698491e-07, 3.443842316505309e-08, 5.595048819133875e-09, 8.08001151980943e-10, 1.0501772092369985e-10], [3.6601078225637954e-06, 4.757124181299698e-06, 3.0914704666343034e-06, 1.3393511544420787e-06, 4.351961795202702e-07, 1.1312684596023468e-07, 2.45055829208985e-08, 4.550065062142394e-09, 7.392276943375219e-10, 1.0675453385827595e-10, 1.3875126064588221e-11], [4.298487870121183e-07, 5.586841038921471e-07, 3.6306712659511565e-07, 1.572954942941911e-07, 5.111011996036234e-08, 1.3285793717533591e-08, 2.877973984437039e-09, 5.343667571022865e-10, 8.681605655927647e-11, 1.2537419418119942e-11, 1.629516505425167e-12], [4.5433902438897795e-08, 5.9051461437957355e-08, 3.837525405888466e-08, 1.662572597102387e-08, 5.402207180949891e-09, 1.4042739535955117e-09, 3.0419438923974923e-10, 5.648118092302776e-11, 9.176232114696649e-12, 1.3251727302474517e-12, 1.7223567023343373e-13]]",-1.0,0.8909613181444098,0.1090386818555901,0.6963169388995972,0.3036830611004028,0.4189376105941509,0.5810623894058491,2.356696491625941,1-1:0.144|0-0:0.109|0-1:0.109|1-0:0.086|1-2:0.085
2026-09-25,10,Tijuana,Atlas,1,1,1.7603986863333885,0.9610875017370604,0.5495469411929839,0.2584544977176938,0.1919960192654636,-122.0,287.0,421.0,2.0,3.0,"[[0.07801032438684505, 0.050983980872133496, 0.030378717093740293, 0.00973220177253326, 0.0023383743719912462, 0.0004494764766606069, 7.199770400721977e-05, 9.885156210729018e-06, 1.187562510856267e-06, 1.2681683185727128e-07, 1.2188207210791337e-08], [0.10356021260651883, 0.12352119291587511, 0.05347865366431406, 0.01713255521549903, 0.004116471172609052, 0.0007912577990510923, 0.00012674466355332983, 1.7401816007567698e-05, 2.0905834840501526e-06, 2.232481842065026e-07, 2.1456103962636203e-08], [0.10192146133670078, 0.09795544264948015, 0.04707187582876838, 0.01508006384744937, 0.003623315222295121, 0.0006964645950002958, 0.0001115605696095246, 1.531706701976876e-05, 1.840130209496084e-06, 1.965029051017208e-07, 1.8885648614828696e-08], [0.059807468882102435, 0.05748021085311681, 0.027621756124070744, 0.008848974862291165, 0.0021261597858333666, 0.0004086851193720787, 6.546369339573721e-05, 8.98804822002713e-06, 1.0797876011597632e-06, 1.1530781866725459e-07, 1.1082090337366137e-08], [0.02632124741324454, 0.025297021918998255, 0.012156325798758843, 0.0038944309307436366, 0.0009357222234789844, 0.00017986218681665287, 2.881054996409688e-05, 3.9556370698092286e-06, 4.75214168650182e-07, 5.0746933126450895e-08, 4.877224317931822e-09], [0.009267177873786357, 0.008906568830870293, 0.00427999599335515, 0.0013711502188994429, 0.0003294488345970723, 6.332583147861725e-05, 1.0143610861867721e-05, 1.392699660260764e-06, 1.6731327964375877e-07, 1.7866966882250496e-08, 1.7171718564480875e-09], [0.002718987959171891, 0.002613185344933661, 0.001255749887369095, 0.00040229517401938614, 9.666021593979198e-05, 1.857978509098789e-05, 2.9761332059848374e-06, 4.0861777539666753e-07, 4.908967961516729e-08, 5.242164171379321e-09, 5.038178467166464e-10], [0.0006837861187832134, 0.0006571782926238395, 0.0003158029217268363, 0.00010117141369456982, 2.430864530873019e-05, 4.672547038075961e-06, 7.484544265955542e-07, 1.027614564315378e-07, 1.234534392958105e-08, 1.3183284172628723e-09, 1.2670289650161432e-10], [0.00015046702315487192, 0.00014461197537772827, 6.949238106852106e-05, 2.2262752970301562e-05, 5.349113408504114e-06, 1.028193208457486e-06, 1.646972736699029e-07, 2.2612641613473108e-08, 2.716590904496044e-09, 2.90097951738192e-10, 2.7880951569509643e-11], [2.9431327766481382e-05, 2.8286081275892168e-05, 1.3592699593689321e-05, 4.354591231453741e-06, 1.0462858019309967e-06, 2.0111444149616365e-07, 3.2214762690132e-08, 4.423029398987315e-09, 5.313647843977861e-10, 5.674311701643562e-11, 5.453510057409963e-12], [5.181087073716116e-06, 4.979478031959999e-06, 2.3928570508455043e-06, 7.665816683370052e-07, 1.8418801512486008e-07, 3.540415986125193e-08, 5.671082592025019e-09, 7.786295143591219e-10, 9.35413868417686e-11, 9.989050865419492e-12, 9.600351940970413e-13]]",1.0,0.9219871337892962,0.0780128662107038,0.7674429403106439,0.2325570596893561,0.5116215689643278,0.4883784310356722,2.7214861880704486,1-1:0.124|1-0:0.104|2-0:0.102|2-1:0.098|0-0:0.078
2026-09-26,10,Guadalajara,Querétaro,1,0,1.6798912213829928,0.7949653261827813,0.5722597599353385,0.2648908580106058,0.1628477517000483,-134.0,278.0,514.0,0.0,2.0,"[[0.09653204704570004, 0.05455927507743062, 0.026598052280512895, 0.007048176435668203, 0.0014007639697936908, 0.0002227117572304258, 2.950802078857096e-05, 3.3511219101706573e-06, 3.330032152996351e-07, 2.941400107450996e-08, 2.3383110958538547e-09], [0.12904796939172947, 0.12476901627006773, 0.04468183453191951, 0.011840169721037486, 0.0023531310960860133, 0.00037413152587017264, 4.957026508310722e-05, 5.629520278679894e-06, 5.594091780741677e-07, 4.941232219081921e-08, 3.928108282787336e-09], [0.11877246870219688, 0.09441999432337612, 0.037530310792729525, 0.009945098587027796, 0.0019765021355391166, 0.0003142501329759635, 4.1636326577369855e-05, 4.728490848375946e-06, 4.6987328370393484e-07, 4.150366313825261e-08, 3.2993973104481344e-09], [0.06650827583826895, 0.05287177319562386, 0.021015613212160576, 0.005568894604045467, 0.0011067695288456336, 0.00017596867990158645, 2.3314833169319673e-05, 2.647783422192191e-06, 2.631120014855469e-07, 2.3240546453729163e-08, 1.847542859225493e-09], [0.02793166718250665, 0.022204706912570284, 0.008825986036772246, 0.0023387842895357743, 0.00046481310390049266, 7.390206015125722e-05, 9.791595892287283e-06, 1.11199703176602e-06, 1.1049988538401979e-07, 9.760397491940814e-09, 7.759177575854349e-10], [0.009384432499696874, 0.0074602984431618195, 0.002965339292644515, 0.0007857806393399217, 0.00015616709056524378, 2.482948441804299e-05, 3.289763196556637e-06, 3.7360681037353654e-07, 3.712555748408836e-08, 3.2792812127839927e-09, 2.6069148589658996e-10], [0.0026274709623170037, 0.002088748310594123, 0.000830241241022595, 0.00022000433299330816, 4.3723954084912604e-05, 6.9518054842226994e-06, 9.210740523873906e-07, 1.04603133499234e-07, 1.0394483017744942e-08, 9.181392869669998e-10, 7.298888977449489e-11], [0.0006305522005764369, 0.0005012671358065177, 0.0001992449960605684, 5.279762109452558e-05, 1.0493069518771103e-05, 1.6683252865296938e-06, 2.2104345926417658e-07, 2.5103126527788063e-08, 2.4945143960463323e-09, 2.203391611689576e-10, 1.751619931295212e-11], [0.0001324073882965105, 0.00010525928262614566, 4.183873997332972e-05, 1.1086782523324877e-05, 2.2034019212431294e-06, 3.5032562540656226e-07, 4.641612084525241e-08, 5.27131523541221e-09, 5.238141044414663e-10, 4.626822782182802e-11, 3.6781636822278834e-12], [2.471444547172861e-05, 1.9647127205859297e-05, 7.809392443880265e-06, 2.0693987371462076e-06, 4.112750605194176e-07, 6.538988252733238e-08, 8.663781548732418e-09, 9.839151321234897e-10, 9.77723017430905e-11, 8.636176638537482e-12, 6.865460978427081e-13], [4.151757998930551e-06, 3.3005036518517973e-06, 1.3118929810809121e-06, 3.4763647720729627e-07, 6.90897363740328e-08, 1.098478896249307e-08, 1.4554210567695525e-09, 1.6528703930401362e-10, 1.6424683139262666e-11, 1.4507837321391987e-12, 1.1533227628407136e-13]]",1.0,0.9034663226002928,0.0965336773997072,0.7198590781311325,0.2801409218688675,0.4497195408783552,0.5502804591216448,2.474856547565774,1-0:0.129|1-1:0.125|2-0:0.119|0-0:0.097|2-1:0.094
2026-09-26,10,Santos Laguna,Pachuca,1,1,0.9720220775269032,1.5998551219890325,0.2165295992237319,0.276297783879617,0.5071715853296466,362.0,262.0,-103.0,1.0,0.0,"[[0.08945083977455898, 0.10915731272776254, 0.09776406262450421, 0.05213611211208987, 0.020852556500780342, 0.0066722138648678325, 0.001779095921119172, 0.0004066136745589005, 8.131537123922975e-05, 1.445475701928019e-05, 2.3125517054402294e-06], [0.06119588595982226, 0.1318556230492643, 0.09502882725974085, 0.050677452009369135, 0.020269145291635638, 0.006485539182632638, 0.001729320513365897, 0.00039523746869559053, 7.904033608682749e-05, 1.4050342948027316e-05, 2.2478513131103947e-06], [0.036088612644144785, 0.05773655178421319, 0.046185059048979245, 0.024629801092958457, 0.009851028358035158, 0.0031520436350923548, 0.0008404688590559049, 0.0001920897727189811, 3.841447584577135e-05, 6.828621771153491e-06, 1.0924805516705714e-06], [0.011692976079141755, 0.01870706767151017, 0.014964299015830497, 0.00798023680915062, 0.0031918056834512563, 0.0010212853342126404, 0.0002723180954920621, 6.223849998332487e-05, 1.2446572872904566e-05, 2.2125237068806854e-06, 3.5397173849752194e-07], [0.0028414577252299377, 0.00454592069562442, 0.003636407254525338, 0.0019392415905968125, 0.0007756263978726168, 0.0002481779730772821, 6.617480023209095e-05, 1.512429901398739e-05, 3.024585905502673e-06, 5.376554725349221e-07, 8.601708616004274e-08], [0.0005523919282565744, 0.0008837470557666788, 0.0007069336268555242, 0.00037699712794369796, 0.00015078519652896984, 4.8246893797399115e-05, 1.2864673360304966e-05, 2.940230509742823e-06, 5.879928551050594e-07, 1.0452259788142076e-07, 1.672210135841907e-08], [8.948952495217454e-05, 0.00014317027485910176, 0.0001145258487749558, 6.107492192091814e-05, 2.4427756665065266e-05, 7.816174323861288e-06, 2.0841244210647722e-06, 4.763281614147005e-07, 9.525700609836584e-08, 1.693304545686794e-08, 2.7090419505043248e-09], [1.2426541994415475e-05, 1.9880666858377403e-05, 1.590309335096635e-05, 8.480881784337747e-06, 3.392045540414056e-06, 1.0853562863702979e-06, 2.894021356554191e-07, 6.614306986326959e-08, 1.3227416138103774e-08, 2.3513277176917514e-09, 3.7617836926239247e-10], [1.509859145735878e-06, 2.4155558877875293e-06, 1.932269729763822e-06, 1.0304505414090049e-06, 4.1214289415739174e-07, 1.3187378404181753e-07, 3.516315814256286e-08, 8.036565522812793e-09, 1.607167564359063e-09, 2.856928066371657e-10, 4.5706710001389105e-11], [1.6306849151235405e-07, 2.608859613810647e-07, 2.0868987078526466e-07, 1.1129118622767834e-07, 4.451244357964659e-08, 1.4242692170629101e-08, 3.79770733668234e-09, 8.679687906295099e-10, 1.7357803942690584e-10, 3.085552393799447e-11, 4.936436801385557e-12], [1.585061738990162e-08, 2.535869141792254e-08, 2.028511617595135e-08, 1.0817749004746115e-08, 4.326707788408706e-09, 1.384421123327103e-09, 3.691455375241123e-10, 8.436848270962082e-11, 1.6872168649678736e-11, 2.9992250481390414e-12, 4.798325555263041e-13]]",-1.0,0.9105481286584366,0.0894518713415634,0.7401949299708518,0.2598050700291482,0.4744866316529384,0.5255133683470616,2.5718771995159355,1-1:0.132|0-1:0.109|0-2:0.098|1-2:0.095|0-0:0.089
2026-09-26,10,UANL,Puebla,1,0,1.5489675497279551,0.7924330552395319,0.5398351052735111,0.281795157224119,0.1783689850759331,-117.0,255.0,461.0,1.0,0.0,"[[0.10917199308735209, 0.06324718945074133, 0.030202146381472134, 0.007977726377287178, 0.0015804535217546697, 0.00025048072258162634, 3.30815340456606e-05, 3.744985870830492e-06, 3.709563244313859e-07, 3.266200594773224e-08, 2.5882453163413254e-09], [0.13602037265011735, 0.1310513460520103, 0.04678214467703392, 0.012357239279026598, 0.0024480712190512485, 0.0003879865111113495, 5.124222273194884e-05, 5.8008615881061195e-06, 5.745993089105722e-07, 5.0592387322058703e-08, 4.009108005748079e-09], [0.1153977339656865, 0.09144497889414765, 0.03623201200570197, 0.009570481323717937, 0.0018959914388666703, 0.00030048925772182254, 3.968627009386046e-05, 4.492673180219875e-06, 4.450178417992927e-07, 3.918298311256847e-08, 3.104989102129165e-09], [0.05958244840832927, 0.04721510163086414, 0.018707403619395338, 0.004941455001905509, 0.000978943071122162, 0.00015514936975098112, 2.049091484837628e-05, 2.3196683225645594e-06, 2.2977273199902433e-07, 2.023105644763567e-08, 1.6031757871523384e-09], [0.023072819779460525, 0.018283665070829007, 0.00724429028652667, 0.001913538361598131, 0.00037908776254981367, 6.0080334776253445e-05, 7.934940541093397e-06, 8.982727394460956e-07, 8.897762641970673e-08, 7.834312483525543e-09, 6.208168177021359e-10], [0.007147809823821134, 0.005664160776961721, 0.0022442341149278484, 0.0005928017654550207, 0.00011743892853772755, 1.861249778904171e-05, 2.4581930814348907e-06, 2.782790648414473e-07, 2.75646911951885e-08, 2.4270191622819388e-09, 1.9232502098919685e-10], [0.001845287578120938, 0.0014622668733259311, 0.0005793743030026126, 0.00015303844968521152, 3.0318181563293378e-05, 4.805025849101486e-06, 6.346102190180691e-07, 7.18408735346739e-08, 7.116135363269811e-09, 6.265623208237747e-10, 4.965086941883563e-11], [0.00040832722548934605, 0.0003235719908320037, 0.00012820457064247124, 3.3864513203295297e-05, 6.708839915471687e-06, 1.063261302266031e-06, 1.4042723371210564e-07, 1.5897025978474248e-08, 1.5746661081680703e-09, 1.3864638611975192e-10, 1.0986797935079499e-11], [7.906070274418082e-05, 6.265031422495564e-05, 2.482308995649915e-05, 6.556879004904787e-06, 1.2989719156731602e-06, 2.0586965676144612e-07, 2.7189653514764394e-08, 3.077997172229863e-09, 3.048883379010939e-10, 2.684484412331851e-11, 2.127274184607031e-12], [1.3606940334380452e-05, 1.0782589301635118e-05, 4.272240091843903e-06, 1.128488089565561e-06, 2.2356281615396488e-07, 3.5431713088568055e-08, 4.679543442524079e-09, 5.297464153264965e-10, 5.2473571299920724e-11, 4.620199158280622e-12, 3.661198534811432e-13], [2.1076709029039733e-06, 1.6701880930276582e-06, 6.617561266912973e-07, 1.747991430991545e-07, 3.4629154754828773e-08, 5.488257380546309e-09, 7.248460940012031e-10, 8.205600069254495e-11, 8.127985916191321e-12, 7.156538569457083e-13, 5.671077723534433e-14]]",1.0,0.890827254486211,0.1091727455137889,0.6915596923853523,0.3084403076146477,0.4149084659861835,0.5850915340138165,2.341400604967487,1-0:0.136|1-1:0.131|2-0:0.115|0-0:0.109|2-1:0.091
2026-09-26,10,Cruz Azul,Toluca,1,1,1.591080369549873,1.5088954189706694,0.3867643768456695,0.2620795954393007,0.3511544720095775,159.0,282.0,185.0,3.0,3.0,"[[0.056939380151556855, 0.05608709386694915, 0.051284473982512575, 0.02579430261884457, 0.009730226264279426, 0.0029363787671438653, 0.0007384480783510191, 0.00015917727465307804, 3.0022732566033203e-05, 5.033462625985454e-06, 7.594968697909531e-07], [0.05978954998015119, 0.12004465407013246, 0.08159771981626696, 0.041040808543072474, 0.01548157200037359, 0.004672014613965661, 0.001174930241396133, 0.00025326383697896106, 4.776858042606112e-05, 8.008643575068409e-06, 1.2084205602589612e-06], [0.05702323613700568, 0.08604209978201059, 0.0649142650998465, 0.032649612411668666, 0.012316212649783689, 0.0037167753692654458, 0.0009347042213379403, 0.00020148155966705206, 3.800182529858508e-05, 6.37119778950653e-06, 9.613471157942464e-07], [0.03024285054193222, 0.04563329863933615, 0.034427937634707396, 0.0173160524605393, 0.006532028058090883, 0.0019712294426882434, 0.0004957298459687321, 0.00010685778480417932, 2.015465274654748e-05, 3.3790292444677942e-06, 5.098601747545379e-07], [0.01202970145412477, 0.018151561415713665, 0.013694403933667552, 0.006887807787014962, 0.0025982454041443446, 0.0007840961175349999, 0.00019718650663020788, 4.2504830933878594e-05, 8.01691808503153e-06, 1.3440767747519111e-06, 2.028071288168032e-07], [0.0038280443670406982, 0.005776118609044184, 0.004357779454309003, 0.0021918111518304524, 0.0008268034515614489, 0.00024951198809004176, 6.274791596788795e-05, 1.352572042198609e-05, 2.5511121978766064e-06, 4.277068342951346e-07, 6.453648829303761e-08], [0.0010151210410274032, 0.0015317114885069856, 0.0011555962240964678, 0.0005812246162396544, 0.00021925179020924996, 6.616560436957114e-05, 1.663949622111191e-05, 3.5867513745736464e-06, 6.765040897601162e-07, 1.1341932466155143e-07, 1.711378994045621e-08], [0.00023073416587081902, 0.00034815372588249736, 0.00026266378104083525, 0.0001321107253140104, 4.983531705580069e-05, 1.5039256321689713e-05, 3.7821108280872097e-06, 8.152585289343078e-07, 1.5376748244821808e-07, 2.5779894428085478e-08, 3.889916460408569e-09], [4.5889575237690564e-05, 6.924256985466115e-05, 5.223989822572739e-05, 2.6274847706764687e-05, 9.911499334722307e-06, 2.991083188258667e-06, 7.522052867539469e-07, 1.6214273018693556e-07, 3.058205284980806e-08, 5.12723549419937e-09, 7.736462149181249e-10], [8.112666925296821e-06, 1.224116595921524e-05, 9.235319619359786e-06, 4.645043822127309e-06, 1.7522213360314764e-06, 5.287837493921125e-07, 1.3297989618064866e-07, 2.8664679451739415e-08, 5.406500438874038e-09, 9.064270827644398e-10, 1.3677036728142119e-10], [1.290790508953629e-06, 1.9476678858109496e-06, 1.4694135752882153e-06, 7.39063804108567e-07, 2.7879249708661317e-07, 8.413374433947691e-08, 2.1158170235781006e-08, 4.560780877510217e-09, 8.60217671625525e-10, 1.4421983378148575e-10, 2.1761264651759535e-11]]",1.0,0.9430590641429908,0.0569409358570092,0.8271824202958905,0.1728175797041095,0.59883005610624,0.40116994389376,3.0999757885205423,1-1:0.120|2-1:0.086|1-2:0.082|2-2:0.065|1-0:0.060
2026-09-27,10,UNAM,Atlético San Luis,1,1,2.0745809668974813,1.0552447371605882,0.5977224375245966,0.2275320348567768,0.1747338915510649,-149.0,339.0,472.0,2.0,3.0,"[[0.054247875227269635, 0.035618559486636454, 0.02434503265841142, 0.008563322529597099, 0.002259100257991507, 0.00047678073159273306, 8.385339296546775e-05, 1.2640835945695496e-05, 1.6673969506256963e-06, 1.9550131743393115e-07, 2.0630173633011702e-08], [0.08018946196111489, 0.10624573305928978, 0.05050574139163792, 0.017765305933306535, 0.0046866863975423695, 0.0009891202311457406, 0.00017396065305593452, 2.6224437658613396e-05, 3.4591499780309687e-06, 4.0558331215181626e-07, 4.279896556283634e-08], [0.09409461076725543, 0.09929284280732033, 0.05238912490506917, 0.018427782780174314, 0.00486145519907936, 0.0010260050027540953, 0.00018044772990944894, 2.7202359617074446e-05, 3.588143353033444e-06, 4.207077099406989e-07, 4.43949596797805e-08], [0.06506896286179167, 0.06866368061240344, 0.036228493800157115, 0.012743309139290265, 0.003361827475811617, 0.0007095101502184149, 0.0001247844753300001, 1.8811165838761106e-05, 2.481297968900965e-06, 2.9093073589000017e-07, 3.070031279261792e-08], [0.033747707972207996, 0.03561209122890492, 0.01878973592429233, 0.006609256648915573, 0.001743595823827945, 0.00036798406336592386, 6.471887437097658e-05, 9.756321653561467e-06, 1.2869133848708295e-06, 1.50889841840718e-07, 1.5922571149341092e-08], [0.014002470527111423, 0.014776033330980579, 0.007796165704313345, 0.002742287609836176, 0.0007234461420150777, 0.00015268254679610849, 2.685290899381145e-05, 4.048055841881677e-06, 5.339612028597272e-07, 6.260663879618497e-08, 6.606532610098797e-09], [0.0048415431408480505, 0.005109012919115851, 0.0026956294974912276, 0.0009481829468541529, 0.0002501412661333155, 5.279205092677346e-05, 9.284755650731906e-06, 1.3996699337509813e-06, 1.846242914190792e-07, 2.1647090207998467e-08, 2.2842978016830844e-09], [0.0014348818929166307, 0.0015141515659472973, 0.0007989002356146743, 0.000281011756382913, 7.413404425083052e-05, 1.5645912008023816e-05, 2.7517110507574634e-06, 4.148183720712062e-07, 5.471686300070794e-08, 6.415520190603778e-09, 6.769943917282118e-10], [0.0003720973330988337, 0.00039265375246403474, 0.00020717290290701447, 7.287270515830285e-05, 1.922463465023857e-05, 4.057338907699868e-06, 7.135809215378624e-07, 1.075717874272902e-07, 1.4189320318700702e-08, 1.6636895100216363e-09, 1.755599599719606e-10], [8.577178278668362e-05, 9.051022238252903e-05, 4.7755217914199116e-05, 1.6797814125305218e-05, 4.431451237882528e-06, 9.352531193518624e-07, 1.6448682201817936e-07, 2.4796264752422e-08, 3.270765985154242e-09, 3.834953991464314e-10, 4.046815016745702e-11], [1.779405080661186e-05, 1.877707846644529e-05, 9.9072066154839e-06, 3.4848425469839825e-06, 9.193404393845362e-07, 1.9402583206388695e-07, 3.4124123026436796e-08, 5.1441858905525495e-09, 6.785468859976672e-10, 7.95592255961938e-11, 8.395445410295533e-12]]",1.0,0.9457404887051688,0.0542595112948312,0.8299324672574173,0.1700675327425826,0.6052470907724607,0.3947529092275392,3.129825704058069,1-1:0.106|2-1:0.099|2-0:0.094|1-0:0.080|3-1:0.069
2026-09-27,10,Leon,FC Juárez,1,1,2.1386629711550778,1.0590422463221087,0.6102421897528447,0.2213657637488006,0.1683767045259323,-157.0,352.0,494.0,2.0,1.0,"[[0.051027926279490314, 0.03309599854751972, 0.02291135863622034, 0.008088032238798079, 0.002141391957625586, 0.0004535649098119802, 8.005740015669395e-05, 1.2112024128093302e-05, 1.6033931550154389e-06, 1.886734542916718e-07, 1.9981315885440326e-08], [0.07720482286123073, 0.10270790015452898, 0.048999674334138536, 0.01729757505862595, 0.004579715686503124, 0.0009700224776301744, 0.00017121579728206606, 2.590353750849001e-05, 3.4291175688350327e-06, 4.035089303335185e-07, 4.273330039914396e-08], [0.09343486745858948, 0.09895147191815311, 0.05239689454853996, 0.01849684163432947, 0.004897234178571143, 0.0010372755770478794, 0.00018308644286197444, 2.769946824566712e-05, 3.666863384102404e-06, 4.31484803917345e-07, 4.569606359944784e-08], [0.06660856374948927, 0.07054128297754851, 0.037353099391493255, 0.013186170095553337, 0.0034911777995950528, 0.000739460955838605, 0.00013052006528980152, 1.974660901923139e-05, 2.614061646621403e-06, 3.07600190918045e-07, 3.2576159715895506e-08], [0.035613317213213785, 0.03771600746046375, 0.019971422631615474, 0.007050193428678083, 0.0018666131714281504, 0.0003953644412167412, 6.978460765701041e-05, 1.0557835378826764e-05, 1.397649211986466e-06, 1.6446328455916383e-07, 1.7417356631704858e-08], [0.01523297656078002, 0.016132365715100506, 0.008542428412704906, 0.003015597525078936, 0.0007984112942407465, 0.00016911025810833263, 2.9849151270526668e-05, 4.515930316049571e-06, 5.97820123267906e-07, 7.03463073602449e-08, 7.449971136725905e-09], [0.0054297004851689016, 0.005750282198669517, 0.0030448958883325, 0.0010748911271322012, 0.0002845887784574472, 6.027830784312804e-05, 1.0639545757113639e-05, 1.6096754912086417e-06, 2.1308929350740547e-07, 2.5074507118141574e-08, 2.6554962343816288e-09], [0.00165889991029907, 0.001756845087426672, 0.0009302865839141522, 0.00032840426451725486, 8.694849749902832e-05, 1.841642642114066e-05, 3.250628934378437e-06, 4.917933383748261e-07, 6.51037402248406e-08, 7.660845699076258e-09, 8.113159237876764e-10], [0.0004434784763761376, 0.00046966244181689105, 0.0002486961836974435, 8.779325501155879e-05, 2.324419149984272e-05, 4.923316155986945e-06, 8.689999668650565e-07, 1.314725252803725e-07, 1.7404369812820744e-08, 2.0479958780433785e-09, 2.1689141551414733e-10], [0.00010538344399221317, 0.00011160551925067359, 5.9097479904589355e-05, 2.086224262337733e-05, 5.523499072794588e-06, 1.1699237731220943e-06, 2.064997834521431e-07, 3.12417135045981e-08, 4.135786806107666e-09, 4.866636610499566e-10, 5.15397376801686e-11], [2.2537966943894116e-05, 2.3868659139795058e-05, 1.2638959196052645e-05, 4.461730579387022e-06, 1.181290293819518e-06, 2.5020726526502554e-07, 4.4163344042064014e-08, 6.681549582771943e-09, 8.845054098814184e-10, 1.0408095512943069e-10, 1.102261285196226e-11]]",1.0,0.9489567317480874,0.0510432682519126,0.838655910339337,0.161344089660663,0.6196017840899981,0.3803982159100019,3.1977052174771865,1-1:0.103|2-1:0.099|2-0:0.093|1-0:0.077|3-1:0.071
2026-09-27,10,Necaxa,America,1,1,1.10360088753808,1.88142374548942,0.208879058558295,0.2473538403471568,0.5437623526099445,379.0,304.0,-119.0,2.0,4.0,"[[0.06207328424308932, 0.08354885421031195, 0.0894465346626315, 0.056095611422005795, 0.026384903836777312, 0.009928236920193552, 0.0031132034487494804, 0.0008367506990024042, 0.00019678532926974905, 4.1137399028006745e-05, 7.73968793589653e-06], [0.04423904145190725, 0.11646967979045962, 0.09871327504088578, 0.061907166552316865, 0.029118403291874338, 0.01095681107681394, 0.0034357340891265384, 0.0009234388140671623, 0.0002171724640365684, 4.53992700783164e-05, 8.541526475323181e-06], [0.0307761549608631, 0.057902988738229855, 0.05447002897345607, 0.03416040197605231, 0.016067547858302132, 0.006045973214479464, 0.001895839595052442, 0.000509553947395816, 0.0001198358620297943, 2.5051337376005484e-05, 4.713218099548335e-06], [0.011321530643272671, 0.021300596587539314, 0.02003772410644369, 0.012566483313142975, 0.005910720025660939, 0.002224113801843666, 0.0006974167532432366, 0.00018744806286485164, 4.408365456499065e-05, 9.215559387391846e-06, 1.7338372259406956e-06], [0.0031236128165513222, 0.005876839324774745, 0.005528412527028608, 0.0034670955344042647, 0.0016307689665771286, 0.0006136334914250907, 0.00019241743696579052, 5.1716962136236016e-05, 1.2162690075961451e-05, 2.542574879771381e-06, 4.783660753486785e-07], [0.0006894443753342721, 0.0012971370189480199, 0.0012202321943010823, 0.0007652579417895719, 0.00035994361577681527, 0.00013544129315196416, 4.247041084264979e-05, 1.1414977062864668e-05, 2.684551112536331e-06, 5.611975787895446e-07, 1.0558504506458191e-07], [0.00012681190408783994, 0.00023858692756158895, 0.0002244415554388688, 0.00014075655729242262, 6.620568230582648e-05, 2.4912188555302148e-05, 7.811730516675865e-06, 2.099596469634045e-06, 4.937788317394057e-07, 1.0322302433939381e-07, 1.942062490733679e-08], [1.9992818557390592e-05, 3.7614963573136194e-05, 3.5384842826109e-05, 2.2191294507817474e-05, 1.0437807107539189e-05, 3.927587628592495e-06, 1.2315761044873994e-06, 3.310166467657076e-07, 7.784782242216068e-08, 1.627386018218856e-08, 3.0618026977544345e-09], [2.758011538040504e-06, 5.188988398003201e-06, 4.881342993536165e-06, 3.061291539305783e-06, 1.4398966484789396e-06, 5.418111490997821e-07, 1.6989606024787298e-07, 4.566378314506421e-08, 1.073911573975041e-08, 2.2449808175917374e-09, 4.223760218385348e-10], [3.381937756913074e-07, 6.362858001623483e-07, 5.985616066715891e-07, 3.7538267331007533e-07, 1.7656346880271835e-07, 6.643814055828297e-08, 2.0833049208752866e-08, 5.599399067471033e-09, 1.3168552957514135e-09, 2.7528475808891186e-10, 5.179272806397896e-11], [3.732309510127811e-08, 7.02205573787045e-08, 6.605731203689848e-08, 4.1427265143141626e-08, 1.9485560087748205e-08, 7.3321190886500785e-09, 2.2991371596904154e-09, 6.179501780540929e-10, 1.4532826731504807e-10, 3.038045033526287e-11, 5.71585006594256e-12]]",-1.0,0.9379219672723073,0.0620780327276928,0.8101340716100881,0.1898659283899119,0.5734417021961338,0.4265582978038662,2.9850246330275,1-1:0.116|1-2:0.099|0-2:0.089|0-1:0.084|0-0:0.062
2026-10-09,11,Querétaro,Atlante,1,0,1.5762288169115524,0.8105830996263734,0.5450163851556933,0.27266409802036806,0.18231862738962396,-120.0,267.0,448.0,,,"[[0.10192653314573435, 0.06450638102454276, 0.030198533193325515, 0.008159473546671906, 0.0016534828396951781, 0.00026805704907582705, 3.6213752286097125e-05, 4.193465082452324e-06, 4.2489399058864624e-07, 3.826798754488494e-08, 3.10193839605962e-09], [0.1348862757535172, 0.12745007964424063, 0.047599798247779726, 0.012861197335091766, 0.0026062673001962847, 0.00042251924532959285, 5.7081159921842897e-05, 6.609860505673732e-06, 6.697301520983702e-07, 6.031910473346001e-08, 4.889364688153574e-09], [0.114190318905226, 0.09256074264552218, 0.03751408683866321, 0.010136094929778855, 0.002054036811571828, 0.00033299350509411303, 4.498648458577277e-05, 5.209326302404252e-06, 5.278239826460041e-07, 4.753835554559285e-08, 3.853378758928715e-09], [0.059996690423579094, 0.0486323032908687, 0.01971026157174112, 0.005325601639756169, 0.0010792106711322133, 0.0001749579861912416, 2.3636331125214137e-05, 2.7370300781816283e-06, 2.7732379056788496e-07, 2.4977108639850184e-08, 2.024602214099438e-09], [0.023642128091241676, 0.019163909469962437, 0.007766970569560681, 0.0020985916929937717, 0.00042527073983926255, 6.89434548958621e-05, 9.314066561406492e-06, 1.0785464204958901e-06, 1.0928143757706107e-07, 9.842409600315589e-09, 7.978090881616164e-10], [0.0074530807181058525, 0.0060413412702478, 0.0024485045663690972, 0.0006615721402855973, 0.00013406479902478835, 2.173413206885995e-05, 2.936220023344243e-06, 3.400071896724855e-07, 3.445051021249694e-08, 3.102777927972871e-09, 2.515059350308539e-10], [0.0019579601004410473, 0.0015870893671602697, 0.0006432339093084155, 0.00017379817866400164, 3.5219466592721175e-05, 5.709660879583087e-06, 7.713591022646505e-07, 8.932152171981387e-08, 9.050314492373895e-09, 8.151146637579921e-10, 6.607181706998605e-11], [0.0004408847332397454, 0.00035737371364741966, 0.00014484054626665672, 3.913509964813458e-05, 7.930562594242982e-06, 1.2856760018844897e-06, 1.736912064537954e-07, 2.011302235788026e-08, 2.0379095007131412e-09, 1.8354388887178836e-10, 1.487775743591724e-11], [8.686690268360612e-05, 7.041284323222e-05, 2.8537730360339398e-05, 7.710733977261856e-06, 1.5625476619208276e-06, 2.533149454227454e-07, 3.422213560707575e-08, 3.962840679459649e-09, 4.015264601602357e-10, 3.6163395850965535e-11, 2.9313437501891094e-12], [1.5213568360639062e-05, 1.2331861398144536e-05, 4.9979992181354115e-06, 1.3504312327221308e-06, 2.736591836130423e-07, 4.436470185885653e-08, 5.993546257791975e-09, 6.940381861992956e-10, 7.032195302856139e-11, 6.3335318508524e-12, 5.133853879246286e-13], [2.39800648580931e-06, 1.943783530191458e-06, 7.877990394526433e-07, 2.1285886242740106e-07, 4.313494912233664e-08, 6.992892152361909e-09, 9.447200327024093e-10, 1.0939629891243539e-10, 1.1084348882511893e-11, 9.9830954161407e-13, 8.092128426281147e-14]]",1.0,0.898072577419951,0.10192742258004905,0.698679920641891,0.301320079358109,0.4268409888990988,0.5731590111009012,2.386811916537926,1-0:0.135|1-1:0.127|2-0:0.114|0-0:0.102|2-1:0.093
2026-10-09,11,Puebla,Leon,1,1,1.1059994141128042,1.1020722983248716,0.34423543901929643,0.3135029459888332,0.34226156068481106,190.0,219.0,192.0,,,"[[0.12132431521161735, 0.10971946872776372, 0.06674777851635866, 0.02452029255920096, 0.0067557837940792126, 0.0014890724345853611, 0.0002735109133926164, 4.306125727707651e-05, 5.932077347013285e-06, 7.263975684070952e-07, 8.005426377120043e-08], [0.11015110739801078, 0.14538318227335006, 0.07382300393242391, 0.027119429204350818, 0.007471892918124388, 0.0016469132402229367, 0.00030250290996569173, 4.762572531940736e-05, 6.560874070268533e-06, 8.03395285071213e-07, 8.853996882817958e-08], [0.06722432308524198, 0.07408606424588635, 0.04082409954865404, 0.014997036405542837, 0.004131954594879592, 0.0009107425393905939, 0.0001672840205947367, 2.6337012149980937e-05, 3.6281614388924427e-06, 4.442773572948754e-07, 4.896257682476628e-08], [0.024783353982135835, 0.027313047883291298, 0.015050476727498057, 0.005528904492652926, 0.0015233131203591795, 0.00033576023832453485, 6.167200958940437e-05, 9.70957333578691e-06, 1.3375814752405704e-06, 1.6379016562390576e-07, 1.8050860427214893e-08], [0.006852593745998113, 0.007552053739138781, 0.004161454610682809, 0.0015287412823899458, 0.0004211958546568998, 9.283765671732771e-05, 1.7052301618260108e-05, 2.6846956051664055e-06, 3.698410819860526e-07, 4.5287956804369705e-08, 4.991060264182916e-09], [0.0015157929336453966, 0.0016705134021671817, 0.0009205132722544435, 0.0003381573925306676, 9.316847369545465e-05, 2.053567878739403e-05, 3.7719671198141027e-06, 5.938543532770533e-07, 8.1808803998284e-08, 1.0017690738399782e-08, 1.1040219455976011e-09], [0.00027941101608802265, 0.0003079311406774148, 0.00016968118996607898, 6.23336463361386e-05, 1.7174046220159494e-05, 3.785408117877753e-06, 6.95298904094526e-07, 1.0946709446545978e-07, 1.5080081548561876e-08, 1.846593347905569e-09, 2.0350793749977068e-10], [4.414691715571664e-05, 4.8653094453758335e-05, 2.680961381263526e-05, 9.848710903897722e-06, 2.713497865348947e-06, 5.980941657929498e-07, 1.0985716865168868e-07, 1.7295791763347076e-08, 2.3826516224975354e-09, 2.917615944125945e-10, 3.215423709172166e-11], [6.103308063638646e-06, 6.726286745078963e-06, 3.7064271461706473e-06, 1.36158356118466e-06, 3.7514088115903544e-07, 8.268647461891121e-08, 1.5187745520607418e-08, 2.3911419446098693e-09, 3.2940141231465e-10, 4.0336019060118436e-11, 4.4453209230860495e-12], [7.500283491704767e-07, 8.265854665791164e-07, 4.5547847245739167e-07, 1.6732340232620644e-07, 4.610062164129488e-08, 1.0161243609285442e-08, 1.8664041830540175e-09, 2.9384462108878495e-10, 4.047975211421476e-11, 4.95684593868154e-12, 5.462802596085062e-13], [8.295309147505411e-08, 9.14203041750662e-08, 5.037589236788704e-08, 1.8505958494014543e-08, 5.098726052550822e-09, 1.1238329478527179e-09, 2.0642419329554308e-10, 3.249919787643952e-11, 4.477058212175308e-12, 5.482268704029218e-13, 6.041856470683987e-14]]",1.0,0.8786756304813232,0.12132436951867676,0.6588050543555488,0.3411949456444512,0.37944977048059814,0.6205502295194019,2.208071712437676,1-1:0.145|0-0:0.121|1-0:0.110|0-1:0.110|2-1:0.074
2026-10-09,11,UANL,Toluca,1,1,1.2316484077276162,1.3990317031763229,0.31994463979927323,0.28217400048719526,0.3978809982406157,213.0,254.0,151.0,,,"[[0.08260181550506993, 0.09019913673642227, 0.0704912579201348, 0.03287316820901588, 0.01149765112706531, 0.00321711568776507, 0.0007501411399948716, 0.00014992446238709355, 2.621863449515123e-05, 4.075633430300992e-06, 5.701940379516347e-07], [0.07814260876117288, 0.13468740892087683, 0.08682044557605074, 0.040488185281596506, 0.014161063703257624, 0.003962355414311384, 0.0009239101406456624, 0.00018465422537848267, 3.2292139428745366e-05, 5.01974742491166e-06, 7.022785789389109e-07], [0.054632823744612036, 0.07643305245275643, 0.05346613177597253, 0.024933604466929517, 0.008720725780923295, 0.0024401143684437574, 0.000568966226804814, 0.00011371454133379226, 1.98862810547662e-05, 3.0912819615436237e-06, 4.3248014676566126e-07], [0.022429476791571642, 0.03137954911706628, 0.02195049202307716, 0.010236478080201308, 0.0035802893407677837, 0.0010017876588556773, 0.00023358878243164634, 4.6685444589747156e-05, 8.164302132242219e-06, 1.2691241685907691e-06, 1.7755449471257753e-07], [0.00690630734412568, 0.009662142926311297, 0.006758822137265178, 0.003151935482054645, 0.0011024144164401989, 0.0003084625437276927, 7.192481298624241e-05, 1.4375013373254476e-05, 2.5138874303458263e-06, 3.9077869036336366e-07, 5.467117767440686e-08], [0.0017012284887339881, 0.0023800725900855932, 0.001664898504695365, 0.0007764152635465565, 0.0002715573921329082, 7.598348016516462e-05, 1.771721627812242e-05, 3.5409924664464152e-06, 6.192450901583815e-07, 9.626039035198405e-08, 1.346713378625537e-08], [0.0003492192265550124, 0.0004885687693091771, 0.00034176159872268904, 0.0001593784371804222, 5.5743871604526677e-05, 1.5597488726504643e-05, 3.6368968697192113e-06, 7.268762888457016e-07, 1.2711537154778572e-07, 1.9759826084043314e-08, 2.7644623140827e-09], [6.144504347633579e-05, 8.596356382644127e-05, 6.013287555560633e-05, 2.8042599768483264e-05, 9.808121528898276e-06, 2.744374593506983e-06, 6.399111769513166e-07, 1.2789371768168097e-07, 2.2365920709219222e-08, 3.476736904769508e-09, 4.864065153375653e-10], [9.459836245047886e-06, 1.3234610813678454e-05, 9.257820053768175e-06, 4.317327919174402e-06, 1.5100196579833136e-06, 4.225130747876248e-07, 9.85181977723992e-08, 1.9690011717625947e-08, 3.4433688286089947e-09, 5.352646841059004e-10, 7.48852262654813e-11], [1.2945769165085812e-06, 1.8111541483957527e-06, 1.2669310364724862e-06, 5.908255619210154e-07, 2.066459230436166e-07, 5.782083953403086e-08, 1.3482197935396663e-08, 2.6945746200169026e-09, 4.712244149972422e-10, 7.325087732131759e-11, 1.0248029965800266e-11], [1.5944635978987192e-07, 2.2307051230208927e-07, 1.5604135937720343e-07, 7.276893625847919e-08, 2.545151220800736e-08, 7.121494494556302e-09, 1.6605327619799835e-09, 3.31876854024706e-10, 5.803828004137299e-11, 9.021932641745165e-12, 1.2621969789722779e-12]]",-1.0,0.9173978230220142,0.08260217697798578,0.7490560775244189,0.25094392247558106,0.48924458693879547,0.5107554130612045,2.6306801109039393,1-1:0.135|0-1:0.090|1-2:0.087|0-0:0.083|1-0:0.078
2026-10-10,11,FC Juárez,Tijuana,1,1,1.2554496016220549,1.9325628494115223,0.23846046888088168,0.2382148525842018,0.5233185262870048,319.0,320.0,-110.0,,,"[[0.049779759364403355, 0.07119955330298841, 0.07703729798256051, 0.04962647336671389, 0.023976569693955403, 0.009267245569372883, 0.0029849224172905932, 0.0008240785960044907, 0.00019907295995418568, 4.274677852553866e-05, 8.261083611047806e-06], [0.04326607002504492, 0.10861735986774211, 0.09671644506224514, 0.06230353621814848, 0.030101374870539748, 0.01163455975820294, 0.0037474196596602167, 0.0010345891450591004, 0.00024992606826820574, 5.366642607051373e-05, 1.0371374128456457e-05], [0.03251115173714946, 0.06282984403879592, 0.0607113112118485, 0.03910947486235988, 0.01889537954474763, 0.0073033017067419366, 0.002352348259415538, 0.0006494372650034749, 0.0001568847914211427, 3.368774661535296e-05, 6.510368758921972e-06], [0.013605370832226153, 0.026293234222827387, 0.02540666382495593, 0.016366658211865826, 0.007907398907316978, 0.0030563090727516117, 0.0009844182283865236, 0.0002717785852090431, 6.565364963007757e-05, 1.409775602259653e-05, 2.7244799549337533e-06], [0.004270214347809663, 0.008252457607601005, 0.007974196494396598, 0.0051368786329928215, 0.002481835202014443, 0.0009592605019549707, 0.00030897186816433746, 8.530107913252471e-05, 2.0606212068278715e-05, 4.424755545583435e-06, 8.551118185122137e-07], [0.0010722077803596846, 0.0020721089231731157, 0.002002240362429239, 0.0012898184466743365, 0.0006231638031321249, 0.00024086064300622806, 7.75797217598679e-05, 2.1418241162971904e-05, 5.174012146412018e-06, 1.1110115173955402e-06, 2.147099583786939e-07], [0.00022435047178477222, 0.0004335713870191987, 0.0004189519775605643, 0.0002698836758403455, 0.0001303917913979184, 5.039806638476682e-05, 1.6232905129562667e-05, 4.481587055916361e-06, 1.0826185813334398e-06, 2.324698278186242e-07, 4.492625528513653e-08], [4.023724434655887e-05, 7.776100358685347e-05, 7.513901333245458e-05, 4.84036219025796e-05, 2.33857603664718e-05, 9.03889033789676e-06, 2.911370611154006e-06, 8.037723834263925e-07, 1.941675809491e-07, 4.169345038914845e-08, 8.057521328585047e-09], [6.314479048157081e-06, 1.2203127621855805e-05, 1.1791655544313056e-05, 7.5960384793322725e-06, 3.6699554419644856e-06, 1.418483909227242e-06, 4.568848842434322e-07, 1.2613696482093434e-07, 3.047095151880823e-08, 6.543003210163172e-09, 1.2644764927541645e-09], [8.808344672732914e-07, 1.7022679679335522e-06, 1.6448699172858139e-06, 1.0596048314203893e-06, 5.119382330650008e-07, 1.9787056208295964e-07, 6.373288287895065e-08, 1.7595400248250803e-08, 4.250527105036973e-09, 9.127123081790203e-10, 1.7638738989874105e-10], [1.1058432810332304e-07, 2.1371116421961665e-07, 2.065051282376581e-07, 1.3302804634835347e-07, 6.42712650756555e-08, 2.4841651833978416e-08, 8.00134224206038e-09, 2.2090138232047116e-09, 5.336322560702423e-10, 1.1458643036988991e-10, 2.214454783795289e-11]]",-1.0,0.9502140883876848,0.04978591161231516,0.8357484650596516,0.1642515349403484,0.6175826554721994,0.38241734452780063,3.188012451033577,1-1:0.109|1-2:0.097|0-2:0.077|0-1:0.071|2-1:0.063
2026-10-10,11,Atlas,Guadalajara,1,1,1.1812273634237997,1.6480478842286657,0.2639218473045527,0.26325317738295434,0.47282356337892706,279.0,280.0,111.0,,,"[[0.0688485566002785, 0.08753360297747255, 0.08019938326080868, 0.044057474633139866, 0.018152206963401057, 0.005983141256022798, 0.0016434172146716018, 0.00038691860907778564, 7.970754938241783e-05, 1.4595762012971738e-05, 2.4054514704183195e-06], [0.05996521888084588, 0.1247576671637009, 0.09473370603737985, 0.05204189460001474, 0.02144188357170137, 0.007067450170843971, 0.0019412493834918207, 0.0004570388484605566, 9.415273840196573e-05, 1.7240913479743857e-05, 2.8413850982461338e-06], [0.04120010988962783, 0.06789975393358968, 0.05595102290494975, 0.030736654972977347, 0.012663869799120448, 0.004174132765717553, 0.00114652844550506, 0.0002699333969746564, 5.560789547084236e-05, 1.0182719386347843e-05, 1.6781609140364774e-06], [0.016222232392565306, 0.02673501577203298, 0.02203029308895948, 0.012102325971399023, 0.0049863031778524455, 0.0016435332804764803, 0.00045143692425811003, 0.0001062842382694678, 2.1895189250856468e-05, 4.009368924406692e-06, 6.607631972960609e-07], [0.004790536199479517, 0.007895033047873052, 0.006505696255231289, 0.00357389964962276, 0.001472489439001589, 0.00048534662089912514, 0.0001333124119483892, 3.1386462636137584e-05, 6.465799167613575e-06, 1.1839940708925581e-06, 1.9512789234737645e-07], [0.0011317424888594929, 0.0018651658142565715, 0.0015369412869605896, 0.0008443176120530274, 0.00034786896354024763, 0.00011466094187026489, 3.1494453775492666e-05, 7.414909701376884e-06, 1.5275157806375973e-06, 2.7971323893396574e-07, 4.6098081161586936e-08], [0.00022280753269836423, 0.00036719748285374845, 0.000302579517355606, 0.00016622184446294573, 6.848538976993599e-05, 2.2573440342183722e-05, 6.200351765949645e-06, 1.4597823727638261e-06, 3.0072390635846555e-07, 5.506748862344985e-08, 9.075385811566262e-09], [3.7598050628607306e-05, 6.196338778959853e-05, 5.10593150731441e-05, 2.804939872548665e-05, 1.1556688055856122e-05, 3.8091950598288775e-06, 1.0462893098275441e-06, 2.463335547646221e-07, 5.0746186718045185e-08, 9.29246062814969e-09, 1.531442007750027e-09], [5.551480776738038e-06, 9.149106148439234e-06, 7.539082515259379e-06, 4.141589662766182e-06, 1.706384520266279e-06, 5.624406796610781e-07, 1.54488195353262e-07, 3.6371991927178315e-08, 7.492848042596039e-09, 1.3720635959385893e-09, 2.2612265063137663e-10], [7.28617889000465e-07, 1.2007971703783731e-06, 9.894856180149234e-07, 5.435732264147294e-07, 2.2395867642903594e-07, 7.381892456870506e-08, 2.0276187075248302e-08, 4.77373245851251e-09, 9.83417459765656e-10, 1.8007989598670207e-10, 2.9678029157300246e-11], [8.606633879674343e-08, 1.4184144755728054e-07, 1.1688074877135373e-07, 6.420835690656391e-08, 2.6454611687415408e-08, 8.719693363907186e-09, 2.3950786999183283e-09, 5.638863405659348e-10, 1.1616396131439167e-10, 2.1271530074200423e-11, 3.5056500133092433e-12]]",-1.0,0.9311500314661555,0.06884996853384451,0.7836512096078372,0.21634879039216282,0.5374940492936998,0.4625059507063002,2.8292752476524656,1-1:0.125|1-2:0.095|0-1:0.088|0-2:0.080|0-0:0.069
2026-10-10,11,America,Monterrey,2,1,2.3675878893906486,1.1654756172356648,0.633718954460411,0.19951878099279946,0.16672406273577717,-173.0,401.0,500.0,,,"[[0.0360822723465423, 0.027182698594415317, 0.01984204377650854, 0.007708472739214459, 0.0022460092559200657, 0.0005235338047720912, 0.00010169431404341477, 1.6931749061300916e-05, 2.466692586012383e-06, 3.194300071348253e-07, 3.722878847290528e-08], [0.06230274213604486, 0.08748263688641776, 0.04697778254602072, 0.018250486703062115, 0.00531762431377565, 0.0012395122958650116, 0.00024077022634907825, 4.008740402373754e-05, 5.84011149349262e-06, 7.56278616400381e-07, 8.814242872513674e-08], [0.08188271587053775, 0.09543230882014754, 0.055612014513193024, 0.02160481564682747, 0.006294971462812245, 0.0014673271502204, 0.00028502233601496147, 4.7455226141855485e-05, 6.9134886223421306e-06, 8.952780465973291e-07, 1.0434247339555609e-07], [0.06462150881516686, 0.07531479287305655, 0.04388877735535092, 0.017050433292648763, 0.004967966066471334, 0.0011580086635453036, 0.00022493847698495156, 3.745147290058384e-05, 5.4560973118990885e-06, 7.065498202537176e-07, 8.234665878679483e-08], [0.038249275416235025, 0.044578597874553455, 0.025977634436672847, 0.010092099843134583, 0.0029405240734703074, 0.0006854218219048278, 0.0001331404034918871, 2.2167413419816094e-05, 3.2294474797472884e-06, 4.1820469942096036e-07, 4.874073801884987e-08], [0.0181117042506891, 0.021108749690761694, 0.01230086653745682, 0.004778786673425341, 0.0013923898369619914, 0.00032455928093318886, 6.304432137919527e-05, 1.0496659910374464e-05, 1.5292001484945665e-06, 1.980272763270644e-07, 2.3079596210678262e-08], [0.0071468419400261066, 0.008329470021337663, 0.004853897107182239, 0.0018856995756638766, 0.0005494342192169716, 0.00012807043715445918, 2.4877161965372438e-05, 4.1419608138091515e-06, 6.034192920050193e-07, 7.814116353349552e-08, 9.107162080071357e-09], [0.00241725377494214, 0.002817250335365931, 0.0016417182867589962, 0.0006377942111958399, 0.00018583340049070128, 4.3316859427980534e-05, 8.414123913089351e-06, 1.400922323015026e-06, 2.0409260113939476e-07, 2.6429438920685452e-08, 3.0802866639278137e-09], [0.0007153825953921047, 0.0008337609719242651, 0.00048586404169022036, 0.0001887542312938415, 5.499711355575831e-05, 1.2819558973515478e-05, 2.490147234557825e-06, 4.146008407434237e-07, 6.040089634648339e-08, 7.82175243900059e-09, 9.116061751708766e-10], [0.00018819235212568885, 0.0002193335977527188, 0.00012781398011068448, 4.9654692453615676e-05, 1.4467833334006202e-05, 3.3723813970027222e-06, 6.550713817043032e-07, 1.0906710327503468e-07, 1.5889381188697123e-08, 2.0576318164877323e-09, 2.398119711364778e-10], [4.455619337687206e-05, 5.1929156977581606e-05, 3.026108314048733e-05, 1.1756184850459748e-05, 3.425386698731535e-06, 7.984409353949948e-07, 1.5509390700095043e-07, 2.582259528448908e-08, 3.761950647227083e-09, 4.871624169541228e-10, 5.677759185936237e-11]]",1.0,0.9638795258424453,0.036120474157554705,0.8743940851119852,0.12560591488801476,0.6851866885785212,0.31481331142147884,3.5330635066263136,2-1:0.095|1-1:0.087|2-0:0.082|3-1:0.075|3-0:0.065
2026-10-11,11,Atlético San Luis,Santos Laguna,1,1,1.8036167599945472,1.1454963585889655,0.5185786074011309,0.24959447252060094,0.2318236975846073,-108.0,301.0,331.0,,,"[[0.06160552807332453, 0.050788756661821616, 0.03436955240318415, 0.013123399041393355, 0.003758201453556503, 0.0008610012159785467, 0.0001643789596073493, 2.689935709412303e-05, 3.851639449962767e-06, 4.902265516144404e-07, 5.615527297579667e-08], [0.08526514786587615, 0.11745106781003274, 0.0619895007478938, 0.02366958245915343, 0.006778355129070378, 0.0015529162235145917, 0.0002964766465382819, 4.851613128803851e-05, 6.946881465409026e-06, 8.841808246861366e-07, 1.0128259150121574e-07], [0.08520694119383139, 0.09760424086403797, 0.0559026512462979, 0.021345427812701042, 0.00611277745799317, 0.0014004328637991785, 0.00026736512432171236, 4.3752253760601064e-05, 6.2647559203536014e-06, 7.973616771348584e-07, 9.133748976363703e-08], [0.051226889068354695, 0.05868021488964118, 0.03360898623865098, 0.012832990450747116, 0.003675035957784448, 0.0008419480614651197, 0.0001607414064215554, 2.630409939005151e-05, 3.7664062584082734e-06, 4.793782948859306e-07, 5.4912609117842044e-08], [0.023098418921516487, 0.026459154763759596, 0.015154432716614248, 0.005786449164454368, 0.0016570891117606607, 0.00037963790867585217, 7.247897366175309e-05, 1.186062862911481e-05, 1.6982883631533783e-06, 2.161536817584681e-07, 2.4760325534992318e-08], [0.008332139099244466, 0.009544434997441276, 0.0054665577671790325, 0.002087307338773269, 0.0005977507389552011, 0.0001369442589634093, 2.614485832870825e-05, 4.278405715908525e-06, 6.12612271017428e-07, 7.797168063082016e-08, 8.931627623566621e-09], [0.0025046642876671976, 0.0028690838210106, 0.0016432625347270787, 0.0006274504165785139, 0.00017968554184645435, 4.1165826775239745e-05, 7.859217444890204e-06, 1.286100709211514e-06, 1.8415295989755913e-07, 2.343850499844824e-08, 2.684872212649171e-09], [0.0006453506410566225, 0.0007392468093434157, 0.00042340226410069696, 0.0001616685839152239, 4.629769354328091e-05, 1.0606767872979233e-05, 2.0250023291493547e-06, 3.31376113453537e-07, 4.744876641054874e-08, 6.039154349202455e-09, 6.917829315968122e-10], [0.00014549565403536874, 0.0001666647418880348, 9.545692746895685e-05, 3.6448520939260344e-05, 1.04379120029691e-05, 2.391318038134633e-06, 4.5654101748522147e-07, 7.470943901083174e-08, 1.0697423792391504e-08, 1.361540000051939e-09, 1.559639112132715e-10], [2.915760001383997e-05, 3.339992464104725e-05, 1.9129746026732743e-05, 7.3043514714513616e-06, 2.0917770031003723e-06, 4.792245880063234e-07, 9.149167008459003e-08, 1.4971910703302975e-08, 2.143783648969086e-09, 2.728551514996286e-10, 3.125545824650649e-11], [5.258913606617892e-06, 6.024066386514758e-06, 3.4502730548254214e-06, 1.3174250734800486e-06, 3.772764060962991e-07, 8.643374987296852e-08, 1.6501590956445804e-08, 2.700358907361895e-09, 3.8665641190829044e-10, 4.9212612429558065e-11, 5.637286833470879e-12]]",1.0,0.9383912494330147,0.06160875056698534,0.8023373449053168,0.19766265509468317,0.5653097834982685,0.43469021650173145,2.9491131185835124,1-1:0.117|2-1:0.098|1-0:0.085|2-0:0.085|1-2:0.062
2026-10-11,11,Pachuca,Necaxa,2,0,2.0125882964744064,0.8016547000571863,0.6483402043692914,0.21991191889330058,0.13173907443367056,-184.0,355.0,659.0,,,"[[0.06818917861036615, 0.03982017197657441, 0.019263468474918003, 0.005147550014107152, 0.001031639415647108, 0.00016540371726355072, 2.209944455854255e-05, 2.53087479985841e-06, 2.5361095982034796e-07, 2.258982421399959e-08, 1.8109238754618443e-09], [0.11241574278644204, 0.10496261211463559, 0.03876943120212366, 0.010359898913908719, 0.002076265414113065, 0.0003328895855579839, 4.4477083477107735e-05, 5.093609002037041e-06, 5.104144495920732e-07, 4.546401583250973e-08, 3.644644197560583e-09], [0.12141425684035966, 0.09733230965002472, 0.039013451749181874, 0.0104251056533953, 0.002089333736409271, 0.00033498484195610697, 4.475702883367111e-05, 5.125668932158214e-06, 5.136270738002162e-07, 4.57501730876181e-08, 3.667584128411892e-09], [0.08145230411401519, 0.06529662242348759, 0.026172672131824143, 0.0069938152091775195, 0.0014016562084421475, 0.0002247288574723966, 3.002582413853802e-05, 3.4386204348213647e-06, 3.4457327916090387e-07, 3.069208763927286e-08, 2.460445631059021e-09], [0.040982488495185265, 0.032853804522204835, 0.013168703404992774, 0.003518917659423843, 0.000705239220197839, 0.00011307166710725254, 1.5107405563305081e-05, 1.7301318107848027e-06, 1.7337103722926082e-07, 1.544263409429183e-08, 1.2379660202952421e-09], [0.016496175341161375, 0.01322423649520948, 0.005300635670526225, 0.0014164264995227078, 0.00028387124015698153, 4.551334277658132e-05, 6.08099752536003e-06, 6.964086067487133e-07, 6.97849040950478e-08, 6.215932928981678e-09, 4.983031847758404e-10], [0.005533334904701847, 0.004435823933344719, 0.0017779995523959746, 0.0004751138992926021, 9.521932260760275e-05, 1.5266603500929253e-05, 2.0397574084049038e-06, 2.3359730191775126e-07, 2.3408046875380346e-08, 2.0850189774230668e-09, 1.6714652629596335e-10], [0.001590903581382324, 0.0012753553333529506, 0.0005111972986126962, 0.00013660123902980162, 2.7376756325468895e-05, 4.38934107612649e-06, 5.864559839718111e-07, 6.716217084680926e-08, 6.730108740673543e-09, 5.994692559841002e-10, 4.8056734659943946e-11], [0.00040022924108865993, 0.00032084565221904504, 0.00012860371254715542, 3.4365256869410156e-05, 6.887267422008787e-06, 1.1042420598808172e-06, 1.475368062173809e-07, 1.689622487651284e-08, 1.6931172606849577e-09, 1.508106010862273e-10, 1.2089802717922377e-11], [8.949963183576355e-05, 7.174780051452765e-05, 2.875848075061825e-05, 7.684790420079079e-06, 1.5401370898027076e-06, 2.4693162735454753e-07, 3.299231661025709e-08, 3.7783493823410585e-09, 3.7861644260148426e-10, 3.3724405636712445e-11, 2.7035328285305655e-12], [1.801259115714255e-05, 1.4439878361331843e-05, 5.787898178307866e-06, 1.5466319260309757e-06, 3.099661881903074e-07, 4.969717032431406e-08, 6.6399950283381435e-09, 7.6042617468909e-10, 7.619990212325194e-11, 6.7873344090002825e-12, 5.441098529834952e-13]]",1.0,0.9318020190858964,0.06819798091410356,0.7795661043228801,0.2204338956771199,0.5339257668929668,0.4660742331070332,2.8142429965315925,2-0:0.121|1-0:0.112|1-1:0.105|2-1:0.097|3-0:0.081
2026-10-11,11,UNAM,Cruz Azul,1,1,1.666578181831571,1.5222961295992237,0.4048875776832589,0.25191485978494715,0.3431954155934693,147.0,297.0,191.0,,,"[[0.05012586466447733, 0.053838751988100446, 0.04775928031611686, 0.024234589192556368, 0.009223055332563927, 0.0028080442871683104, 0.0007124458250165878, 0.00015493621742455397, 2.9482350515017768e-05, 4.986763120055473e-06, 7.591330196888584e-07], [0.05978580478422341, 0.11347935701144596, 0.07959457455481837, 0.04038883759396563, 0.015370942787076366, 0.004679825342611493, 0.0011873466677096386, 0.00025821331953527414, 4.9134642117439394e-05, 8.310830613846785e-06, 1.2651545277213679e-06], [0.057241482261256464, 0.08713848689883334, 0.06632529067261332, 0.03365557776182092, 0.012808438941561414, 0.0038996474053893853, 0.000989403025337652, 0.00021516634229789582, 4.094336126251354e-05, 6.925324486967466e-06, 1.0542394662729286e-06], [0.03179913514410298, 0.048407700354470624, 0.036845427446204795, 0.018696550531595524, 0.00711542162777604, 0.0021663557608860152, 0.0005496391650219601, 0.00011953051051272557, 2.274510419031767e-05, 3.847198230694633e-06, 5.856574976387411e-07], [0.013248936208068888, 0.020168804310850285, 0.01535144637052576, 0.00778981579786714, 0.0029646016098460073, 0.0009026003112944412, 0.0002290041600764302, 4.980173522092442e-05, 9.476623596767315e-06, 1.6029141581141744e-06, 2.440110018977002e-07], [0.0044160776033691845, 0.006722577843618726, 0.00511687711613514, 0.002596467409842454, 0.0009881480721584217, 0.00030085079714354005, 7.633066734640865e-05, 1.659969706730911e-05, 3.158706824760528e-06, 5.34276352652401e-07, 8.133268237791386e-08], [0.001226623097175022, 0.0018672835933065484, 0.0014212792934773445, 0.0007212026558466938, 0.00027447100291302554, 8.356522908434324e-05, 2.1201837467361347e-05, 4.610782159565143e-06, 8.773719794913953e-07, 1.484022187331735e-07, 2.2591212320144707e-08], [0.00029203761301179403, 0.00044456772798525, 0.0003383818658283332, 0.00017170580155901184, 6.534676928575399e-05, 1.989542679310335e-05, 5.0477885339776505e-06, 1.0977469926156457e-06, 2.0888699976724798e-07, 3.53319856965862e-08, 5.378574507696822e-09], [6.0837939264953447e-05, 9.261335947583128e-05, 7.049247933961976e-05, 3.577014282151881e-05, 1.3613187493102376e-05, 4.144660526451662e-06, 1.0515667796533403e-06, 2.2868514838305717e-07, 4.351581453504398e-08, 7.360439560339461e-09, 1.1204768654853756e-09], [1.1265686911840642e-05, 1.714971158317164e-05, 1.305346978340258e-05, 6.623748843038056e-06, 2.520826806798541e-06, 7.67488978275878e-07, 1.9472425018990513e-07, 4.234685320045766e-08, 8.058056340970393e-09, 1.3629719977724135e-09, 2.0748469969610634e-10], [1.8775148010619084e-06, 2.8581335149217997e-06, 2.17546279382164e-06, 1.1038995303739324e-06, 4.2011549563865924e-07, 1.2790803859907815e-07, 3.245231868400077e-08, 7.057434161310709e-09, 1.3429380885830786e-09, 2.2714993939348905e-10, 3.457894735774061e-11]]",1.0,0.9498719883971979,0.050128011602802114,0.8362474316248742,0.16375256837512575,0.6177673120360547,0.3822326879639453,3.1888743114307947,1-1:0.113|2-1:0.087|1-2:0.080|2-2:0.066|1-0:0.060
2026-10-16,12,Necaxa,Atlas,1,1,1.4113101303465823,1.5494690315862583,0.33771741438405845,0.2634858209104999,0.3987957050116038,196.0,280.0,151.0,,,"[[0.06142356832027276, 0.07058426070576648, 0.062156385773590325, 0.03210313162383564, 0.012435702067017695, 0.0038537470477754306, 0.0009952102843491658, 0.00022029250221645521, 4.266705125938055e-05, 7.345697177279306e-06, 1.1381930291604833e-06], [0.06343059208405939, 0.12287339430544937, 0.0877219369079982, 0.045307474876568964, 0.017550632305154003, 0.005438832248318699, 0.0014045503561270804, 0.00031090104001748014, 6.021644167438067e-05, 1.0367056840752578e-05, 1.6063433523440528e-06], [0.051566169280328734, 0.07990018237740401, 0.06190142910594081, 0.03197144913686253, 0.012384692583125918, 0.003837939524653929, 0.0009911280730920242, 0.00021938889365597896, 4.249203707423878e-05, 7.315566170616474e-06, 1.1335243229890257e-06], [0.02425861902949823, 0.03758797893525659, 0.02912070466004835, 0.015040543349571526, 0.00582621403459793, 0.0018055076436005457, 0.0004662630300085539, 0.00010320858936740405, 1.9989814127311913e-05, 3.4415108819372614e-06, 5.332514533428877e-07], [0.008559108696137302, 0.013262073862645385, 0.010274586372389287, 0.005306717798791801, 0.002055648722148872, 0.000637032806957909, 0.00016451043441429106, 3.6414831928249455e-05, 7.052956795405128e-06, 1.214259792844014e-06, 1.8814579453121376e-07], [0.0024159113619192213, 0.0037433798383512133, 0.0029001255664947894, 0.0014978849176650773, 0.0005802315732005422, 0.0001798101707645632, 4.643504852732122e-05, 1.027852423904133e-05, 1.9907818748504056e-06, 3.4273942930265996e-07, 5.3106413160801736e-08], [0.0005682666965160009, 0.00088051164793337, 0.0006821627652118696, 0.0003523300263990134, 0.00013648111620080997, 4.2294652589896156e-05, 1.0922375731623931e-05, 2.417697563928654e-06, 4.682684378811233e-07, 8.061860477400839e-08, 1.249160314670176e-08], [0.00011457150650451696, 0.00017752500123093256, 0.00013753474586982118, 7.103527649745803e-05, 2.7516740270744584e-05, 8.527267379944247e-06, 2.202122788213216e-06, 4.874458662981089e-07, 9.441028430045691e-08, 1.6253979087423618e-08, 2.5185037236013475e-09], [2.0211990972361753e-05, 3.131785407837555e-05, 2.426302251509016e-05, 1.2531600666604115e-05, 4.854331787277195e-06, 1.5043273546861584e-06, 3.884847749090464e-07, 8.599216113776079e-08, 1.6655273830266956e-08, 2.8674256680653046e-09, 4.44298727304271e-10], [3.1694875126408765e-06, 4.911022746836396e-06, 3.8047388298193387e-06, 1.965108330026269e-06, 7.612186252719728e-07, 2.3589693722511748e-07, 6.09191664793945e-08, 1.3484623127124202e-08, 2.611750742261349e-09, 4.496474325951546e-10, 6.96714771938459e-11], [4.4731298345970455e-07, 6.930976152972682e-07, 5.369666453847016e-07, 2.7733772933945194e-07, 1.0743155572548306e-07, 3.32923737223539e-08, 8.597583678463911e-09, 1.9030985223216133e-09, 3.685990280493636e-10, 6.345919767058717e-11, 9.832806155988525e-12]]",-1.0,0.9385753719858894,0.06142462801411064,0.8045605191960636,0.19543948080393636,0.5679645698366952,0.4320354301633048,2.9607791619328405,1-1:0.123|1-2:0.088|2-1:0.080|0-1:0.071|1-0:0.063
2026-10-16,12,Tijuana,Puebla,1,0,1.6536785999783439,0.8425539023089987,0.5562291829773829,0.26350457850874776,0.18026483327772005,-125.0,280.0,455.0,,,"[[0.09217387663215068, 0.059643051737837675, 0.02924592701214567, 0.008213756643575829, 0.0017301331781653204, 0.0002915460921554922, 4.094054960809141e-05, 4.927802833567519e-06, 5.189924384039559e-07, 4.8586567138457363e-08, 4.093680174230538e-09], [0.1264755389561922, 0.12458086660370266, 0.04836336363651389, 0.0135829135869113, 0.00286108421184451, 0.00048212353350485167, 6.770251075825254e-05, 8.149002090783251e-06, 8.582466889392008e-07, 8.0346566323278e-08, 6.76963129928066e-09], [0.11266064041372566, 0.09492266221721544, 0.03998872973433691, 0.01123088676201515, 0.0023656568669315862, 0.0003986386849514576, 5.597909660286291e-05, 6.737915184353521e-06, 7.096320915005132e-07, 6.643369865527275e-08, 5.597397204682008e-09], [0.06210149670401116, 0.05232385838719403, 0.022042835533996878, 0.006190759032374843, 0.001304012045245527, 0.0002197400874759115, 3.0857144699424934e-05, 3.7141153829448524e-06, 3.911678011907576e-07, 3.661999526121154e-08, 3.08543199098708e-09], [0.02567397903151223, 0.021631711220800036, 0.009112941351353213, 0.0025593814323652295, 0.00053910420333413, 9.084487005407104e-05, 1.275694996146855e-05, 1.5354882816565686e-06, 1.617164554574348e-07, 1.5139425623693474e-08, 1.2755782137959773e-09], [0.0084913019401409, 0.007154379585349688, 0.0030139752191181077, 0.0008464788607768603, 0.00017830101684240493, 3.0045643505246158e-05, 4.219179030455021e-06, 5.078408223785975e-07, 5.34854083308622e-08, 5.007148833973138e-09, 4.218792789506017e-10], [0.0023403140507276, 0.0019718407360691196, 0.0008306910534534425, 0.00023330066290012363, 4.914209598444388e-05, 8.280972947867315e-06, 1.1628610120234742e-06, 1.3996758336048165e-07, 1.474127919464171e-08, 1.3800358122746494e-09, 1.1627545589581736e-10], [0.0005528753232738374, 0.00046582726111472087, 0.00019624228832706048, 5.511490194267081e-05, 1.1609318926793784e-05, 1.9562953929839643e-06, 2.7471405290462535e-07, 3.3065913899130465e-08, 3.4824768486407102e-09, 3.26019384280331e-10, 2.746889044537697e-11], [0.00011428476131925661, 9.629107162399217e-05, 4.056520907715495e-05, 1.1392791735312438e-05, 2.3997602836953026e-06, 4.0438547832672543e-07, 5.6786093800212145e-08, 6.835049275464811e-09, 7.19862179939645e-10, 6.739140987031237e-11, 5.678089536833682e-12], [2.099891823303199e-05, 1.7692720501508688e-05, 7.453535350504285e-06, 2.0933350985218184e-06, 4.4093691402498785e-07, 7.43026235167682e-08, 1.043399423264155e-08, 1.2558860796259632e-09, 1.322689646555504e-10, 1.2382636924989464e-11, 1.0433039062025365e-12], [3.4725461704659996e-06, 2.9258073268742978e-06, 1.2325751903310997e-06, 3.4617034550090825e-07, 7.291679386636119e-08, 1.2287265843192698e-08, 1.7254472974816764e-09, 2.07683193388815e-10, 2.1873035629217524e-11, 2.0476901694156688e-12, 1.7252893429609449e-13]]",1.0,0.9078247181317,0.09217528186830004,0.7217061274376703,0.27829387256232974,0.4552186934080962,0.5447813065919038,2.4962325022873424,1-0:0.126|1-1:0.125|2-0:0.113|2-1:0.095|0-0:0.092
2026-10-16,12,Atlante,UNAM,1,1,1.4012390975603237,1.4755535087491758,0.34907911809250114,0.268545891088598,0.3823742346815605,186.0,272.0,162.0,,,"[[0.06623344894775675, 0.073177589914797, 0.06130625342816347, 0.030153552451397593, 0.01112329503022801, 0.0032826034021410416, 0.0008072761613101995, 0.00017016845319297572, 3.138658227341439e-05, 5.145842400131258e-06, 7.592965808983949e-07], [0.06899256655348353, 0.12635563173222852, 0.08590471922848426, 0.04225233662523425, 0.015586395890053928, 0.004599712228864562, 0.0011311869197562661, 0.00023844668978536147, 4.398010622030202e-05, 7.210555560947574e-06, 1.063956055798706e-06], [0.0552865312966339, 0.08157823524131926, 0.06018652562394714, 0.029602813021279123, 0.010920133655598551, 0.0032226483063056816, 0.0007925316693056563, 0.00016706041220554318, 3.081332217537159e-05, 5.0518561835653765e-06, 7.4542841173561e-07], [0.025823216407111955, 0.03810353757670333, 0.028111904283530328, 0.013826873001061385, 0.005100572742936344, 0.0015052336014940262, 0.0003701754536952782, 7.803052707898366e-05, 1.4392277252617732e-05, 2.3596194665545626e-06, 3.4817447831874386e-07], [0.009046125113601625, 0.013348041651958914, 0.009847874847239058, 0.004843688761522115, 0.0017867804868382268, 0.0005272980433437412, 0.00012967607966873877, 2.7334856336577867e-05, 5.041755397324011e-06, 8.265977629751719e-07, 1.2196892294822327e-07], [0.002535156838120185, 0.0037407595677177046, 0.0027598454527664545, 0.0013574332138116664, 0.0005007413353831187, 0.00014777412688006173, 3.634143857003684e-05, 7.660533885001495e-06, 1.412940956613238e-06, 2.316522206873425e-07, 3.418152470447462e-08], [0.0005920601466702354, 0.0008736164268098174, 0.0006445338919400717, 0.00031701474858664494, 0.00011694305615056546, 3.451114736536375e-05, 8.487174097653727e-06, 1.7890399313082961e-06, 3.299780184917924e-07, 5.410002477729614e-08, 7.982748138355655e-09], [0.00011851683223166187, 0.00017487792764526606, 0.0001290208698698784, 6.34590657461233e-05, 2.340931178090922e-05, 6.908338427144803e-06, 1.6989371676333797e-06, 3.5812467126368843e-07, 6.605401440659755e-08, 1.0829581413847078e-08, 1.5979626853486895e-09], [2.0758802380250245e-05, 3.063072368960899e-05, 2.259863590786452e-05, 1.1115165502264867e-05, 4.1002553642986806e-06, 1.2100292379117098e-06, 2.975771479482858e-07, 6.272728639695222e-08, 1.1569683442167157e-08, 1.8968541109118897e-09, 2.798909738941333e-10], [3.2320050570816613e-06, 4.768996402271925e-06, 3.518454687292267e-06, 1.7305560530696961e-06, 6.383820140485288e-07, 1.8839336415033449e-07, 4.6330748249514544e-08, 9.7662140203637e-09, 1.8013214206178806e-09, 2.953273491753074e-10, 4.3577130630521715e-11], [4.528811849495516e-07, 6.682504214987952e-07, 4.930196270828314e-07, 2.42492280208094e-07, 8.945258372641037e-08, 2.6398414756836848e-08, 6.49204558664444e-09, 1.3684800920475431e-09, 2.524082001842683e-10, 4.138242282432909e-11, 6.1061979198980675e-12]]",-1.0,0.9337657949149027,0.06623420508509725,0.7915956384466224,0.2084043615533776,0.5486472219895966,0.4513527780104034,2.8767926063094995,1-1:0.126|1-2:0.086|2-1:0.082|0-1:0.073|1-0:0.069
2026-10-17,12,Guadalajara,UANL,1,1,1.608015003603437,0.8728803257961059,0.5370100166129422,0.2693448515420795,0.19364405433209267,-116.0,271.0,416.0,,,"[[0.09367180629582456, 0.06302887178495553, 0.03187427111501971, 0.009274141385130599, 0.002023803888432987, 0.00035330771949656234, 5.13992262167398e-05, 6.409339046533657e-06, 6.993232443844989e-07, 6.782505571057022e-08, 5.920315672578132e-09], [0.12453632685640445, 0.1274407145723222, 0.05125430618187535, 0.014912958492829566, 0.0032543070169512196, 0.0005681241138393868, 8.265072693012473e-05, 1.0306313350007469e-05, 1.1245222693389074e-06, 1.0906370720283591e-07, 9.519956427574211e-09], [0.10817105012002463, 0.094420381470474, 0.04120884666986998, 0.011990130502292622, 0.002616487254794753, 0.0004567760494813206, 6.64518044811856e-05, 8.286353249325206e-06, 9.041243404915741e-07, 8.76880387653862e-08, 7.654116384595153e-09], [0.057980223849513006, 0.050609796683494065, 0.02208814790878149, 0.006426769914283251, 0.0014024502541490442, 0.0002448342469508899, 3.5618499540756196e-05, 4.441526783357676e-06, 4.846151682111714e-07, 4.700122732376695e-08, 4.102644661918635e-09], [0.023308267465575676, 0.02034532809909447, 0.008879518309783126, 0.00258358561171866, 0.0005637902626197789, 9.842428562324495e-05, 1.4318770416844518e-05, 1.785510426636413e-06, 1.9481711536434165e-07, 1.8894669681098258e-08, 1.6492785427046782e-09], [0.00749600875852951, 0.006543118567315702, 0.00285567973338054, 0.0008308888853475138, 0.0001813166402356253, 3.165354560022559e-05, 4.604959532687805e-06, 5.742255110243453e-07, 6.265376889292062e-08, 6.076582467067395e-09, 5.30412928358067e-10], [0.0020089490918097056, 0.001753572137766647, 0.0007653293094603624, 0.00022268029899435654, 4.859331298364206e-05, 8.483229373734726e-06, 1.234140669924778e-06, 1.5389387286316644e-07, 1.679136673535312e-08, 1.6285392962796611e-09, 1.4215199115083454e-10], [0.0004614886115865, 0.00040282432963281673, 0.00017580871604424552, 5.115332311283201e-05, 1.116268233607057e-05, 1.9487371588535436e-06, 2.835023876851767e-07, 3.535195093237301e-08, 3.857252805922205e-09, 3.741022317679248e-10, 3.2654647794663515e-11], [9.276007642790136e-05, 8.096844573325823e-05, 3.5337881645425384e-05, 1.0281913881201041e-05, 2.2437200846075676e-06, 3.91699823689504e-07, 5.6984511619395294e-08, 7.105808438238538e-09, 7.753150480767953e-10, 7.519525019554417e-11, 6.5636454489006014e-12], [1.6573288292385233e-05, 1.446649728417001e-05, 6.3137604312674e-06, 1.8370524207477492e-06, 4.008817288817052e-07, 6.99843548223938e-08, 1.0181327739666904e-08, 1.2695829534910545e-09, 1.385242477585565e-10, 1.3435010057127718e-11, 1.1727155955739552e-12], [2.6650096233200617e-06, 2.3262344682533733e-06, 1.0152621502635678e-06, 2.9540078549683925e-07, 6.446238347122667e-08, 1.1253589257191571e-08, 1.6371727761988239e-09, 2.0415084375327786e-10, 2.2274906875863845e-11, 2.160369774542442e-12, 1.885744272642659e-13]]",1.0,0.9063271161912899,0.09367288380871008,0.7187619175499299,0.2812380824500701,0.45127588174256333,0.5487241182574367,2.480895329399543,1-1:0.127|1-0:0.125|2-0:0.108|2-1:0.094|0-0:0.094
2026-10-17,12,Santos Laguna,Querétaro,1,1,0.8831272012198246,1.29798053307993,0.24275740616557345,0.3065719063845508,0.45067054960298936,312.0,226.0,122.0,,,"[[0.12394181658048364, 0.13553782650077142, 0.09511813117901845, 0.041153827537769694, 0.013354216751438452, 0.0034667026755794057, 0.0007499520978130286, 0.00013906046052910954, 2.2562221335989266e-05, 3.253924897461643e-06, 4.223531173009319e-07], [0.08869409004063085, 0.14045944092723697, 0.08400140897338672, 0.0363440645329139, 0.011793472064180738, 0.0030615394313457185, 0.0006623030971905562, 0.0001228080753074124, 1.9925311381754416e-05, 2.873629587674806e-06, 3.7299152640844033e-07], [0.044032513230662436, 0.05715334499598429, 0.037091964602594424, 0.016048215995952467, 0.00520756798835206, 0.0013518643747142385, 0.0002924489402905586, 5.422757591671427e-05, 8.798292237001143e-06, 1.2688902275528644e-06, 1.6469948139789805e-07], [0.012962103390689943, 0.0168245578688849, 0.010918974295744677, 0.004724205359025576, 0.0015329816475717697, 0.0003979560672233914, 8.608987137950158e-05, 1.5963282449421154e-05, 2.5900037329256446e-06, 3.7353049177131605e-07, 4.848353068309411e-08], [0.0028617965223354997, 0.003714556175627321, 0.0024107108024980484, 0.0010430185641759876, 0.00033845444798535283, 8.786145696386043e-05, 1.900707679118846e-05, 3.524402237959709e-06, 5.718256869518801e-07, 8.246873444206669e-08, 1.070428118935409e-08], [0.0005054660706461555, 0.0006560851198311145, 0.00042579285679209987, 0.00018422361308021202, 5.977966587794108e-05, 1.551856851671803e-05, 3.3571333059945103e-06, 6.22499096876449e-07, 1.0099896370068351e-07, 1.4566076527192665e-08, 1.890648377564859e-09], [7.439847271355356e-05, 9.656776927307088e-05, 6.267154231970012e-05, 2.7115480636355247e-05, 8.798841502773724e-06, 2.2841449968512127e-06, 4.941292901074648e-07, 9.16243141977278e-08, 1.4865822023181212e-08, 2.14394973270224e-09, 2.782805016949426e-10], [9.386187854650009e-06, 1.2183089115166982e-05, 7.906706252132367e-06, 3.420916932016395e-06, 1.1100708957601995e-06, 2.8817008260706814e-07, 6.233985957333489e-08, 1.1559417737303601e-08, 1.8754873995948657e-09, 2.704829038567601e-10, 3.510815437370049e-11], [1.0361497262750715e-06, 1.3449021740611408e-06, 8.728284204141182e-07, 3.776380994721435e-07, 1.2254172541603608e-07, 3.181135481600822e-08, 6.881753213679517e-09, 1.2760545292594658e-09, 2.0703674226590753e-10, 2.985885123260393e-11, 3.875620764004957e-12], [1.0167244531222123e-07, 1.3196885476589691e-07, 8.564650222949338e-08, 3.7055830873423076e-08, 1.202443677770135e-08, 3.1214969717413463e-09, 6.752737172313692e-10, 1.2521316278097694e-10, 2.031553097188456e-11, 2.929907080076512e-12, 3.802962353672372e-13], [8.978970206975769e-09, 1.1654528535759216e-08, 7.563675580820003e-09, 3.272501220812132e-09, 1.0619107197736129e-09, 2.7566788842700957e-10, 5.963525879558468e-11, 1.1057915000264658e-11, 1.794119800849509e-12, 2.587480639462121e-13, 3.358499499743041e-14]]",-1.0,0.87605804557263,0.12394195442737,0.6518261290312279,0.34817387096877206,0.3722160436943098,0.6277839563056902,2.1811077342997547,1-1:0.140|0-1:0.136|0-0:0.124|0-2:0.095|1-0:0.089
2026-10-17,12,Leon,America,1,1,1.2385796360507775,1.7023529989565374,0.2691774971609017,0.2575819106980714,0.47323865928668485,272.0,288.0,111.0,,,"[[0.062302600819267535, 0.08042608391832036, 0.07653118352799065, 0.04342769659752267, 0.01848231738514183, 0.0062926856856525505, 0.0017853953914102475, 0.0004341961712700594, 9.239439428712897e-05, 1.7476430466829645e-05, 2.9751053816262843e-06], [0.05593122254031882, 0.120849619855969, 0.09478996544063394, 0.05378866064628322, 0.02289182194026393, 0.007793992346317475, 0.00221135437409964, 0.0005377865357863113, 0.00011443781524928426, 2.1645950887072587e-05, 3.684904940787393e-06], [0.04051231491971815, 0.06896626079825387, 0.05870246044836309, 0.03331076986346613, 0.01417667224365565, 0.0048267401018422225, 0.0013694692479258137, 0.000333045725883609, 7.08701737809523e-05, 1.3405116985841685e-05, 2.282024110221081e-06], [0.016725909422946328, 0.028473402066428087, 0.024235890699139565, 0.013752680404687693, 0.005852979182652724, 0.0019927673328838102, 0.000565398907559562, 0.00013750121798439578, 2.9259451349489083e-05, 5.534434972513962e-06, 9.421561972989084e-07], [0.0051790927014227816, 0.008816643992140988, 0.007504520170376675, 0.004258447472590184, 0.0018123452064656967, 0.000617050259474277, 0.00017507289328715735, 4.2576552131912876e-05, 9.060040150873902e-06, 1.7137096135007591e-06, 2.9173386998836657e-07], [0.0012829437506402946, 0.002184023141395054, 0.0018589891722721739, 0.0010548852641484219, 0.00044894677324453116, 0.00015285317716093772, 4.336834408999283e-05, 1.0546890088768331e-05, 2.2443162465349683e-06, 4.2451316587729815e-07, 7.226712610277525e-08], [0.00026483800062361215, 0.0004508477645992595, 0.0003837510220692002, 0.00021775990109071305, 9.267605516856357e-05, 3.155347208953315e-05, 8.952524639851352e-06, 2.177193881269035e-06, 4.632940666360205e-07, 8.763222708184439e-08, 1.491809845780181e-08], [4.686042206068699e-05, 7.97729800273796e-05, 6.79008858926548e-05, 3.853042557705551e-05, 1.6398096383043027e-05, 5.583069710970331e-06, 1.5840592443089571e-06, 3.8523257215345423e-07, 8.197522806264666e-08, 1.550564170362141e-08, 2.6396075654905458e-09], [7.255045562638936e-06, 1.2350648571124714e-05, 1.0512581817056215e-05, 5.965375061013869e-06, 2.5387935312543742e-06, 8.643845563324686e-07, 2.4524794028738213e-07, 5.964265237659125e-08, 1.2691606017376542e-08, 2.400621507250644e-09, 4.086705222227697e-10], [9.984390769450183e-07, 1.699695756912749e-06, 1.44674108454706e-06, 8.209546746641068e-07, 3.493886631054576e-07, 1.1895656768779827e-07, 3.375101162481659e-08, 8.208019408189068e-09, 1.746618306878015e-09, 3.303734347495755e-10, 5.624122074215117e-11], [1.236646308541433e-07, 2.1052085519940404e-07, 1.791904045958002e-07, 1.0168177421596524e-07, 4.327456831894248e-08, 1.4733718231260263e-08, 4.180331569461083e-09, 1.0166285691292519e-09, 2.1633258668525937e-10, 4.091938085729739e-11, 6.965923071786493e-12]]",-1.0,0.9376954663263904,0.06230453367360955,0.8013381598677511,0.19866184013224886,0.5634450415640733,0.43655495843592673,2.940932635007315,1-1:0.121|1-2:0.095|0-1:0.080|0-2:0.077|2-1:0.069
2026-10-17,12,Toluca,Atlético San Luis,2,1,2.54263825917258,1.1002737911534712,0.6796256810764587,0.1821400555418438,0.1381628027580681,-212.0,449.0,624.0,,,"[[0.03241387462419351, 0.02256290687977595, 0.015844368664079483, 0.005811047859486665, 0.0015984359147329142, 0.0003517434287638102, 6.450234597987966e-05, 1.0138605821367868e-05, 1.3944052830108845e-06, 1.7046973190475747e-07, 1.8756337819976317e-08], [0.060318249321975353, 0.07946781869618887, 0.040286497957723634, 0.014775392613413723, 0.004064244311635428, 0.000894356299387409, 0.00016400613269482872, 2.5778807056079785e-05, 3.5454682213758446e-06, 4.33442862371929e-07, 4.7690582143037414e-08], [0.08461406463751688, 0.09309863768362557, 0.051216995517693056, 0.01878423927658083, 0.005166951540694382, 0.001137012272077216, 0.00020850413386440319, 3.277309054830826e-05, 4.5074215731753905e-06, 5.510442025160708e-07, 6.062994937954978e-08], [0.07171431933715071, 0.07890538601707751, 0.04340876410771898, 0.015920508484695565, 0.004379229556886749, 0.0009636703013774244, 0.00017671686265309096, 2.7776704633151957e-05, 3.820247514058536e-06, 4.670353572708684e-07, 5.138667631471338e-08], [0.04558589301928983, 0.05015696333545058, 0.02759319610092093, 0.010120023494667152, 0.0027836991542599075, 0.0006125662443776523, 0.00011233176400567374, 1.7656527978497102e-05, 2.4283768721885426e-06, 2.968754919458111e-07, 3.266443230237691e-08], [0.023181687133878914, 0.0255062027881266, 0.014031903219810645, 0.005146311784253219, 0.001415587994329519, 0.00031150687384645583, 5.712380817623428e-05, 8.978832712455565e-06, 1.2348967885832862e-06, 1.5096939680642011e-07, 1.6610767057235245e-08], [0.009823774103128213, 0.010808841175884171, 0.00594634232928291, 0.00218086820604549, 0.0005998880322679353, 0.0001320082159062075, 2.4207530029754784e-05, 3.8049872628999722e-06, 5.233159701302028e-07, 6.397676071403508e-08, 7.039195305654977e-09], [0.0035683291262975127, 0.003926139015874719, 0.0021599139297960174, 0.0007921655627006189, 0.0002178997517234582, 4.7949877184033924e-05, 8.792998859103378e-06, 1.3821008843305462e-06, 1.9008617246986692e-07, 2.3238537069919263e-08, 2.5568753282780524e-09], [0.0011341212697304896, 0.0012478439090741543, 0.0006864849743023935, 0.00025177380841519595, 6.925503067453385e-05, 1.523989903134387e-05, 2.794676914002136e-06, 4.392728233168877e-07, 6.041504683269511e-08, 7.385899180147119e-09, 8.126511292017778e-10], [0.00032040668121757, 0.00035253507385415745, 0.00019394255111204137, 7.112996865934055e-05, 1.9565610070360057e-05, 4.305505593669121e-06, 7.895391603964659e-07, 1.2410132075336405e-07, 1.7068178834057102e-08, 2.0866299815370523e-09, 2.295864280520268e-10], [8.146782861583046e-05, 8.963691664818105e-05, 4.9312575053900926e-05, 1.8085777968698553e-05, 4.974826872894972e-06, 1.0947343247544642e-06, 2.0075124763390473e-07, 3.1554476616135106e-08, 4.339820451787316e-09, 5.305545223792674e-10, 5.837552357518552e-11]]",1.0,0.967514664752177,0.032485335247823044,0.8846335085504258,0.11536649144957423,0.7047072565526407,0.29529274344735934,3.6429120503260513,2-1:0.093|2-0:0.085|1-1:0.079|3-1:0.079|3-0:0.072
2026-10-17,12,Cruz Azul,FC Juárez,2,0,2.897570808886827,0.9754343491393478,0.7608280401998074,0.1467468202181238,0.09220646939182217,-318.0,581.0,985.0,,,"[[0.025802517404116352, 0.015278182345577764, 0.009893303346594242, 0.003216755970241095, 0.000784433566543058, 0.00015303268908479717, 2.4878890245745545e-05, 3.466817730595436e-06, 4.227066370785133e-07, 4.58136192683959e-08, 4.468817789278564e-09], [0.055250510869291274, 0.06378372553406676, 0.028666546980553827, 0.009320778198683018, 0.002272951803926147, 0.000443423052697562, 7.20883461335715e-05, 1.004534985590461e-05, 1.2248224123214182e-06, 1.3274820584155902e-07, 1.2948715976447729e-08], [0.08729982062192385, 0.08515524370832811, 0.04153167486121779, 0.013503807412306328, 0.0032930193985315293, 0.0006424248467419704, 0.00010444054370878317, 1.4553556253762345e-05, 1.774504834006443e-06, 1.9232366308930058e-07, 1.875991071296071e-08], [0.08431913728504763, 0.08224778279763174, 0.04011365624068119, 0.01304274605557613, 0.003180585627427673, 0.0006204904942743759, 0.00010087462357161298, 1.4056653255464703e-05, 1.7139178024152117e-06, 1.8575714400858082e-07, 1.8119389886399412e-08], [0.06108016770691869, 0.05957969363252044, 0.029058039840179666, 0.009448070059590296, 0.0023039930172998537, 0.00044947878585029744, 7.307284115463818e-05, 1.0182537035919624e-05, 1.241549548277444e-06, 1.3456111950536253e-07, 1.312555380241753e-08], [0.03539682218989589, 0.034527276214402325, 0.016839545600875007, 0.005475290400997293, 0.0013351965821614277, 0.0002604793218187431, 4.2346746290420714e-05, 5.90092441513794e-06, 7.194955457750697e-07, 7.798007437797406e-08, 7.606444309671707e-09], [0.01709413311746664, 0.016674204611537444, 0.00813229596133567, 0.0026441736060180015, 0.0006448044400994027, 0.0001257928798701046, 2.0450449317076603e-05, 2.8497243884585455e-06, 3.4746488176032307e-07, 3.765879786540688e-08, 3.6733684985213423e-09], [0.007075923017770985, 0.006902098363399571, 0.0033662719123992092, 0.0010945257506323966, 0.00026690950329609183, 5.2070539525346045e-05, 8.465232138540098e-06, 1.1796111716243347e-06, 1.4382915692886064e-07, 1.558843334179607e-08, 1.5205493330856957e-09], [0.0025628734977779476, 0.002499914842231516, 0.0012192514035179473, 0.0003964332330759217, 9.667364817065471e-05, 1.8859759416453797e-05, 3.0660761918855483e-06, 4.272508620919324e-07, 5.209439582298362e-08, 5.6460736759333e-09, 5.507374201276804e-10], [0.0008251230482256747, 0.0008048533635058857, 0.0003925408083919893, 0.00012763259598149116, 3.112430454754278e-05, 6.071943149749453e-06, 9.871303190478296e-07, 1.3755440289659077e-07, 1.677191118258594e-08, 1.8177664742454114e-09, 1.7731118576928998e-10], [0.00023908524582784272, 0.00023321196115290275, 0.00011374147876934629, 3.698244843784141e-05, 9.018487630386327e-06, 1.759388522393431e-06, 2.8602799970401246e-07, 3.9857362246701814e-08, 4.859780025190345e-09, 5.26710707314662e-10, 5.1377171597420286e-11]]",1.0,0.973978812405637,0.026021187594363004,0.9034501191907681,0.09654988080923188,0.7424732696881832,0.25752673031181683,3.8730051580261744,2-0:0.087|2-1:0.085|3-0:0.084|3-1:0.082|1-1:0.064
2026-10-18,12,Monterrey,Pachuca,1,1,1.2669030005469146,1.3815122783167706,0.3325365181832145,0.28168591258750214,0.385777214352817,201.0,255.0,159.0,,,"[[0.08131328667647493, 0.08721029609012863, 0.0675285401519963, 0.03109716911892997, 0.010740280239673716, 0.002967565804734446, 0.0006832880993256038, 0.00013485298554943585, 2.3287631913027444e-05, 3.5746832689743193e-06, 4.93846882718155e-07], [0.07910016947691621, 0.13440286319301017, 0.08555211014111692, 0.03939709686528724, 0.013606893262357369, 0.0037596180223384897, 0.0008656597432736058, 0.00017084565202529002, 2.9503170746246557e-05, 4.528776959468419e-06, 6.256560975263709e-07], [0.05678904853402092, 0.0784547678236769, 0.05419311252045057, 0.02495615011573492, 0.008619306951101071, 0.0023815356767054444, 0.0005483534631030014, 0.00010822243459061699, 1.868882777203386e-05, 2.8687605593791363e-06, 3.963227936333161e-07], [0.023982071995318495, 0.03313152692100928, 0.02288580562037847, 0.010539007154574603, 0.0036399419463282764, 0.0010057248982425517, 0.00023157021592182817, 4.570244236978163e-05, 7.892310660364736e-06, 1.2114804535093579e-06, 1.6736751214639466e-07], [0.007595739742550279, 0.010493607717231877, 0.007248523952597728, 0.0033379749467289895, 0.0011528633434049669, 0.00031853897282705713, 7.334425034716522e-05, 1.447514034264969e-05, 2.49969801421612e-06, 3.837070554137354e-07, 5.3009600833084863e-08], [0.0019246130942420802, 0.0026588766207046657, 0.0018366353490164493, 0.0008457780951522773, 0.00029211320579606025, 8.071159609314619e-05, 1.8584010167537548e-05, 3.667719746688119e-06, 6.333749829343136e-07, 9.722392396693657e-08, 1.3431604470645893e-08], [0.00040638301733119525, 0.0005614231281424632, 0.0003878064724299113, 0.00017858646775754553, 6.167984948706781e-05, 1.704229387822291e-05, 3.924023040574612e-06, 7.744408587073907e-07, 1.3373744439180536e-07, 2.0528880166442824e-08, 2.8360900010034374e-09], [7.354969486117139e-05, 0.00010160980651716018, 7.01875976504241e-05, 3.232167597987273e-05, 1.1163198055492604e-05, 3.084419035788987e-06, 7.101937949027429e-07, 1.401630639489317e-07, 2.4204624226493467e-08, 3.7154428401049204e-09, 5.132929902989078e-10], [1.1647541138616017e-05, 1.6091221095197728e-05, 1.1115109758062747e-05, 5.1185535352007435e-06, 1.7678361390253849e-06, 4.884574664231366e-07, 1.1246833121651076e-07, 2.2196625785343855e-08, 3.833113882456894e-09, 5.883882103111849e-10, 8.128655369617317e-11], [1.6395894241673637e-06, 2.2651129208855365e-06, 1.5646406559886662e-06, 7.205234258006495e-07, 2.4885298988961493e-07, 6.875869220566846e-08, 1.583182958718909e-08, 3.1245524232743522e-09, 5.395759421247418e-10, 8.282564323662998e-11, 1.1442464309088864e-11], [2.0772007611426177e-07, 2.869678356047468e-07, 1.982247941849731e-07, 9.128332901111837e-08, 3.152725995862237e-08, 8.7110593469043e-09, 2.0057392408157255e-09, 3.9585048404124046e-10, 6.835903801007627e-11, 1.0493205593871464e-11, 1.449649236683564e-12]]",-1.0,0.9186863584470587,0.0813136415529413,0.7523758928800137,0.24762410711998628,0.4936554410009865,0.5063445589990134,2.648415278863685,1-1:0.134|0-1:0.087|1-2:0.086|0-0:0.081|1-0:0.079
2026-10-20,13,FC Juárez,Atlante,1,1,1.3813989146457408,1.6674597779641367,0.3093600282109929,0.25676305819705403,0.4338751467322931,223.0,289.0,130.0,,,"[[0.056715928335807776, 0.06975635902244284, 0.06591408558824169, 0.03663636217322619, 0.015272415083695355, 0.00509322757288696, 0.0014154586863011505, 0.00033717434668244635, 7.027808265678928e-05, 1.3020652900292816e-05, 2.171141499407035e-06], [0.05619335349695151, 0.11851532699250011, 0.09105364629146352, 0.050609430942662924, 0.021097297620636002, 0.007035779041229806, 0.0019553130929822952, 0.0004657722765535181, 9.708206710547237e-05, 1.7986715784443412e-05, 2.9992125108232045e-06], [0.04523824194108669, 0.07543294886257232, 0.06289070408078246, 0.03495590648751657, 0.014571892017552374, 0.004859608765621053, 0.0013505336922191747, 0.0003217086586515529, 6.705453106553226e-05, 1.2423414831335774e-05, 2.071554453621551e-06], [0.0208306861059662, 0.03473433122909503, 0.028959050119499785, 0.016096017094104468, 0.0067098652724605955, 0.002237686091477284, 0.000621875258874691, 0.00014813599729779744, 3.087635214533513e-05, 5.7205639214003465e-06, 9.538810246207871e-07], [0.007193871794526951, 0.011995491865204376, 0.010001000101062148, 0.005558755135978798, 0.0023172501511990523, 0.0007727842845211471, 0.00021476445191363422, 5.115872647178542e-05, 1.0663139835446404e-05, 1.9755951980460044e-06, 3.2942255302808046e-07], [0.0019875213378120287, 0.0033141118886470295, 0.0027630741369958404, 0.0015357716623245106, 0.0006402093687658103, 0.0002135046743785597, 5.933507615559637e-05, 1.4134121844556548e-05, 2.9460099590802865e-06, 5.458170124720178e-07, 9.101279144256392e-08], [0.0004575933031481309, 0.0007630184276652583, 0.0006361512689886281, 0.0003535855512464605, 0.00014739742119318744, 4.915585424305575e-05, 1.3660901633627192e-05, 3.2541434292568435e-06, 6.782691600015081e-07, 1.256651714373376e-07, 2.0954161886272816e-08], [9.03026989025696e-05, 0.00015057611826164102, 0.00012553981036162874, 6.977752810375375e-05, 2.9087805379692876e-05, 9.700549099977344e-06, 2.6958792413964032e-06, 6.421814573252816e-07, 1.3385146878053732e-07, 2.4799104490329866e-08, 4.135150926715486e-09], [1.559300628169884e-05, 2.6000710792274934e-05, 2.1677569722298248e-05, 1.2048825198648507e-05, 5.022732847616782e-06, 1.6750409997720517e-06, 4.655105822601215e-07, 1.1088859601934544e-07, 2.3112784212146552e-08, 4.282182003390997e-09, 7.140366252576373e-10], [2.3933513281781127e-06, 3.990817074274047e-06, 3.3272634762822445e-06, 1.8493593391299239e-06, 7.709330782503712e-07, 2.570999798969146e-07, 7.145064589891548e-08, 1.7020154020857107e-08, 3.547552780566721e-09, 6.572668413110947e-10, 1.0959660212757875e-10], [3.3061729271111825e-07, 5.512910374951852e-07, 4.5962781548767007e-07, 2.554702983864038e-07, 1.0649661175595612e-07, 3.551576331850391e-08, 9.870184469549886e-09, 2.3511622291515313e-09, 4.900585560723341e-10, 9.079477012197793e-11, 1.5139662722789816e-11]]",-1.0,0.9432823048045323,0.056717695195467654,0.817332592285138,0.182667407714862,0.5876649377633095,0.4123350622366905,3.0488586926098775,1-1:0.119|1-2:0.091|2-1:0.075|0-1:0.070|0-2:0.066
2026-10-20,13,Atlético San Luis,Querétaro,1,1,1.1428978994544203,1.3492663818893547,0.3055851243611992,0.29051695542368855,0.4038976845279966,227.0,244.0,148.0,,,"[[0.093597962348555, 0.10075853718155234, 0.07530645575435373, 0.03386948969619586, 0.011424740954706246, 0.0030830037783959262, 0.000693298892237913, 0.00013363498398539226, 2.2538648916976533e-05, 3.378960141875933e-06, 4.5591173251772697e-07], [0.08368552401940198, 0.13844411103887175, 0.08606759009700812, 0.03870936862937539, 0.013057312438944658, 0.0035235585423387455, 0.0007923698476327874, 0.00015273114249052993, 2.5759374503753128e-05, 3.861806448490215e-06, 5.210605614311358e-07], [0.0540320789655421, 0.07290366769179689, 0.04918323396648733, 0.02212042804785998, 0.007461587479494961, 0.0020135338283218157, 0.00045279891722526587, 8.72780509668502e-05, 1.4720167505799599e-05, 2.2068252390395005e-06, 2.97759510574093e-07], [0.020584383184291143, 0.027773816222492583, 0.01873713826289122, 0.008427130250310605, 0.002842610885636731, 0.0007670878609564735, 0.00017250097712399743, 3.324996703949631e-05, 5.607882840665192e-06, 8.40725310053748e-07, 1.1343623972590237e-07], [0.005881462075722809, 0.007935659055129968, 0.005353658990611353, 0.002407837365377198, 0.0008122035025401221, 0.00021917577624603444, 4.92877511022129e-05, 9.500329371592258e-06, 1.6023093797456833e-06, 2.4021579771964863e-07, 3.241151002618546e-08], [0.0013443821304128863, 0.0018139296129788976, 0.0012237371229529973, 0.0005503824534234928, 0.00018565313539652565, 5.009910685657695e-05, 1.126617344071028e-05, 2.1715812965835845e-06, 3.662552048774912e-07, 5.4908426125910866e-08, 7.408609345414648e-09], [0.00025608191881882454, 0.0003455227240719588, 0.00023310109788456289, 0.00010483849165238013, 3.536376307863607e-05, 9.54302733182073e-06, 2.146014326712828e-06, 4.1364928372664785e-07, 6.976538405312223e-08, 1.0459120813608632e-08, 1.4112140097921326e-09], [4.181078387232743e-05, 5.641388507937301e-05, 3.805867930468374e-05, 1.7117098841639293e-05, 5.773881505625279e-06, 1.5581008417105763e-06, 3.503821808855977e-07, 6.753698535457306e-08, 1.1390672984134903e-08, 1.7076724582876161e-09, 2.304105039245826e-10], [5.973182132778222e-06, 8.059413844659812e-06, 5.437148079166559e-06, 2.445387038857905e-06, 8.248696305597323e-07, 2.2259377239114778e-07, 5.005638231755105e-08, 9.64848483715319e-09, 1.6272970283674995e-09, 2.4396190819163536e-10, 3.2916960118454995e-11], [7.585263680678794e-07, 1.0234541282106205e-06, 6.90456124300234e-07, 3.1053641222930763e-07, 1.0474908534338479e-07, 2.8266883877497612e-08, 6.356592689446284e-09, 1.2252481170333579e-09, 2.0664826172329312e-10, 3.098039471323473e-11, 4.180080508423022e-12], [8.669181927455677e-08, 1.1697035733198701e-07, 7.891208541281755e-08, 3.5491141324098673e-08, 1.1971750960872596e-08, 3.230616220771396e-09, 7.264936432455465e-10, 1.4003334992679047e-10, 2.3617786424945838e-11, 3.5407428042024714e-12, 4.777405232627024e-13]]",-1.0,0.9064018019643295,0.09359819803567049,0.721957740763375,0.27804225923662496,0.4541750950046075,0.5458249049953925,2.4921642813437748,1-1:0.138|0-1:0.101|0-0:0.094|1-2:0.086|1-0:0.084
2026-10-20,13,Guadalajara,Necaxa,2,0,2.550252925211677,0.8229980269546369,0.7409817176532165,0.16629082088646238,0.09265414059930145,-286.0,501.0,979.0,,,"[[0.04040639269369017, 0.02208236978309705, 0.011608692777918707, 0.003184643750583214, 0.0006552388808208498, 0.00010785206121990474, 1.479367226449539e-05, 1.7393090121561786e-06, 1.7893098565861865e-07, 1.6362205350899125e-08, 1.3466062720416554e-09], [0.08128924739796639, 0.0780729019013179, 0.02960510271477085, 0.008121647040681928, 0.0016710248725257976, 0.0002750500346161709, 3.772760596715222e-05, 4.435677896098326e-06, 4.563192695869008e-07, 4.172776205904465e-08, 3.434186584382623e-09], [0.11146852092249494, 0.09173837278676499, 0.037750249899768266, 0.010356127061517926, 0.002130768034630193, 0.0003507235776797316, 4.810746873948175e-05, 5.656050264910768e-06, 5.81864776047225e-07, 5.320817362680773e-08, 4.3790221912722415e-09], [0.09475764051720392, 0.07798535118453558, 0.03209089507811862, 0.008803581110833299, 0.0018113324710877284, 0.00029814460997281344, 4.089540429246421e-05, 4.8081195777443225e-06, 4.946341157306909e-07, 4.523143347897908e-08, 3.722538050952961e-09], [0.06041398747878893, 0.04972059249550542, 0.020459974761408244, 0.005612839620060219, 0.0011548389832305933, 0.0001900860409298154, 2.607340610614275e-05, 3.065480254477497e-06, 3.153605251379213e-07, 2.883789888532093e-08, 2.37335338841364e-09], [0.030814189658296638, 0.025360017290984107, 0.010435622097007697, 0.0028628321319605163, 0.0005890262990264603, 9.695349638463372e-05, 1.3298756038484517e-05, 1.5635499972319754e-06, 1.6084982034585498e-07, 1.4708787197849661e-08, 1.210530284272587e-09], [0.01309732955234973, 0.010779076379958483, 0.004435579296549581, 0.0012168243364870475, 0.0002503610070198063, 4.12093229607353e-05, 5.652531914803596e-06, 6.645746590259255e-07, 6.83679541427982e-08, 6.251854596272025e-09, 5.145263997539144e-10], [0.004771643286191607, 0.0039270530098670315, 0.0016159784394334177, 0.0004433156890849788, 9.121198435874318e-05, 1.5013456632372563e-05, 2.0593408643686054e-06, 2.4211906688605994e-07, 2.4907939291915563e-08, 2.277687210305829e-09, 1.8745320801015044e-10], [0.0015211121560845986, 0.001251872303234338, 0.0005151442177805086, 0.0001413208916101495, 2.9076703740655777e-05, 4.786013961780842e-06, 6.564800079204965e-07, 7.718310732196191e-08, 7.940193130025307e-09, 7.260848088499571e-10, 5.975663650852481e-11], [0.00043102452506997736, 0.00035473233370165075, 0.0001459720053667362, 4.004489080247853e-05, 8.239216530013427e-06, 1.356171789570616e-06, 1.8602111783802605e-07, 2.1870716136084505e-08, 2.2499445285103043e-09, 2.0574443419126312e-10, 1.6932726339630734e-11], [0.00010992215558976832, 9.046571716897992e-05, 3.722655336855335e-05, 1.0212459990880303e-05, 2.101208605711914e-06, 3.458581073442017e-07, 4.744008999175718e-08, 5.577585780252372e-09, 5.737927615397409e-10, 5.2470034514229e-11, 4.318273487945207e-12]]",1.0,0.9595202864452903,0.040479713554709695,0.8561486692642268,0.14385133073577316,0.6549985536624954,0.3450014463375046,3.373250952166314,2-0:0.111|3-0:0.095|2-1:0.092|1-0:0.081|1-1:0.078
2026-10-20,13,UANL,Leon,1,1,1.4458758763550603,0.9039323007699039,0.48667546510154946,0.28845509560601423,0.22486904886412215,105.0,247.0,345.0,,,"[[0.1060069954163545, 0.0756042668765952, 0.03897024091719658, 0.01174215317794632, 0.002653527884533412, 0.00047972191316467675, 7.227268878278106e-05, 9.332802550606636e-06, 1.0545277102751364e-06, 1.0591351770829149e-07, 9.57386497446899e-09], [0.127298886907872, 0.13528845611589538, 0.05634613123791943, 0.01697769601645849, 0.0038366719554823363, 0.0006936183416037031, 0.00010449733723034009, 1.3494074066707111e-05, 1.524716177234758e-06, 1.5313780023432316e-07, 1.3842620410065367e-08], [0.0997064613486277, 0.09012789100849054, 0.04073475594142199, 0.01227382055314337, 0.002773675712959953, 0.0005014430137610989, 7.554508952234412e-05, 9.755378083400119e-06, 1.1022751694760216e-06, 1.1070912555844408e-07, 1.0007355458226854e-08], [0.04805438906023633, 0.04343791446531153, 0.01963246698163767, 0.005915473682833639, 0.001336796934066906, 0.00024167478565465043, 3.640960750581359e-05, 4.701688611837031e-06, 5.312510255501884e-07, 5.3357217979105903e-08, 4.823131281053448e-09], [0.017370170473794057, 0.015701458161142115, 0.007096527600521789, 0.0021382601738055957, 0.0004832106096381863, 8.735793562533476e-05, 1.3160943290053001e-05, 1.6995145354971184e-06, 1.9203076053297577e-07, 1.928697857635193e-08, 1.7434122919421648e-09], [0.005023022091246755, 0.004540471915758734, 0.002052139612696463, 0.0006183317605352579, 0.00013973251273493513, 2.526174634576997e-05, 3.805818082632927e-06, 4.914574136780119e-07, 5.5530528834549016e-08, 5.577315410264825e-09, 5.041515550920123e-10], [0.0012104444113553714, 0.001094159801710533, 0.000494523193485072, 0.00014900516269034718, 3.367264488431982e-05, 6.087558272658232e-06, 9.171234259124696e-07, 1.1843106978214778e-07, 1.3381708673852249e-08, 1.3440176344208724e-09, 1.214900952557383e-10], [0.0002500217677210761, 0.00022600275173867085, 0.00010214559367973307, 3.0777567169476295e-05, 6.955209275901237e-06, 1.2574076646203168e-06, 1.8943523388099246e-07, 2.4462375258418603e-08, 2.76404139370489e-09, 2.7761181071499055e-10, 2.5094228278050047e-11], [4.5187555313943984e-05, 4.084649084110068e-05, 1.8461231222186476e-05, 5.562567737905404e-06, 1.2570461633783167e-06, 2.2725692612730855e-07, 3.4237479350025686e-08, 4.4211947830615385e-09, 4.995575965505895e-10, 5.017402751300646e-11, 4.535392412872439e-12], [7.2595106822101846e-06, 6.562106193433948e-06, 2.965849874663592e-06, 8.936425003142642e-07, 2.0194808034371046e-07, 3.650947858023113e-08, 5.5003494954896416e-09, 7.10277653499504e-10, 8.025536418915699e-11, 8.06060177784792e-12, 7.286238310640048e-13], [1.0496351369549554e-06, 9.487991043166262e-07, 4.2882507866667596e-07, 1.2920961332900118e-07, 2.9199185764518397e-08, 5.2788174337457895e-09, 7.952822647050186e-10, 1.0269733247090095e-10, 1.1603929502919168e-11, 1.1654629659494997e-12, 1.0534996202728476e-13]]",1.0,0.8939926141553314,0.10600738584466862,0.691089460370864,0.30891053962913595,0.41712430198914446,0.5828756980108556,2.3498081771249644,1-1:0.135|1-0:0.127|0-0:0.106|2-0:0.100|2-1:0.090
2026-10-21,13,Atlas,America,1,1,1.3386830750274072,1.7623695399574189,0.28334532429804615,0.2509611467357474,0.4656907843318623,253.0,298.0,115.0,,,"[[0.05404563226180096, 0.07026599105933964, 0.06988660147961366, 0.04105533923293805, 0.0180886698291872, 0.00637578414506126, 0.001872747961766568, 0.00047149628054782007, 0.00010386883538008695, 2.033947462496855e-05, 3.584567053778141e-06], [0.051199334164673364, 0.11521453200451992, 0.09355601057194417, 0.05496008777064287, 0.02421499615009181, 0.008535154325021596, 0.002507016000208979, 0.0006311840907077409, 0.00013904745194613037, 2.7228110435394818e-05, 4.7985992461936556e-06], [0.04032324836850198, 0.07106446467678558, 0.06262092395987343, 0.036787069650290195, 0.01620810275399087, 0.005712933318826693, 0.0016780499441513335, 0.0004224777297285083, 9.307023527298573e-05, 1.822490530242009e-05, 3.211901797359361e-06], [0.017993350040346703, 0.031710932032898625, 0.02794319034922027, 0.016415409173565963, 0.007232504278357561, 0.0025492690475578165, 0.0007487923530953588, 0.00018852126212118582, 4.153051624958827e-05, 8.132457424109008e-06, 1.4332395249250287e-06], [0.006021848290513963, 0.010612722001446464, 0.009351768995692592, 0.0054937576075756, 0.0024205077668751455, 0.0008531658319142221, 0.0002505989124496758, 6.309255572110924e-05, 1.3899049800118636e-05, 2.7216957780089293e-06, 4.796633736193645e-07], [0.0016122692773787538, 0.002841414264661475, 0.002503810975219946, 0.0014708800655129034, 0.0006480585560976285, 0.00022842373187504942, 6.709450454333122e-05, 1.6892187300814514e-05, 3.7212845452763775e-06, 7.286976146788211e-07, 1.2842344799495822e-07], [0.0003597195990022677, 0.0006339588642072937, 0.0005586348959324681, 0.000328173708182888, 0.00014459083677909916, 5.096449729928786e-05, 1.4969712943251165e-05, 3.768880873298882e-06, 8.302701063537581e-07, 1.6258252726389685e-07, 2.8653049377918835e-08], [6.879293413428304e-05, 0.00012123857168255743, 0.00010683358290064165, 6.276008411620218e-05, 2.765161514289004e-05, 9.746472851690946e-06, 2.862814479307005e-06, 7.207624338399606e-07, 1.5878121986814008e-07, 3.1092353934765796e-08, 5.4796217500206434e-09], [1.151149207587997e-05, 2.028750299399206e-05, 1.787703865920327e-05, 1.0501982799207017e-05, 4.627093648619799e-06, 1.6309297809715948e-06, 4.790501612989602e-07, 1.2060905891213938e-07, 2.6569716458710538e-08, 5.20285099690409e-09, 9.169346117880857e-10], [1.7122488455880725e-06, 3.0176152102916733e-06, 2.6590765649651235e-06, 1.5620918475030455e-06, 6.882457726637943e-07, 2.4258867714942595e-07, 7.125514922445204e-08, 1.7939700651184968e-08, 3.9520477479503316e-09, 7.738853968272208e-10, 1.3638720507861536e-10], [2.2921585498239676e-07, 4.03963040896273e-07, 3.559660792720824e-07, 2.091145917890619e-07, 9.213429673241812e-08, 3.247493562932242e-08, 9.538806227532617e-09, 2.4015573632799456e-09, 5.290539431881286e-10, 1.0359872827434686e-10, 1.825792430890343e-11]]",-1.0,0.9459516231038549,0.054048376896145056,0.8244862978798418,0.17551370212015815,0.5990619160272063,0.40093808397279374,3.101052614984826,1-1:0.115|1-2:0.094|2-1:0.071|0-1:0.070|0-2:0.070
2026-10-21,13,Puebla,Monterrey,1,1,1.2162293775131687,1.3115511726524098,0.33258778524728294,0.2896260648915056,0.3777859292627346,201.0,245.0,165.0,,,"[[0.0906839488169791, 0.09386108719241931, 0.0686656191024497, 0.0300194910849072, 0.00984302468370965, 0.002581926113273202, 0.0005643880369275572, 0.00010574625595190419, 1.733645324966522e-05, 2.526405065470237e-06, 3.313509526212474e-07], [0.08625097484683511, 0.13819811942202084, 0.08351314317752875, 0.03651058695545881, 0.011971375783914943, 0.003140214389531262, 0.0006864253108282823, 0.00012861170305073264, 2.1085103744126485e-05, 3.072688060122983e-06, 4.029987628449352e-07], [0.059047272116578335, 0.07744351898642428, 0.050785569070486966, 0.022202624222739043, 0.007279969458823547, 0.001909610496118751, 0.0004174253142489826, 7.821066577115054e-05, 1.282216130075977e-05, 1.8685467433277607e-06, 2.450694672367364e-07], [0.02393834233673225, 0.03139636096309602, 0.020588967019083464, 0.009001161279193568, 0.002951370907739947, 0.0007741747949957073, 0.00016922831003575962, 3.1707369781912305e-05, 5.198229752398832e-06, 7.575271474972604e-07, 9.935356186160659e-08], [0.007278628799725248, 0.009546294137581254, 0.00626022663531476, 0.0027368691948723074, 0.0008973860004827577, 0.00023539353225100347, 5.1455110543099354e-05, 9.640858653108762e-06, 1.5805599339826158e-06, 2.3033169276247978e-07, 3.020918017416446e-08], [0.001770496434847853, 0.002322096675301613, 0.0015227743087520462, 0.000665732143442903, 0.0002182854433512354, 5.7258505840052814e-05, 1.2516243413141008e-05, 2.345099103672584e-06, 3.844646849259865e-07, 5.6027234262013063e-08, 7.3482584796814435e-09], [0.0003588882961407145, 0.00047070036565457953, 0.00030867380827109093, 0.0001349471650683448, 4.424752814787648e-05, 1.1606579485863586e-05, 2.5371038225279623e-06, 4.7536307051106575e-07, 7.79328740705548e-08, 1.1356994708378763e-08, 1.4895279727581363e-09], [6.235578414456902e-05, 8.178280181647006e-05, 5.3631164812595465e-05, 2.3446672366891413e-05, 7.68787765939832e-06, 2.016608991878427e-06, 4.408143146799237e-07, 8.259293304863175e-08, 1.3540607274091867e-08, 1.9732443720845513e-09, 2.5880109701372585e-10], [9.47986706681183e-06, 1.243333076806602e-05, 8.153474774416138e-06, 3.5645664671924422e-06, 1.1687778325109262e-06, 3.0658238735996953e-07, 6.701641494275716e-08, 1.255649394359052e-08, 2.0585605445148782e-09, 2.9998972179271944e-10, 3.93451871400911e-11], [1.2810769801751277e-06, 1.680198015606697e-06, 1.1018328388286077e-06, 4.817033839441981e-07, 1.579446595206617e-07, 4.143050068170191e-08, 9.056370292110425e-09, 1.6968418680845537e-09, 2.781868677365002e-10, 4.053959028847868e-11, 5.31697471817024e-12], [1.5580834581448433e-07, 2.0435061866201916e-07, 1.3400814676920832e-07, 5.858618068004381e-08, 1.920969349303435e-08, 5.038899205416516e-09, 1.10146236029022e-09, 2.063748928958756e-10, 3.383390409795013e-11, 4.9305440661195255e-12, 6.466660851733439e-13]]",-1.0,0.909315830584544,0.09068416941545598,0.7292037685452897,0.2707962314547103,0.4632927579042408,0.5367072420957593,2.527780550165579,1-1:0.138|0-1:0.094|0-0:0.091|1-0:0.086|1-2:0.084
2026-10-21,13,Toluca,Tijuana,1,1,2.1344717761497765,1.143839355928307,0.5922464583557594,0.21936894186908407,0.188369507340946,-145.0,356.0,431.0,,,"[[0.045530674850402825, 0.03527461727899299, 0.0246574204159173, 0.009401375962465446, 0.0026884159564365853, 0.0006150231952155617, 0.00011724795591605622, 1.9158975196990325e-05, 2.7393487311964774e-06, 3.481527653727564e-07, 3.9823083490863225e-08], [0.0726133954330046, 0.09986321998072838, 0.05263056795043474, 0.02006697164885543, 0.0057383479815645965, 0.0013127496518650704, 0.00025026245271407517, 4.0894291817929445e-05, 5.84706255177058e-06, 7.431222514766436e-07, 8.500124775050365e-08], [0.08586148645616244, 0.0982117473670639, 0.05616923092646799, 0.021416192308639836, 0.0061241709041878365, 0.0014010135405282192, 0.0002670890709741058, 4.364385584550158e-05, 6.240194995068299e-06, 7.930867360028864e-07, 9.071638213048238e-08], [0.06108963983298167, 0.06987673428045, 0.039963879366861695, 0.015237419345129217, 0.004357289982435532, 0.000996807953420385, 0.0001900313612374311, 3.105219283485752e-05, 4.439840031548126e-06, 5.642737513456366e-07, 6.45438524306442e-08], [0.03259852800966362, 0.03728747928278451, 0.021325443143505162, 0.008130960383384227, 0.0023251281220021984, 0.0005319146107043579, 0.0001014041442861548, 1.6570007298390918e-05, 2.369178309489851e-06, 3.0110659906735444e-07, 3.4441757834296527e-08], [0.01391612759613099, 0.01591781442657461, 0.00910371130073971, 0.0034710610902651206, 0.0009925840704691656, 0.00022707134477402963, 4.3288856792683415e-05, 7.073642581802246e-06, 1.0113888468544656e-06, 1.2854070746434297e-07, 1.4702992003658281e-08], [0.004950596931206774, 0.005662687605252209, 0.0032386024716074477, 0.0012348136550770956, 0.00035310711397871586, 8.077956276542357e-05, 1.5399807174295386e-05, 2.516415074238022e-06, 3.597968247205877e-07, 4.572775202816084e-08, 5.230520242794077e-09], [0.0015095584892506502, 0.0017266924100805719, 0.0009875293671164288, 0.000376524985080915, 0.00010767102410646728, 2.463167097321656e-05, 4.695779110240333e-06, 7.673167075769859e-07, 1.0971088107348605e-07, 1.3943513727269282e-08, 1.5949139761177186e-09], [0.0004027637487191009, 0.0004606970269261269, 0.0002634816952786335, 0.00010046024420880355, 2.8727595258049565e-05, 6.571950811467304e-06, 1.252875997230212e-06, 2.047269819614059e-07, 2.9271847398485075e-08, 3.7202545639016553e-09, 4.2553735842626095e-10], [9.552087267746695e-05, 0.00010926053348110362, 6.24882491227044e-05, 2.382550620986727e-05, 6.813137919440113e-06, 1.5586270579246218e-06, 2.9713649501148843e-07, 4.8553773868105085e-08, 6.942214678647746e-09, 8.823087074156096e-10, 1.009219423620207e-10], [2.0388660676324926e-05, 2.3321352496248305e-05, 1.333794040934284e-05, 5.085487055744285e-06, 1.4542450596060712e-06, 3.3268454646834634e-07, 6.342294622660901e-08, 1.0363665994702871e-08, 1.4817961295546285e-09, 1.8832630338298072e-10, 2.1541503756594737e-11]]",1.0,0.9544542327153868,0.04554576728461324,0.8465662200033892,0.1534337799966108,0.6361840931505812,0.3638159068494188,3.2783111320780836,1-1:0.100|2-1:0.098|2-0:0.086|1-0:0.073|3-1:0.070
2026-10-21,13,Santos Laguna,UNAM,1,1,1.2070967106206751,1.5367378080741843,0.2888441312551638,0.2721343036524962,0.4390208026957024,246.0,267.0,128.0,,,"[[0.07448704702568765, 0.08868410923846805, 0.07595167677249207, 0.03890593776097279, 0.014947056378966997, 0.004593941331395, 0.0011766138886715586, 0.0002583067211752531, 4.961871306371096e-05, 8.472328039221029e-06, 1.3019746820277952e-06], [0.06748053082666974, 0.12948283516796477, 0.0916810191981999, 0.04696322949488298, 0.01804254258851284, 0.005545331469911269, 0.0014202867546860398, 0.00031180119346186, 5.9894585324436624e-05, 1.0226919307443018e-05, 1.5716093559871511e-06], [0.046862121589419416, 0.0720147940130303, 0.05533392835024903, 0.028344579921698553, 0.010889546904913646, 0.003346875688315603, 0.000857211734859816, 0.00018818709749770593, 3.61492784645584e-05, 6.172440327898769e-06, 9.485422419963837e-07], [0.018855704274431437, 0.028976273656384794, 0.022264467632435243, 0.011404883062469054, 0.004381578749690272, 0.0013466675447406909, 0.0003449124884849088, 7.572000879024438e-05, 1.4545225041959753e-05, 2.483577472103002e-06, 3.8166074006619846e-07], [0.005690164651525597, 0.00874429115416665, 0.006718841410708267, 0.0034416992074299607, 0.0013222473240191441, 0.00040638949088902713, 0.0001040856825755312, 2.2850343384718144e-05, 4.389373325846772e-06, 7.494795492867862e-07, 1.1517535597674015e-07], [0.0013737158067493173, 0.0021110410177808056, 0.001622058273209585, 0.0008308927584468979, 0.00031921607909009975, 9.811028353659108e-05, 2.512829701192628e-05, 5.516514867249235e-06, 1.059679620663154e-06, 1.8093885972430912e-07, 2.7805558668817664e-08], [0.00027636797194245465, 0.00042470511142475543, 0.0003263302010043904, 0.0001671613192666316, 6.422077984114811e-05, 1.9738100089180145e-05, 5.055380777765926e-06, 1.1098278250577668e-06, 2.1318929740237631e-07, 3.640178373277822e-08, 5.59399973435e-09], [4.765755283609198e-05, 7.323716328351562e-05, 5.627315888694045e-05, 2.8825696947109056e-05, 1.1074384585677772e-05, 3.403685098792999e-06, 8.717619296823195e-07, 1.9138135956893254e-07, 3.676287137627731e-08, 6.2772104863659664e-09, 9.646426683638303e-10], [7.1909094080847095e-06, 1.1050542361840127e-05, 8.490893123582555e-06, 4.349425495775474e-06, 1.6709816506899938e-06, 5.135721358427048e-07, 1.3153761972048254e-07, 2.88769762012214e-08, 5.547042638909416e-09, 9.47150016245746e-10, 1.4555212398829133e-10], [9.644581214300368e-07, 1.4821192595057403e-06, 1.138814351078692e-06, 5.833530232266979e-07, 2.2411516156171116e-07, 6.888124842690715e-08, 1.764206978749644e-08, 3.873033665018436e-09, 7.439796581222438e-10, 1.270335187860623e-10, 1.9521721121124376e-11], [1.1641942259095902e-07, 1.7890612828969256e-07, 1.3746590571947044e-07, 7.041635154675716e-08, 2.7052867432136207e-08, 8.314632839956497e-09, 2.1295684409027293e-09, 4.67512619716688e-10, 8.980553980880527e-11, 1.5334174266522517e-11, 2.3564605350963336e-12]]",-1.0,0.9255121905776746,0.07448780942232536,0.7693475505125368,0.23065244948746322,0.5170509169826607,0.4829490830173393,2.743834518694859,1-1:0.129|1-2:0.092|0-1:0.089|0-2:0.076|0-0:0.074
2026-10-21,13,Pachuca,Cruz Azul,1,1,1.5042617317344475,1.1839189460596438,0.4358369998021616,0.2756175404395345,0.2885448382675645,129.0,263.0,247.0,,,"[[0.07832101034190253, 0.0701954128142661, 0.04765976655019922, 0.01880843352785351, 0.005566915199832299, 0.0013181552752377732, 0.0002600981673670774, 4.399073545446785e-05, 6.510183144455269e-06, 8.563921296709718e-07, 1.0138988675738309e-07], [0.09198017950542227, 0.13142739238248194, 0.07169276296486218, 0.028292806789821167, 0.008374097498918551, 0.00198285053702407, 0.000391255719664556, 6.617357989500977e-05, 9.793019370786694e-06, 1.2882379080226074e-06, 1.5251692663402064e-07], [0.07694046099490838, 0.09109126949043504, 0.05392233988517542, 0.02127989326864226, 0.006298417202718163, 0.0014913630912972034, 0.00029427550320680623, 4.9771191943967605e-05, 7.3656321388042906e-06, 9.689234932040245e-07, 1.1471268808865377e-07], [0.03857953036554919, 0.04567503692985701, 0.02703777079161581, 0.010670176366470671, 0.003158155989515619, 0.0007478001421198566, 0.00014755579268696542, 2.495629979470676e-05, 3.6932795188122143e-06, 4.858381772684253e-07, 5.7519302278717274e-08], [0.014508427789295685, 0.01717680253728539, 0.010167970978308767, 0.004012684494734788, 0.0011876732994690708, 0.0002812217841941204, 5.549063305868594e-05, 9.385201686717409e-06, 1.3889147611869574e-06, 1.827069444701273e-07, 2.1631021313485104e-08], [0.004364894542214022, 0.005167681346079515, 0.0030590579264112706, 0.0012072255453907438, 0.000357314298838822, 8.460623361865975e-05, 1.669448715597994e-05, 2.823559948387718e-06, 4.1785826477892585e-07, 5.496781293770865e-08, 6.50774351604157e-09], [0.00109432397048485, 0.001295590881784228, 0.0007669372956432339, 0.000302663864917257, 8.958237099079432e-05, 2.1211653249789044e-05, 4.185479693278811e-06, 7.078955296029555e-07, 1.04761366165983e-07, 1.3780996246555457e-08, 1.6315582551873848e-09], [0.0002351642387028652, 0.0002784153976360146, 0.00016481063206800353, 6.504080993912483e-05, 1.9250761788498565e-05, 4.558268321496897e-06, 8.99436704507278e-07, 1.521228793210879e-07, 2.2512644869672583e-08, 2.9614607541242035e-09, 3.506129494819726e-10], [4.421857061914819e-05, 5.235120352368584e-05, 3.0989790850358025e-05, 1.2229800174054889e-05, 3.619773033146778e-06, 8.571035748756507e-07, 1.6912352683845555e-07, 2.86040782354963e-08, 4.233113769697044e-09, 5.568515103078105e-10, 6.592670531953441e-11], [7.39070040159798e-06, 8.749990230102465e-06, 5.179639605627545e-06, 2.044091154287784e-06, 6.050095612585585e-07, 1.43256456424248e-07, 2.8267338817672502e-08, 4.78089114013281e-09, 7.075234499814902e-10, 9.307226857939663e-11, 1.1019002212389938e-11], [1.111754778483825e-06, 1.3162275456193425e-06, 7.791533642921619e-07, 3.0748480995720067e-07, 9.100927303346973e-08, 2.1549520522287967e-08, 4.252147604139639e-09, 7.191711585690056e-10, 1.0643004501118869e-10, 1.4000505190969673e-11, 1.6575463349995393e-12]]",1.0,0.921678368167358,0.07832163183264196,0.7595027758476697,0.24049722415233032,0.5034751559200802,0.4965248440799198,2.688180677794091,1-1:0.131|1-0:0.092|2-1:0.091|0-0:0.078|2-0:0.077
2026-10-23,14,Necaxa,FC Juárez,1,1,1.96200193047304,1.3050573006290784,0.5189524343255703,0.2357613473160993,0.24527911318831447,-108.0,324.0,308.0,,,"[[0.04643237124452757, 0.0414326320634072, 0.03246111021301983, 0.01412120295667556, 0.00460724475306859, 0.001202543680155436, 0.00026156473485203517, 4.876528097225106e-05, 7.955185743758074e-06, 1.1535525814168718e-06, 1.505452218037605e-07], [0.06647428376491436, 0.10591702234627373, 0.06368876090324303, 0.027705827461599046, 0.00903942309968236, 0.0023593930219431196, 0.0005131905147233619, 9.567757540761678e-05, 1.5608089786524946e-05, 2.263272391642061e-06, 2.9537001580247015e-07], [0.07336738988974636, 0.09574864780371353, 0.06247873592079935, 0.027179443482505148, 0.008867682785969689, 0.00231456683189851, 0.0005034403902938445, 9.385979382636198e-05, 1.531155114607924e-05, 2.220272400794029e-06, 2.8975827060414937e-07], [0.04798232019915019, 0.06261967727702306, 0.04086113349670787, 0.017775373527285997, 0.0057994702482983594, 0.0015137281974645818, 0.00032925033921154124, 6.138436556037458e-05, 1.0013764302381388e-05, 1.4520595788446322e-06, 1.8950209543195686e-07], [0.023535351214827062, 0.030714981925779507, 0.020042405700464363, 0.008718829293853626, 0.002844642955720586, 0.0007424844114092463, 0.00016149745028548685, 3.010906093257944e-05, 4.911756223143576e-06, 7.122359242137597e-07, 9.295086926654643e-08], [0.009235280903570344, 0.01205257076656479, 0.007864647735126991, 0.0034212719812011425, 0.0011162389941260654, 0.0002913511697062161, 6.337166184531981e-05, 1.1814807134890254e-05, 1.9273750383641334e-06, 2.7948165165192936e-07, 3.647395698802227e-08], [0.0030199398268776338, 0.003941194518527172, 0.002571742339801595, 0.00111875703863166, 0.00036501051022410383, 9.527192623486233e-05, 2.0722553812967015e-05, 3.863445734470219e-06, 6.302522576693295e-07, 9.139059001214646e-08, 1.1926995670415045e-08], [0.0008464468243209055, 0.0011046616076742968, 0.0007208233479099978, 0.0003135719242179456, 0.00010230733224323449, 2.670338617038358e-05, 5.808241512196109e-06, 1.0828697127583436e-06, 1.7665087803317385e-07, 2.561550200441451e-08, 3.3429697900139886e-09], [0.00020759128792004875, 0.0002709185258470526, 0.00017678210001618184, 7.690359008221934e-05, 2.5090897920346582e-05, 6.549011902057454e-06, 1.424472632447801e-06, 2.655740583603319e-07, 4.332367046510555e-08, 6.282208047837158e-09, 8.198641476900618e-10], [4.525494529428007e-05, 5.906029674586977e-05, 3.853853572275856e-05, 1.6764999133513535e-05, 5.469821128558002e-06, 1.4276859993919611e-06, 3.1053533941873344e-07, 5.7895201687392374e-08, 9.444569454190555e-09, 1.3695227019433091e-09, 1.7873056005483737e-10], [8.879029003082927e-06, 1.1587641622970704e-05, 7.561268148565649e-06, 3.2892960664332386e-06, 1.0731799613573018e-06, 2.801122686916358e-07, 6.092709354196555e-08, 1.135904974757898e-08, 1.8530263501608567e-09, 2.687006185039425e-10, 3.506697038621184e-11]]",1.0,0.9535605235854565,0.04643947641454349,0.8456536077571349,0.15434639224286506,0.6339080853080951,0.36609191469190494,3.2670592311021185,1-1:0.106|2-1:0.096|2-0:0.073|1-0:0.066|1-2:0.064
2026-10-23,14,Atlante,Atlético San Luis,1,1,1.68174362558429,1.369315587766596,0.43987241180602377,0.25611894151933595,0.3040067722625439,127.0,290.0,229.0,,,"[[0.05658888591611449, 0.0555005623229795, 0.044352584101193714, 0.02024422825583114, 0.006930184328253638, 0.0018979218853546968, 0.000433142336996592, 8.472979339586936e-05, 1.4502728355650872e-05, 2.2065346669485957e-06, 3.021442314400081e-07], [0.07028115404922526, 0.11822456102213125, 0.07458967559037363, 0.03404560182411739, 0.011654793318164698, 0.0031918180325521783, 0.0007284343642147009, 0.00014249378994057714, 2.438987096569638e-05, 3.7108256107715547e-06, 5.08129135231298e-07], [0.06690081438376372, 0.09160832796996737, 0.06272035572925548, 0.02862798692344514, 0.009800187185162927, 0.0026839098151348077, 0.000612519924337309, 0.00011981901145895619, 2.050875501269162e-05, 3.1203286582849952e-06, 4.272714670744465e-07], [0.03750333937876414, 0.05135390720464255, 0.03515985281401817, 0.016048311507271425, 0.0054938007760602, 0.001504549407748691, 0.00034336715943254705, 6.716828624830353e-05, 1.1496822670421328e-05, 1.7491976102662571e-06, 2.395203553821661e-07], [0.015767750484590216, 0.021591026522563683, 0.014782464586614226, 0.00674728639468618, 0.002309791108842316, 0.0006325665939644948, 0.00014436388290266762, 2.823995930987634e-05, 4.833677060113504e-06, 7.354254827381376e-07, 1.0070295771541038e-07], [0.005303462773452644, 0.007262114244828569, 0.0049720631177928, 0.00226944117685102, 0.0007768952947453674, 0.00021276296743147116, 4.855660796723167e-05, 9.49847431122886e-06, 1.6258011167957809e-06, 2.4735942353742264e-07, 3.387131144307517e-08], [0.0014865107854629255, 0.0020355023899175503, 0.0013936225757251305, 0.0006361030388012846, 0.00021775645161407472, 5.963546070637902e-05, 1.3609960988147851e-05, 2.662333104280874e-06, 4.5569677743985346e-07, 6.933252229371077e-08, 9.493810351595303e-09], [0.00035713286254493865, 0.0004890275955864897, 0.00033481655474229966, 0.0001528231758169795, 5.231578920454629e-05, 1.4327365128819329e-05, 3.2697807337526446e-06, 6.396231039009135e-07, 1.0948073580839663e-07, 1.665707534473268e-08, 2.2808792916145065e-09], [7.507573938395262e-05, 0.00010280238020154886, 7.038445083474448e-05, 3.212617522146906e-05, 1.0997718126519638e-05, 3.0118693721013176e-06, 6.873666132558539e-07, 1.3446025972022488e-07, 2.301481619625609e-08, 3.5016162852351774e-09, 4.794817761749883e-10], [1.402868290499889e-05, 1.9209694177649755e-05, 1.3152066836842515e-05, 6.003110043678852e-06, 2.0550380394719158e-06, 5.6279912418044e-07, 1.2844160225361074e-07, 2.5125298297655194e-08, 4.300557825783093e-09, 6.543134296596014e-10, 8.959615785179128e-11], [2.359264805082518e-06, 3.2305780732686115e-06, 2.211840456611843e-06, 1.0095692049637936e-06, 3.45604712321513e-07, 9.46483839574876e-08, 2.160058458498426e-08, 4.225431025298543e-09, 7.232435709967349e-10, 1.1003874394642292e-10, 1.506777673440938e-11]]",1.0,0.943409239671789,0.056590760328210976,0.8176275232995841,0.1823724767004159,0.5881495637924956,0.4118504362075044,3.051059213350886,1-1:0.118|2-1:0.092|1-2:0.075|1-0:0.070|2-0:0.067
2026-10-24,14,Leon,Toluca,1,1,1.2193146990846924,1.7516842485465263,0.2568570893073593,0.25371093061144484,0.4894294877572085,289.0,294.0,104.0,,,"[[0.06057669482809525, 0.08045286457636262, 0.07863089249227456, 0.045912165275957546, 0.020105904182639904, 0.007043839131903209, 0.002056430342775081, 0.0005146023770960344, 0.00011267760977796538, 2.193062157910381e-05, 3.841552438095065e-06], [0.05316781432373632, 0.11879160046355695, 0.09587580301797853, 0.05598137798778083, 0.024515424508281227, 0.008588656591517542, 0.0025074357445894284, 0.0006274622425771184, 0.00013738946586000224, 2.674032925146522e-05, 4.6840613550739505e-06], [0.03809896469896573, 0.06673735634910842, 0.05845138795318487, 0.034129458527758706, 0.01494600872862421, 0.005236137613713985, 0.0015286766301941302, 0.0003825369677474627, 8.376049761124762e-05, 1.6302438257337956e-05, 2.8556724308281155e-06], [0.015484875892452574, 0.02712461319150701, 0.023756878837740077, 0.01387151681823253, 0.006074629378486539, 0.0021281665196105693, 0.0006213126284476525, 0.00015547764923925605, 3.404346864668083e-05, 6.6259341993642695e-06, 1.1606544568932118e-06], [0.004720234197292405, 0.008268359892847762, 0.007241777892807635, 0.004228436088767862, 0.0018517212231700865, 0.0006487261798652697, 0.0001893939051482922, 4.7394045774139715e-05, 1.03774254321817e-05, 2.019774741113204e-06, 3.5380075996201344e-07], [0.001151090187976173, 0.0020163465509343225, 0.0017660012464413843, 0.0010311588554349682, 0.00045156618120367466, 0.00015820027335815672, 4.618615449287295e-05, 1.1557651332300265e-05, 2.5306694736228935e-06, 4.92548206135862e-07, 8.62788934338036e-08], [0.00023392353102858488, 0.00040976016466715676, 0.0003588852130646447, 0.00020955119158720068, 9.17668803918637e-05, 3.214931978413615e-05, 9.385909511226082e-06, 2.3487356927282484e-06, 5.142804146188859e-07, 1.0009521129154225e-07, 1.753352049743308e-08], [4.0746628549278176e-05, 7.137522741114677e-05, 6.251343079626604e-05, 3.650126401614085e-05, 1.598467230727801e-05, 5.600019739767351e-06, 1.6349110616166804e-06, 4.0912113634405943e-07, 8.958138128516809e-08, 1.7435366062252195e-08, 3.0541256098889814e-09], [6.210370391034851e-06, 1.087860799161548e-05, 9.527943132512599e-06, 5.5633159687564555e-06, 2.4362932380395104e-06, 8.535232979828448e-07, 2.49183886140672e-07, 6.235592690631798e-08, 1.3653486870664466e-08, 2.657399765453309e-09, 4.6549253112357903e-10], [8.413773227276845e-07, 1.4738274033063324e-06, 1.2908401237239656e-06, 7.537147707063732e-07, 3.3006757293580266e-07, 1.1563483369352546e-07, 3.375928612737428e-08, 8.447944250213818e-09, 1.8497663594623424e-09, 3.6002295504016013e-10, 6.306465394590222e-11], [1.0259037370783891e-07, 1.797059416765231e-07, 1.5739403370249315e-07, 9.190154988395277e-08, 4.024562433718323e-08, 1.4099525244872922e-08, 4.116319380571333e-09, 1.0300702601333701e-09, 2.255447311964809e-10, 4.3898128108837385e-11, 7.689565954892789e-12]]",-1.0,0.9394208128479175,0.06057918715208255,0.8058001339478184,0.19419986605218165,0.5702786762930211,0.4297213237069789,2.9709989476312186,1-1:0.119|1-2:0.096|0-1:0.080|0-2:0.079|2-1:0.067
2026-10-24,14,Monterrey,Guadalajara,1,1,1.3006331400771949,1.7505844266137498,0.2762686563038729,0.25258243302685235,0.471146367772186,262.0,296.0,112.0,,,"[[0.056475288314447605, 0.07363092211056299, 0.0724784960914226, 0.042293242174009975, 0.018509472775206422, 0.006480478957021514, 0.0018907709231933284, 0.0004728505903480493, 0.00010347060994730157, 2.0126004265108005e-05, 3.52322696364599e-06], [0.0523476427461118, 0.116872806262514, 0.09426793395945968, 0.05500799237282785, 0.024074033696790086, 0.008428725695075077, 0.002459199322999596, 0.0006150051481117388, 0.00013457730432146149, 2.6176548124534444e-05, 4.5824257489315255e-06], [0.0400085381546204, 0.07003832382506049, 0.061303999477140825, 0.03577260892460673, 0.01565574302069014, 0.005481339983817416, 0.0015992580687743377, 0.00039994803847610545, 8.751785095137334e-05, 1.7023042991797516e-05, 2.9800273955017004e-06], [0.01734547686998074, 0.03036472168077729, 0.026578004446414807, 0.015509013558121586, 0.006787459401747285, 0.0023764041449943767, 0.0006933493479279193, 0.00017339522438363067, 3.7942872431897555e-05, 7.380244620030233e-06, 1.291974129642481e-06], [0.005640025511884849, 0.009873340826809858, 0.008642058345031532, 0.005042884250899865, 0.0022069986587102616, 0.0007727074962991242, 0.00022544828489149126, 5.6380893791117824e-05, 1.2337439328661834e-05, 2.399747683671936e-06, 4.200960922838501e-07], [0.0014671208183276556, 0.002568318856525214, 0.002248029496405737, 0.0013117884756587445, 0.0005740991191248969, 0.0002010017954545434, 5.8645102140687643e-05, 1.4666171786380075e-05, 3.2092964909098634e-06, 6.242382730414408e-07, 1.0927817992826057e-07], [0.00031803099280235385, 0.0005567401031803102, 0.0004873102771493917, 0.0002843592607021851, 0.0001244487233371611, 4.357159939719949e-05, 1.2712627224565071e-05, 3.1792181772385145e-06, 6.956862287351367e-07, 1.3531749753704247e-07, 2.368847038366905e-08], [5.9091664115770454e-05, 0.0001034449469437583, 9.054455656581446e-05, 5.2835296879587515e-05, 2.312316197322998e-05, 8.095809448880739e-06, 2.362066323673843e-06, 5.907137886931749e-07, 1.292617948840346e-07, 2.514263167557023e-08, 4.401429945533871e-09], [9.607072081410175e-06, 1.681799077107239e-05, 1.4720656365386551e-05, 8.589917260926087e-06, 3.7593438457194607e-06, 1.316209758120547e-06, 3.8402271745381307e-07, 9.603774123436254e-08, 2.101527177150452e-08, 4.087667498250155e-09, 7.155807063611892e-10], [1.3883640364658301e-06, 2.430448460707686e-06, 2.127352612501118e-06, 1.241370117786844e-06, 5.432807989653312e-07, 1.9021178118939695e-07, 5.549696365143671e-08, 1.3878874327507786e-08, 3.0370176570830624e-09, 5.907284237600657e-10, 1.0341199789924566e-10], [1.8057522763187977e-07, 3.1611218132460157e-07, 2.766905308448747e-07, 1.6145671142950968e-07, 7.066090115019244e-08, 2.473957462480411e-08, 7.218119009871792e-09, 1.805132389732318e-09, 3.95004581180182e-10, 7.683209647279044e-11, 1.3450107154935187e-11]]",-1.0,0.9435221687884635,0.05647783121153649,0.8175436039317889,0.18245639606821107,0.5881837634232318,0.41181623657676825,3.0512175666909447,1-1:0.117|1-2:0.094|0-1:0.074|0-2:0.072|2-1:0.070
2026-10-24,14,UNAM,UANL,1,1,1.4059312032856968,1.0932523677777382,0.4304153894582526,0.2875891334813507,0.2819951577262952,132.0,248.0,255.0,,,"[[0.09290802961139054, 0.07905692798801618, 0.049094091013777784, 0.017890743748236116, 0.004889774491015975, 0.00106915150804048, 0.00019480873627973234, 3.042501602880088e-05, 4.15777760164527e-06, 5.050555786324386e-07, 5.5215320719926804e-08], [0.10474413298921807, 0.13702676677148964, 0.0690229144532181, 0.025153154885633657, 0.006874686533949795, 0.0015031534661940694, 0.00027388768100833, 4.277547939535863e-05, 5.845549266475453e-06, 7.100733973928583e-07, 7.762894229957235e-08], [0.0811926113765489, 0.08876401463346979, 0.04852073458574933, 0.017681802657395218, 0.004832668155444006, 0.001056665180724647, 0.00019253361846258528, 3.0069690608719547e-05, 4.1092200570408285e-06, 4.99157173008852e-07, 5.4570476128516846e-08], [0.03805040860351312, 0.041598699300701134, 0.02273893825348283, 0.00828646602879063, 0.002264799651621287, 0.0004951995163354338, 9.02296739593506e-05, 1.4091972099981899e-05, 1.9257602331203773e-06, 2.3392688162567403e-07, 2.5574111722413033e-08], [0.013374064188362405, 0.014621227340738651, 0.007992345705039566, 0.0029125502887109144, 0.0007960381248512355, 0.00017405411296699284, 3.1714178520436465e-05, 4.953085822799003e-06, 6.768716004476689e-07, 8.222127554121364e-08, 8.988860416713747e-09], [0.003760602831432903, 0.004111287949735687, 0.002247337642832311, 0.0008189690664074885, 0.0002238349677466776, 4.89416216961018e-05, 8.917590633690933e-06, 1.3927395821650266e-06, 1.9032698073746141e-07, 2.311949137146868e-08, 2.527543868367507e-09], [0.0008811914773126766, 0.0009633646690376465, 0.0005266003527294121, 0.00019190236083134064, 5.244942759025026e-05, 1.1468092180325628e-05, 2.089586488339059e-06, 3.2634933943614906e-07, 4.459777350765879e-08, 5.417402387207041e-09, 5.922587987018857e-10], [0.0001769849420033302, 0.00019348920690614638, 0.00010576626679479061, 3.8543073868138935e-05, 1.0534326691943789e-05, 2.303335519782356e-06, 4.1968783513143786e-07, 6.5546388497851e-08, 8.957343053069379e-09, 1.0880707224183995e-09, 1.189535893593547e-10], [3.1103581559273886e-05, 3.400406418604416e-05, 1.8587511842729486e-05, 6.773613777720254e-06, 1.8513173252261443e-06, 4.0479140986228636e-07, 7.375652788133889e-08, 1.151921410647692e-08, 1.574176012105575e-09, 1.9121907250370457e-10, 2.0905070377893763e-11], [4.858832872013864e-06, 5.311930541965464e-06, 2.9036403212373137e-06, 1.058137218789202e-06, 2.892027549687614e-07, 6.323431932748871e-08, 1.15218448882651e-08, 1.7994691721805199e-09, 2.459092416536747e-10, 2.987120674403427e-11, 3.265676750129375e-12], [6.831184746314551e-07, 7.468208898635549e-07, 4.0823185307460443e-07, 1.4876681332536837e-07, 4.0659917728676926e-08, 8.89031026610482e-09, 1.619892124782971e-09, 2.5299298585192756e-10, 3.4573147601722414e-11, 4.199686164123593e-12, 4.591316842851517e-13]]",1.0,0.907091651054508,0.09290834894549205,0.7232905900772736,0.2767094099227264,0.4559771209154574,0.5440228790845426,2.499183571063435,1-1:0.137|1-0:0.105|0-0:0.093|2-1:0.089|2-0:0.081
2026-10-25,14,Atlas,Puebla,1,1,1.5064676865797597,0.90532884465896,0.502517070679967,0.28133772631253945,0.21614462422915487,-101.0,255.0,363.0,,,"[[0.10006966830894119, 0.07075084291762548, 0.03674115414492067, 0.011087608877819264, 0.002509483033846636, 0.00045438147514472696, 6.856077598786826e-05, 8.867149730574071e-06, 1.00346080262483e-06, 1.0094022323343228e-07, 9.138409567954059e-09], [0.12464539481238643, 0.13269018555547135, 0.055349361486968986, 0.016703124495869588, 0.003780455100510098, 0.0006845110096859754, 0.00010328459359255703, 1.3358074541174258e-05, 1.5116812739036963e-06, 1.520631845773132e-07, 1.3766718720854092e-08], [0.1017325008011455, 0.09210136741456779, 0.04169101227647051, 0.01258135865897319, 0.0028475667247420504, 0.0005155968586000035, 7.779745138435504e-05, 1.0061753825601386e-05, 1.1386494957718228e-06, 1.1453913694206804e-07, 1.0369558451599668e-08], [0.051085575043958394, 0.046249244633285454, 0.020935387605100962, 0.006317803424337855, 0.001429922418734553, 0.0002589100022609795, 3.906644886959688e-05, 5.052569002862921e-06, 5.717795572401958e-07, 5.751650288398649e-08, 5.2071349104783144e-09], [0.01923969201351718, 0.017418248142191728, 0.007884621233276755, 0.0023793916772319834, 0.0005385329795348942, 9.750988803461454e-05, 1.4713085712867022e-05, 1.9028829842568773e-06, 2.153418567073093e-07, 2.1661688259949305e-08, 1.961095120574243e-09], [0.005796794863622061, 0.005248005596607954, 0.0023755854217704176, 0.00071689533509336, 0.00016225650636536741, 2.9379099089231433e-05, 4.4329576392625e-06, 5.733263454250895e-07, 6.488110973953008e-08, 6.526526680075554e-09, 5.908652858908669e-10], [0.001455447357963026, 0.0013176584750466023, 0.0005964571124345137, 0.00017999660949631922, 4.0739030629458175e-05, 7.376443906458665e-06, 1.1130179065876413e-06, 1.439496022079604e-07, 1.6290215882006224e-08, 1.6386669248557494e-09, 1.483532433860504e-10], [0.0003132263448984548, 0.000283572844943667, 0.00012836333804475223, 3.8737010842874354e-05, 8.767433317980262e-06, 1.5874820552783074e-06, 2.395322158369902e-07, 3.097934631747183e-08, 3.505811976235826e-09, 3.526569673374586e-10, 3.192705248005534e-11], [5.898317089687614e-05, 5.339916596239087e-05, 2.4171902613241693e-05, 7.294506888684999e-06, 1.650981873472504e-06, 2.9893630241274924e-07, 4.5105942881659285e-08, 5.833673022329374e-09, 6.6017405717795e-10, 6.640829071763689e-11, 6.012134111117444e-12], [9.872915667572865e-06, 8.938235334739089e-06, 4.046021134444615e-06, 1.2209932130374927e-06, 2.763500937239162e-07, 5.003754221449364e-08, 7.550071713770242e-09, 9.764711002457005e-10, 1.1050343162853805e-10, 1.1115771565234975e-11, 1.0063428628647083e-12], [1.4873228425525533e-06, 1.3465162706829835e-06, 6.095200098259583e-07, 1.839386820974176e-07, 4.163124863783671e-08, 7.537994046200516e-09, 1.137393906815472e-09, 1.4710221593991303e-10, 1.6646984900456807e-11, 1.6745550674428578e-12, 1.5160230045258467e-13]]",1.0,0.89992975291272,0.10007024708727996,0.7045335151827082,0.29546648481729176,0.4333696746811706,0.5666303253188294,2.4117965312387195,1-1:0.133|1-0:0.125|2-0:0.102|0-0:0.100|2-1:0.092
2026-10-25,14,America,Pachuca,1,1,1.6012297727958975,1.087071276262619,0.48283394974034904,0.2691474536511502,0.24801754089804284,107.0,272.0,303.0,,,"[[0.0780783192404013, 0.06383493849525687, 0.04017646612484272, 0.014558227435351546, 0.0039564577195672695, 0.000860190308537817, 0.0001558480294218233, 2.4202559463799347e-05, 3.288738400641783e-06, 3.9723256116439516e-07, 4.3182010723804806e-08], [0.0987958466661402, 0.12843988677465337, 0.06433175372482398, 0.02331106720861896, 0.006335197895379274, 0.001377362332301242, 0.0002495485047417945, 3.8753858791298634e-05, 5.266025842044786e-06, 6.36060603660397e-07, 6.914432122014798e-08], [0.08716918918075477, 0.09475912173350075, 0.05150495970018078, 0.01866318742504342, 0.005072053743317602, 0.0011027367872041725, 0.00019979224777462977, 3.10269162536777e-05, 4.216058681297349e-06, 5.092395879417795e-07, 5.535797287873205e-08], [0.046525966995567526, 0.05057704232122407, 0.027490424972860774, 0.009961350453416508, 0.002707174487673675, 0.0005885783250762051, 0.00010663776517018404, 1.6560407354477895e-05, 2.2502928947826416e-06, 2.7180319656623066e-07, 2.9546944778351197e-08], [0.018624690890355497, 0.02024636649617552, 0.011004621733339128, 0.003987602730816105, 0.001083702097454142, 0.00023561228443359035, 4.2687891123729e-05, 6.629254326404536e-06, 9.008089951592577e-07, 1.0880484267073602e-07, 1.182786191856305e-08], [0.005964481912551554, 0.006483816964922723, 0.0035241855915558837, 0.0012770136429329953, 0.0003470512126569868, 7.54538809343041e-05, 1.3670624441036928e-05, 2.122991879774992e-06, 2.8848043653027195e-07, 3.484431070175122e-08, 3.7878249305043946e-09], [0.0015917510029466934, 0.0017303467942655654, 0.0009405051490096, 0.00034079871088847673, 9.261812239854791e-05, 2.0136500104167396e-05, 3.6483018112832654e-06, 5.66566300883274e-07, 7.69872439735714e-08, 9.29895795136579e-09, 1.010863008810364e-09], [0.0003641084423994254, 0.0003958118291771376, 0.00021513783515171638, 7.795672034358438e-05, 2.1186127869287085e-05, 4.606166212385793e-06, 8.345384971959955e-07, 1.2960040417673396e-07, 1.7610609596569165e-08, 2.12710976110058e-09, 2.3123199227502825e-10], [7.287765981203753e-05, 7.92232106629046e-05, 4.306063836247302e-05, 1.5603327700458874e-05, 4.240482339320426e-06, 9.219413097148307e-07, 1.6703598603182175e-07, 2.5940003216771034e-08, 3.5248290503889637e-09, 4.2574893493487733e-10, 4.628194380671079e-11], [1.2965986518080634e-05, 1.4094951512213822e-05, 7.661108464621008e-06, 2.7760569854073027e-06, 7.544429525261187e-07, 1.6402665265398135e-07, 2.9718110440274773e-08, 4.6151006063461314e-09, 6.27117913277634e-10, 7.57468744837633e-11, 8.234225151796901e-12], [2.0761523646420896e-06, 2.25692560074713e-06, 1.2267194966169805e-06, 4.445105096012194e-07, 1.2080365174608616e-07, 2.626443597616058e-08, 4.75855232282045e-09, 7.389836495329815e-10, 1.0041598737937818e-10, 1.212881506196355e-11, 1.3184886468961998e-12]]",1.0,0.9219206250491407,0.07807937495085926,0.7592898398877438,0.2407101601122562,0.5035042978074931,0.49649570219250694,2.6883010490585164,1-1:0.128|1-0:0.099|2-1:0.095|2-0:0.087|0-0:0.078
2026-10-25,14,Querétaro,Cruz Azul,1,1,1.4076480877268154,1.1137310776611002,0.4262041789682201,0.28664322100058004,0.28715227216225125,135.0,249.0,248.0,,,"[[0.09107874235585023, 0.07875683597958347, 0.04983214973994603, 0.018499871277346466, 0.0051509703935776795, 0.0011473591614879382, 0.00021297492589804966, 3.388525624788966e-05, 4.717382869723082e-06, 5.837662119151905e-07, 6.501585722984422e-08], [0.10237269038731037, 0.13669603668454064, 0.07014613028875134, 0.026041308426748986, 0.007250753624457061, 0.0016150779296043385, 0.0002997937471741498, 4.7698516159474994e-05, 6.640414975640932e-06, 8.217373918819447e-07, 9.151944710150984e-08], [0.07960441137818451, 0.088657906870803, 0.04937053308119844, 0.01832849900440871, 0.00510325473702263, 0.0011367306795686657, 0.00021100204746107417, 3.35713625296458e-05, 4.673683721086733e-06, 5.783585341481201e-07, 6.44135873511279e-08], [0.03735166581704005, 0.041599711022849296, 0.02316544549393415, 0.008600025524819586, 0.0023945289239175717, 0.0005333722557850785, 9.900554287167458e-05, 1.5752221422413185e-05, 2.1929673175425622e-06, 2.713750948713617e-07, 3.022388768614645e-08], [0.013144500240191866, 0.01463943841782548, 0.008152198762719042, 0.003026452371103522, 0.0008426635151897795, 0.00018770010897560082, 3.484124077441698e-05, 5.5433960906773224e-06, 7.717315627465475e-07, 9.550015833808883e-08, 1.063614942626852e-08], [0.0037005661254461515, 0.004121435498849304, 0.0022950853998220753, 0.0008520359785560322, 0.00023723473715081, 5.28431398931239e-05, 9.808841190027527e-06, 1.5606301813108482e-06, 2.1726529170772102e-07, 2.688612305244378e-08, 2.9943910801327107e-09], [0.0008681824716651511, 0.0009669217997741064, 0.0005384454290382131, 0.00019989446931480747, 5.565717068211858e-05, 1.2397424136672744e-05, 2.3012327573263785e-06, 3.661363483951615e-07, 5.097217873363038e-08, 6.30769995019339e-09, 7.025081463091741e-10], [0.00017458505657676993, 0.00019444080320477013, 0.00010827738264726928, 4.019729535402217e-05, 1.1192244268424165e-05, 2.4930300541036638e-06, 4.6276084146639744e-07, 7.362730438081828e-08, 1.0250127131666317e-08, 1.268431681834893e-09, 1.4126917839494547e-10], [3.0719290129495964e-05, 3.421302810090754e-05, 1.9052056328436632e-05, 7.072955742109903e-06, 1.969342655227333e-06, 4.38663623538062e-07, 8.142555169562817e-08, 1.295516677701736e-08, 1.8035714819808523e-09, 2.231881789183741e-10, 2.485716110279788e-11], [4.8046611119011406e-06, 5.351100397954039e-06, 2.979843406443047e-06, 1.1062480694397127e-06, 3.0801571363440077e-07, 6.86093345365188e-08, 1.2735391348494673e-08, 2.0262573044278304e-09, 2.8208821640988527e-10, 3.4907823695297775e-11, 3.887792810296761e-12], [6.763272026343026e-07, 7.532466242414192e-07, 4.194570872804908e-07, 1.5572079794982905e-07, 4.33577730287274e-08, 9.65777985605399e-09, 1.792694927816113e-09, 2.852257219820323e-10, 3.970809383996425e-11, 4.913793127139065e-12, 5.47264411489229e-13]]",1.0,0.9089209297752012,0.09107907022479877,0.7277914034083074,0.2722085965916926,0.46165880560563605,0.5383411943943639,2.5213791653879154,1-1:0.137|1-0:0.102|0-0:0.091|2-1:0.089|2-0:0.080
2026-10-25,14,Tijuana,Santos Laguna,1,1,1.875031332820232,0.9616112863361644,0.5788178716260226,0.240675640213464,0.1805019070809093,-137.0,315.0,454.0,,,"[[0.06762577482626592, 0.04736810179878153, 0.027103842914693796, 0.008687787083284012, 0.002088568528142864, 0.000401678213789738, 6.437638397592711e-05, 8.843579629251719e-06, 1.0630107478876314e-06, 1.1357812585171039e-07, 1.0921800769991416e-08], [0.10091475136380318, 0.11470237039062484, 0.050820554704888506, 0.01628987299402842, 0.003916131431010104, 0.0007531592365670226, 0.00012070773704852963, 1.6581988899137703e-05, 1.993178459413977e-06, 2.1296254469495656e-07, 2.047871865455404e-08], [0.10305019704928017, 0.09909423254175352, 0.04764506621148531, 0.015272011135732703, 0.003671434568293039, 0.0007060985835830664, 0.0001131653945399093, 1.554587437318023e-05, 1.8686360316517829e-06, 1.996557220100863e-07, 1.9199119566649504e-08], [0.0644074494402331, 0.061934930305854036, 0.029778664000276494, 0.009545166464892771, 0.00229468495064959, 0.0004413189894260783, 7.072955351776451e-05, 9.716333848600005e-06, 1.167917036327984e-06, 1.2478691151525262e-07, 1.1999650250009938e-08], [0.03019149644186799, 0.02903248372987841, 0.01395898201251107, 0.004474371549664717, 0.0010756515453547567, 0.00020687173323561428, 3.315503225054847e-05, 4.554607601566698e-06, 5.474702593123785e-07, 5.849484225424109e-08, 5.624930050413189e-09], [0.011322000362646616, 0.010887363332623133, 0.005234705729546461, 0.001677917370060154, 0.00040337607014733477, 7.757819633832114e-05, 1.2433344862088747e-05, 1.708006392327755e-06, 2.0530477799958563e-07, 2.1935932407015802e-08, 2.1093840178893653e-09], [0.003538184238360735, 0.0034023578967444087, 0.0016358728768321989, 0.0005243579404576842, 0.00012605712840602394, 2.424359147967196e-05, 3.885485198029303e-06, 5.337609170452972e-07, 6.41588152544874e-08, 6.855093429630218e-09, 6.591935210821314e-10], [0.0009477437583167239, 0.0009113610945520157, 0.0004381875572244493, 0.0001404553668530348, 3.3765866498091174e-05, 6.493927663496935e-06, 1.0407723556448812e-06, 1.4297406338497042e-07, 1.7185684125541222e-08, 1.8362164242809664e-09, 1.7657264377444151e-10], [0.00022213115529108279, 0.00021360382597479643, 0.0001027019249309751, 3.2919776714025055e-05, 7.914007207968237e-06, 1.5220397302656038e-06, 2.439350971459092e-07, 3.351010607843067e-08, 4.0279620264176325e-09, 4.303704161707426e-10, 4.138490494949788e-11], [4.627809735181524e-05, 4.45015407236693e-05, 2.1396591909614418e-05, 6.858401423138097e-06, 1.6487790536784017e-06, 3.1709690933836257e-07, 5.082066114701413e-08, 6.981388762576362e-09, 8.391727785492378e-10, 8.966200167100288e-11, 8.621999276232853e-12], [8.677288255795857e-06, 8.344178321565547e-06, 4.0119280246094915e-06, 1.28597175614428e-06, 3.0915123865446946e-07, 5.9456664054988624e-08, 9.529033200529129e-09, 1.3090322676429746e-09, 1.5734752534296347e-10, 1.6811906249651038e-11, 1.6166518794489962e-12]]",1.0,0.93236964409413,0.06763035590586997,0.7840867909315454,0.21591320906845457,0.5392303805769466,0.4607696194230534,2.8366426191563963,1-1:0.115|2-0:0.103|1-0:0.101|2-1:0.099|0-0:0.068
2026-10-30,15,Atlético San Luis,Atlas,1,1,1.6911739689396312,1.4039474979020075,0.43486485333085145,0.25444850813923925,0.3106846117705503,130.0,293.0,222.0,,,"[[0.05442523094787439, 0.05440030247675385, 0.04461465765810034, 0.020878878996281533, 0.007328212481457059, 0.0020576851154871815, 0.00048148031155973846, 9.656758267191053e-05, 1.6946977008834238e-05, 2.6436295520617445e-06, 3.7115170949968876e-07], [0.06740290505090418, 0.1166400042327968, 0.07545114766453245, 0.03530981665915174, 0.012393282187498677, 0.0034799035035864598, 0.0008142669694667729, 0.00016331258205816088, 2.866028636955887e-05, 4.470837481966359e-06, 6.276821096333176e-07], [0.0647369748341319, 0.09088731384012469, 0.06380050842843878, 0.029857521390994186, 0.010479598112610487, 0.0029425611098436214, 0.0006885335512647841, 0.0001380949937885396, 2.4234765125276652e-05, 3.7804819844305578e-06, 5.307598222904893e-07], [0.03649382888912796, 0.05123541975775518, 0.03596591968642974, 0.016831420984502524, 0.005907607844331916, 0.0016587942503272144, 0.00038814333954685464, 7.784755291201941e-05, 1.3661734641077958e-05, 2.1311509073713997e-06, 2.992023984055667e-07], [0.015429353361057569, 0.021662002045502702, 0.015206156785665843, 0.007116215257313731, 0.002497698151259425, 0.0007013274139950285, 0.00016410447801473423, 3.2913438757614437e-05, 5.776092498887963e-06, 9.010367346071464e-07, 1.265008269069497e-07], [0.005218744152358354, 0.007326842794894243, 0.005143251304706562, 0.002406951600108004, 0.0008448084191357163, 0.00023721333325042807, 5.550584428098891e-05, 1.113247017103326e-05, 1.9536754552613576e-06, 3.047619741251946e-07, 4.278698110287429e-08], [0.001470967376837394, 0.002065160968206339, 0.0014496887870390882, 0.000678428981766708, 0.00023811966786389406, 6.686150237975427e-05, 1.564500649533752e-05, 3.137823960541394e-06, 5.506675122823816e-07, 8.590091956053039e-08, 1.2060038108448814e-08], [0.0003553802481238306, 0.0004989352101572465, 0.0003502394199577393, 0.00016390591910543946, 5.752882625485264e-05, 1.615349033554795e-05, 3.7797753898294657e-06, 7.580866001689518e-07, 1.3303922318752978e-07, 2.0753342724106596e-08, 2.913660359061226e-09], [7.512622808779119e-05, 0.00010547327995066996, 7.403947374113053e-05, 3.464917796828053e-05, 1.2161406678232201e-05, 3.4147952953745752e-06, 7.9903221846478e-07, 1.602570405509597e-07, 2.812405888783752e-08, 4.3871891229364716e-09, 6.159383191969557e-10], [1.4116835702966003e-05, 1.9819296163472843e-05, 1.391262562944328e-05, 6.51086531390141e-06, 2.2852282666572133e-06, 6.416681014216678e-07, 1.501447209124136e-07, 3.011361503545404e-08, 5.284741810226241e-09, 8.243888935028071e-10, 1.1573987243314695e-10], [2.3874025064653643e-06, 3.351787775437029e-06, 2.3528670304116762e-06, 1.1011005934141998e-06, 3.864718557655703e-07, 1.0851723898232368e-07, 2.539208435807791e-08, 5.092736185862883e-09, 8.9374177820215e-10, 1.3941850369748897e-10, 1.9573625942733122e-11]]",1.0,0.9455727422927666,0.054427257707233445,0.8237695347651086,0.1762304652348914,0.5977778980400795,0.4022221019599205,3.095121466841639,1-1:0.117|2-1:0.091|1-2:0.075|1-0:0.067|2-0:0.065
2026-10-30,15,FC Juárez,Querétaro,1,1,0.911647815754714,1.6919564229333868,0.1919790169590136,0.2599438196576802,0.5480754157706822,421.0,285.0,-121.0,,,"[[0.08373008661123045, 0.11549181049233867, 0.10592961582388113, 0.05974276462402728, 0.025270538582355118, 0.008551330013080342, 0.002411412956709054, 0.0005828579486355249, 0.00012327128123145665, 2.317440400475455e-05, 3.9210081703497645e-06], [0.057744010519045555, 0.12387619682593361, 0.09657050288957722, 0.05446436087664246, 0.02303783130154927, 0.007795801328222423, 0.0021983593548664257, 0.0005313611757688496, 0.00011237999427994252, 2.1126894792351783e-05, 3.5745785340557503e-06], [0.030753407431191853, 0.052033425230292404, 0.04401914401280868, 0.0248261578148338, 0.010501194292891486, 0.003553512626465835, 0.0010020647520539595, 0.00024220712763326418, 5.1225488159918424e-05, 9.630143745563571e-06, 1.6293783564078062e-06], [0.009345425570553617, 0.015812052819144103, 0.013376652163556414, 0.007544237515158354, 0.0031911302799767977, 0.0010798506747247921, 0.0003045100474849272, 7.36025329556962e-05, 1.5566534797319537e-05, 2.9264331703489842e-06, 4.951397398857276e-07], [0.002129934202173364, 0.0036037558537927216, 0.003048698931754193, 0.001719421913057221, 0.0007272967373823941, 0.00024611087723852766, 6.940147991624952e-05, 1.6774897100768697e-05, 3.5477993617115257e-06, 6.669691019251985e-07, 1.1284826559004519e-07], [0.00038834997262252133, 0.0006570712305246799, 0.0005558679444054881, 0.0003135014462798815, 0.0001326076964080379, 4.487328873359607e-05, 1.2653941515158706e-05, 3.0585596602851736e-06, 6.468687077680562e-07, 1.216081849891981e-07, 2.0575574967374513e-08], [5.9006400714954034e-05, 9.983625868384766e-05, 8.445929956088758e-05, 4.763381812283291e-05, 2.0148586130441973e-05, 6.818105943285571e-06, 1.92265635716372e-06, 4.6472153894240924e-07, 9.828607408613703e-08, 1.8477306037216254e-08, 3.1262796628173873e-09], [7.68472233247646e-06, 1.3002215308893187e-05, 1.0999590852122317e-05, 6.203609463962561e-06, 2.6240592194804498e-06, 8.879587701115034e-07, 2.5039792406503144e-07, 6.052319655871666e-08, 1.2800326394247545e-08, 2.406399384265655e-09, 4.071522894351221e-10], [8.757200411354546e-07, 1.481680148290622e-06, 1.2534691218166055e-06, 7.069383772020926e-07, 2.9902723198129647e-07, 1.0118820915654929e-07, 2.853434006792508e-08, 6.8969799931559075e-09, 1.4586736997828986e-09, 2.7422359281240915e-10, 4.639743691788252e-11], [8.870536252375184e-08, 1.5008560787069647e-07, 1.2696915411334328e-07, 7.160875860549675e-08, 3.0289724765214164e-08, 1.0249778873077714e-08, 2.8903631996584614e-09, 6.986240828960616e-10, 1.4775518803399209e-10, 2.777725993509369e-11, 4.699791335867198e-12], [8.08680499905082e-09, 1.3682521659153857e-08, 1.1575115201565274e-08, 6.52819683716075e-09, 2.761356142201888e-09, 9.344188521610087e-10, 2.6349932977064353e-10, 6.36899119205833e-11, 1.3470069443761555e-11, 2.5323078347479024e-12, 4.284554505846249e-13]]",-1.0,0.9162681657761456,0.08373183422385444,0.7430323447647613,0.2569676552352387,0.48247312468375475,0.5175268753162452,2.6036042386881006,1-1:0.124|0-1:0.115|0-2:0.106|1-2:0.097|0-0:0.084
2026-10-30,15,Puebla,UNAM,1,1,1.0576457020100565,1.3553215791693383,0.28134560341018133,0.29380529223916596,0.42484888051780517,255.0,240.0,135.0,,,"[[0.1004834977107878, 0.1104336238732332, 0.08224629353213862, 0.037156725476934355, 0.012589827962540063, 0.0034126531031320206, 0.0007708737321490049, 0.00014925454342805015, 2.528598793713792e-05, 3.807849455757625e-06, 5.160860537616531e-07], [0.08377699246854114, 0.13929859465513122, 0.08698743886052394, 0.039298651001447193, 0.013315577433626526, 0.003609377886978864, 0.0008153112895998466, 0.0001578584263621506, 2.674361646279206e-05, 4.0273556107833855e-06, 5.458361966283435e-07], [0.050085503829148066, 0.06788196414321289, 0.046000945419847845, 0.02078202466323691, 0.0070415816212285945, 0.001908721504546667, 0.000431155240622777, 8.347914308399976e-05, 1.4142635504038702e-05, 2.1297576761055663e-06, 2.8865065368274166e-07], [0.017657572619302234, 0.02393168920668997, 0.01621756740390043, 0.007326673021379839, 0.0024824995123484774, 0.0006729170318726506, 0.000152003162381264, 2.9430452296758306e-05, 4.985965885313789e-06, 7.508430174853264e-07, 1.0176337441664839e-07], [0.004668863947183864, 0.006327812057824024, 0.0042881101154484185, 0.0019372560577738548, 0.0006564012348693569, 0.00017792695164236822, 4.019137284612013e-05, 7.781747844969601e-06, 1.3183463472427235e-06, 1.9853147258190423e-07, 2.690739889345207e-08], [0.000987600777401745, 0.0013385166452169989, 0.000907060246669974, 0.0004097861086394929, 0.00013884798897073386, 3.763673513526041e-05, 8.501646549716535e-06, 1.6460664324716248e-06, 2.7886866958438497e-07, 4.1995191737995704e-08, 5.691698958385949e-09], [0.00017408861958679092, 0.00023594606281377963, 0.00015989139522577984, 7.223475275766425e-05, 2.4475329794606055e-05, 6.634388525583172e-06, 1.498621655552719e-06, 2.9015918125444e-07, 4.9157374968531196e-08, 7.402672341129894e-09, 1.0033001567453354e-09], [2.6303440039261846e-05, 3.564961989159836e-05, 2.4158349564133873e-05, 1.091411082712894e-05, 3.6980324803633916e-06, 1.0024046442211241e-06, 2.2643010756207528e-07, 4.384080156464501e-08, 7.427298051080528e-09, 1.1184863692835351e-09, 1.515908712296741e-10], [3.4774650382005704e-06, 4.713083407080159e-06, 3.1938718230203436e-06, 1.4429078009467953e-06, 4.889010198437419e-07, 1.3252362045442415e-07, 2.9935353758588003e-08, 5.796004418440327e-09, 9.81931232659125e-10, 1.4787028765369568e-10, 2.004117917750312e-11], [4.086584390603415e-07, 5.538636009681387e-07, 3.7533164515427704e-07, 1.6956502600757352e-07, 5.745378470511861e-08, 1.557367084315932e-08, 3.5178886934356913e-09, 6.811243513327461e-10, 1.153928164323735e-10, 1.7377152687991347e-11, 2.3551630022555147e-12], [4.3221584166230826e-08, 5.8579145706376424e-08, 3.969679013257843e-08, 1.7933972096813336e-08, 6.076574845757974e-09, 1.6471426031786764e-09, 3.7206798567620274e-10, 7.203882427214657e-11, 1.2204471634253509e-11, 1.8378870853626524e-12, 2.4909280268686434e-13]]",-1.0,0.8995162784563646,0.10048372154363538,0.7053056621145903,0.29469433788540966,0.43367527009817225,0.5663247299018277,2.4129672811793945,1-1:0.139|0-1:0.110|0-0:0.100|1-2:0.087|1-0:0.084
2026-10-31,15,Pachuca,UANL,1,0,1.2690004763111524,0.8502433697820589,0.4505495237905778,0.3112566151507003,0.23819375100847745,122.0,221.0,320.0,,,"[[0.13116261501558643, 0.09109310581006447, 0.04341907871130085, 0.012305594598776295, 0.0026156875547088654, 0.0004447942001625318, 6.303055326761777e-05, 7.655901429926707e-06, 8.1367242881252e-07, 7.686884308581234e-08, 6.535722417652906e-09], [0.1413952250244954, 0.1406473905661341, 0.05509883156563219, 0.015615805407139062, 0.0033193087528067032, 0.000564444051866691, 7.99858021187624e-05, 9.715342561168223e-06, 1.03255069972434e-06, 9.754659848938308e-08, 8.293834861039012e-09], [0.09672030700661577, 0.08223579975566028, 0.03496022175048761, 0.00990823224982087, 0.002106102194167742, 0.00035813988533491383, 5.075101049341955e-05, 6.164387168824244e-06, 6.551536648828008e-07, 6.189333997277995e-08, 5.262440194552275e-09], [0.040912705220118764, 0.034785756353253816, 0.014788179351104094, 0.0041911838148080685, 0.0008908815625196093, 0.0001514932283586757, 2.1467685496473898e-05, 2.607536751134774e-06, 2.7713010426442373e-07, 2.618089263531528e-08, 2.2260130378152635e-09], [0.01297956060287712, 0.011035785345280697, 0.004691551660081461, 0.001329653564324758, 0.000282632281793552, 4.8061244736268414e-05, 6.810625780080849e-06, 8.272413447972157e-07, 8.791955857792827e-08, 8.305891306116557e-09, 7.062029013156011e-10], [0.003294213717472107, 0.002800883371925768, 0.0011907162582563504, 0.0003374662012913879, 7.173210004338506e-05, 1.2197948492486298e-05, 1.7285374717799222e-06, 2.0995393211438901e-07, 2.2313992342491447e-08, 2.108036004730114e-09, 1.7923436362836313e-10], [0.0006967264627571392, 0.0005923870555109643, 0.0002518365831464569, 7.137412836294772e-05, 1.5171344853642478e-05, 2.5798670744973352e-06, 3.655858125017327e-07, 4.440527330942649e-08, 4.7194111518375084e-09, 4.458497823472622e-10, 3.7908082135953175e-11], [0.00012630660187105616, 0.00010739135080056771, 4.565439199506096e-05, 1.2939114698410559e-05, 2.750349120793291e-06, 4.676932209080821e-07, 6.627551002818543e-08, 8.050044711484152e-09, 8.555621427985652e-10, 8.082622659455698e-11, 6.872196326652403e-12], [2.003539224195167e-05, 1.703495941470231e-05, 7.241930648428551e-06, 2.052467839415954e-06, 4.3627429303858064e-07, 7.418786501248164e-08, 1.0512956724191482e-08, 1.2769388216499328e-09, 1.3571359584064616e-10, 1.282106500586574e-11, 1.0901025514782063e-12], [2.8249913664574968e-06, 2.4019301790220454e-06, 1.021112604696464e-06, 2.893980739813523e-07, 6.151469840758564e-08, 1.0460492893038535e-08, 1.4823274544930602e-09, 1.8004844143266316e-10, 1.9135624195964382e-11, 1.8077708443622106e-12, 1.5370451745042757e-13], [3.584915389609453e-07, 3.048050541245104e-07, 1.295792381727133e-07, 3.672462937258658e-08, 7.8062181579363e-09, 1.327437046371531e-09, 1.8810742458007896e-10, 2.2848155793712997e-11, 2.428311621918999e-12, 2.294062062557057e-13, 1.9505110585576824e-14]]",1.0,0.8688372749341693,0.1311627250658307,0.6363489440996094,0.3636510559003906,0.35556216781555866,0.6444378321844413,2.1192438460932115,1-0:0.141|1-1:0.141|0-0:0.131|2-0:0.097|0-1:0.091
2026-10-31,15,Monterrey,Tijuana,1,1,1.6412469047170513,1.4766238874836448,0.40796268596734314,0.25516286982718867,0.3368726637414575,145.0,292.0,197.0,,,"[[0.053386468981556995, 0.05620732885245948, 0.04824315516987158, 0.023745665110470823, 0.008765854081577042, 0.002588773906210536, 0.0006371075648674697, 0.00013439546416854883, 2.480644409509145e-05, 4.069976434926629e-06, 6.009824425308174e-07], [0.06349210946072326, 0.11637837201054253, 0.07917892909633613, 0.038972499363007916, 0.01438693087858965, 0.004248817160580311, 0.0010456508188105525, 0.0002205761395746421, 4.071349958810542e-05, 6.6798362260946685e-06, 9.863605735929972e-07], [0.059599657512919436, 0.08800627796942093, 0.06497608614908627, 0.031981746974312, 0.011806252886431716, 0.003486679006755564, 0.0008580855848938348, 0.00018100995316565883, 3.341045258958848e-05, 5.481630265047353e-06, 8.094306191722211e-07], [0.0326059178050918, 0.048146677104326845, 0.035547266757605445, 0.017496647743011164, 0.006458992002054269, 0.0019075003758598308, 0.0004694434367297757, 9.9027341785372e-05, 1.8278267299285963e-05, 2.9989029017707594e-06, 4.428251660998714e-07], [0.013378590418266376, 0.01975514619247194, 0.014585460384267817, 0.007179079737785413, 0.00265020015774094, 0.0007826697719066398, 0.00019261814686811983, 4.063207954689983e-05, 7.499787407135996e-06, 1.2304850262695604e-06, 1.8169635829805701e-07], [0.004391514022691377, 0.0064846145081254815, 0.004787668341910545, 0.002356528479671442, 0.0008699265611545917, 0.00025691086811147464, 6.32267874679272e-05, 1.3337454957713268e-05, 2.4618005735995745e-06, 4.039059481331191e-07, 5.964171713100928e-08], [0.0012012597994606247, 0.0017738089149573716, 0.0013096243078287498, 0.000644607512189722, 0.000237960712637687, 7.027569451268804e-05, 1.7295128204489728e-05, 3.648342777691665e-06, 6.734037619084937e-07, 1.1048489786171458e-07, 1.6314463938879815e-08], [0.0002816519896608249, 0.0004158940558904707, 0.0003070595487951635, 0.00015113715487696274, 5.579318329440959e-05, 1.6477109442255746e-05, 4.055082233186188e-06, 8.554044701761784e-07, 1.5788883426530464e-07, 2.590471380478835e-08, 3.8251519202577756e-09], [5.778255702977853e-05, 8.532310399005699e-05, 6.299506675298461e-05, 3.100667345369461e-05, 1.1446298673282614e-05, 3.3803756088482958e-06, 8.31923895448743e-07, 1.7549124236972292e-07, 3.239182006591437e-08, 5.314503918711249e-09, 7.847523436494456e-10], [1.0537271430195607e-05, 1.555958670272578e-05, 1.1487828702308885e-05, 5.654400759049847e-06, 2.0873558075546634e-06, 6.164478894225867e-07, 1.5171027981837783e-07, 3.200271759380638e-08, 5.9069971579259564e-09, 9.69157011854608e-10, 1.4310803944267816e-10], [1.7294264118971969e-06, 2.55371235145253e-06, 1.8854363299584173e-06, 9.280267743820314e-07, 3.4258662581922553e-07, 1.0117431904341803e-07, 2.4899402716567056e-08, 5.2524361193368685e-09, 9.694840801618402e-10, 1.590625945891203e-10, 2.3487562677542143e-11]]",1.0,0.9466117505544324,0.05338824944556764,0.8269123122412496,0.17308768775875039,0.602691127547916,0.397308872452084,3.117870792200696,1-1:0.116|2-1:0.088|1-2:0.079|2-2:0.065|1-0:0.063
2026-10-31,15,Guadalajara,Atlante,2,0,2.1344052829337405,0.8846075213589959,0.6527740016764731,0.21062953133797535,0.13658141456665487,-188.0,375.0,632.0,,,"[[0.0567060126975839, 0.03535596882692079, 0.01911307913307292, 0.005635857852481994, 0.001246380561403933, 0.00022051152381871326, 3.2511025419394557e-05, 4.108499659012844e-06, 4.543012124829536e-07, 4.4653141058325827e-08, 3.95005044324993e-09], [0.09640786272602407, 0.10008971699722713, 0.04079505707476147, 0.012029204774201174, 0.0026602812548064754, 0.00047066096138643094, 6.939170440874886e-05, 8.769203377128484e-06, 9.6966290796682e-07, 9.530790017447616e-08, 8.431008533927414e-09], [0.11127130383693015, 0.09843143228557051, 0.043536592668977185, 0.012837599109773381, 0.0028390591821742714, 0.0005022906212269358, 7.405501024090506e-05, 9.358517007631721e-06, 1.0348268167146371e-06, 1.0171284281886177e-07, 8.997594577637063e-09], [0.07916601958282302, 0.0700308563590188, 0.03097491113119975, 0.009133546453361929, 0.0020199009723314365, 0.00035736391850494737, 5.26878016953e-05, 6.658289380504801e-06, 7.362466081724089e-07, 7.236547635159589e-08, 6.4015044667348416e-09], [0.04224309260660335, 0.03736855744526591, 0.016528253489208965, 0.004873672450494106, 0.001077821826586804, 0.00019068985889671554, 2.8114280571153396e-05, 3.5528720072627662e-06, 3.928621625063092e-07, 3.861431375671573e-08, 3.4158512381306947e-09], [0.018032776005398685, 0.015951929285357706, 0.0070555983130071295, 0.00208047844512465, 0.00046010172014563375, 8.140188844620785e-05, 1.2001453795390246e-05, 1.5166537563778103e-06, 1.6770541502364805e-07, 1.6483719055839013e-08, 1.4581621856763829e-09], [0.006414875395313957, 0.005674647023275489, 0.002509917718923467, 0.0007400973640506378, 0.00016367392369429033, 2.8957436790061505e-05, 4.269327730627688e-06, 5.395256316656834e-07, 5.965855396717831e-08, 5.8638228391963936e-09, 5.187181787469802e-10], [0.001955991990445682, 0.0017302852264662035, 0.0007653116627141786, 0.00022566681767357383, 4.990664105879816e-05, 8.829558009275303e-06, 1.3017822375467505e-06, 1.6450947978648542e-07, 1.8190790394247574e-08, 1.7879677780240434e-09, 1.5816497443876037e-10], [0.000521859954722918, 0.00046164124104395833, 0.00020418565699849338, 6.020805597816512e-05, 1.3315124791172083e-05, 2.35573190762089e-06, 3.4731636063113605e-07, 4.389123784361946e-08, 4.853314889777793e-09, 4.770309838912273e-10, 4.219851962714625e-11], [0.00012376229381246234, 0.00010948105596714611, 4.8423882777431315e-05, 1.4278710306107363e-05, 3.1577636330221967e-06, 5.586762920890684e-07, 8.236820833115762e-08, 1.0409076658658097e-08, 1.150993437831414e-09, 1.1313082801561306e-10, 1.0007638136018253e-11], [2.641588937413168e-05, 2.3367694423744065e-05, 1.0335619122031334e-05, 3.0476554710835933e-06, 6.739947380578603e-07, 1.1924416292847385e-07, 1.7580713900780935e-08, 2.221718821070208e-09, 2.456686474329432e-10, 2.414670369791924e-11, 2.1360355707206483e-12]]",1.0,0.9432789348835194,0.05672106511648056,0.8115151033305745,0.18848489666942547,0.5810410033633443,0.4189589966366557,3.0190128042927364,2-0:0.111|1-1:0.100|2-1:0.098|1-0:0.096|3-0:0.079
2026-10-31,15,America,Toluca,1,1,1.8340081245192876,1.5157224690755098,0.4453099482535714,0.24208301418762576,0.3126027056534479,125.0,313.0,220.0,,,"[[0.043403765535511354, 0.0448825140745914, 0.040312512714948734, 0.02036752710231332, 0.0077178796171201765, 0.00233963270985779, 0.0005910389779525784, 0.00012797872271173554, 2.4247528197220198e-05, 4.083613700896525e-06, 6.189625041473461e-07], [0.056052369540691614, 0.1058653845478184, 0.07393347583900307, 0.03735421018200941, 0.014154653921860215, 0.004290905398270264, 0.001083970287472605, 0.00023471401721892408, 4.4470163713212365e-05, 7.489380704842504e-06, 1.135182261379036e-06], [0.0590205160053627, 0.089458722245759, 0.06779729768134103, 0.034253962479403176, 0.012979875146225214, 0.003934777680985667, 0.0009940051569811326, 0.00021523370725903335, 4.077932077436714e-05, 6.86779253014957e-06, 1.0409667450896648e-06], [0.03608136862238527, 0.05468934113594543, 0.04144693158934403, 0.020940681828068086, 0.007935065491141004, 0.0024054714117016244, 0.0006076711779058222, 0.00013158012259449102, 2.4929868537522496e-05, 4.19852909926906e-06, 6.363804892829477e-07], [0.016543380799307467, 0.0250751739919827, 0.019003502317813014, 0.009601345151412567, 0.003638243644836308, 0.0011029135280899145, 0.0002786184693288708, 6.032975346588509e-05, 1.1430395360253505e-05, 1.925034119772526e-06, 2.9178174690762134e-07], [0.006068138958589259, 0.009197614565006205, 0.006970515529038038, 0.0035217890028009053, 0.0013345136807220914, 0.00040455047423182714, 0.00010219770727805544, 2.212905160133579e-05, 4.192687591434502e-06, 7.061056431279299e-07, 1.0702601888300165e-07], [0.0018548360251274512, 0.0028114166397363847, 0.0021306636853906033, 0.0010764982739965897, 0.0004079181554544089, 0.00012365814275321692, 3.1238570909199596e-05, 6.7641434041260636e-06, 1.2815705177103462e-06, 2.1583391437758993e-07, 3.271443136106328e-08], [0.00048596919139068666, 0.0007365944226693206, 0.0005582363585177961, 0.0002820437972201051, 0.00010687503017747252, 3.2398576924623665e-05, 8.18454183512056e-06, 1.7722134226543928e-06, 3.3577296308930914e-07, 5.654873607361431e-08, 8.571218986459803e-09], [0.00011140893065957347, 0.00016886501945639098, 0.00012797625211546245, 6.465882694649288e-05, 2.4501209206716073e-05, 7.427406662827863e-06, 1.8763145276348878e-06, 4.062817269412862e-07, 7.697629278746346e-08, 1.2963855173788193e-08, 1.964960657275156e-09], [2.2702764885962663e-05, 3.441109084779211e-05, 2.6078831791698568e-05, 1.3176090437972748e-05, 4.992824082851568e-06, 1.5135471293038898e-06, 3.823528986484398e-07, 8.27915542282274e-08, 1.5686127374175957e-08, 2.6417573015354418e-09, 4.0041708997815557e-10], [4.163705524990661e-06, 6.3110220188421865e-06, 4.782878938394694e-06, 2.4165056912642854e-06, 9.15687993224531e-07, 2.7758577319861706e-07, 7.012383225547363e-08, 1.518403830961478e-08, 2.8768485046483026e-09, 4.845004354024137e-10, 7.343681962163059e-11]]",1.0,0.9565919025591336,0.04340809744086638,0.8556570189438507,0.1443429810561493,0.6504586056757208,0.3495413943242792,3.3497305935947974,1-1:0.106|2-1:0.089|1-2:0.074|2-2:0.068|2-0:0.059
2026-11-01,15,Santos Laguna,Necaxa,1,1,1.5989012556496347,1.1900974888290141,0.45856528870257574,0.26733973473259415,0.2740939010294633,118.0,274.0,265.0,,,"[[0.0714483745901706, 0.0632048265537684, 0.043539989221430306, 0.017272277278688852, 0.005138923453931507, 0.0012231639795616826, 0.0002426140634170768, 4.124776966103806e-05, 6.136108386674875e-06, 8.113963535738247e-07, 9.65640762833227e-08], [0.08833920350405153, 0.12695796888223534, 0.06961614343711647, 0.027616665828824258, 0.008216631163178443, 0.0019557184227865783, 0.00038791593063582417, 6.595111070378066e-05, 9.811031404256711e-06, 1.297342648558723e-06, 1.5439642282005177e-07], [0.07858986210022668, 0.09352959753289829, 0.05565466957754531, 0.022078160835281732, 0.006568790942007966, 0.0015635003209452916, 0.00031011963429005795, 5.272465685788148e-05, 7.843435215742027e-06, 1.0371613948941825e-06, 1.2343231715739635e-07], [0.04188580973112803, 0.049848196978585356, 0.02966210702343424, 0.011766933027322185, 0.0035009493617588284, 0.0008332942087893446, 0.00016528355755599308, 2.810050668458761e-05, 4.180292805018831e-06, 5.527728855358784e-07, 6.578536229690166e-08], [0.016742818443250568, 0.019925586185232606, 0.01185669504124571, 0.004703540998132648, 0.001399418082620494, 0.00033308878918971287, 6.606802192862898e-05, 1.1232483855594517e-05, 1.6709688537319349e-06, 2.2095731519309687e-07, 2.629607459497054e-08], [0.005354022686405441, 0.006371808954224688, 0.003791536917860514, 0.001504099521582766, 0.0004475062658961426, 0.00010651521665564973, 2.1127248643994503e-05, 3.591926508154866e-06, 5.343428396766845e-07, 7.065778574144297e-08, 8.408965337710974e-09], [0.001426758932678381, 0.0016979822229449058, 0.0010103821898015198, 0.000400817768946783, 0.00011925305507540355, 2.838455227608519e-05, 5.630064064217472e-06, 9.5718930068167e-07, 1.4239357288440699e-07, 1.882913705723599e-08, 2.2408508728633876e-09], [0.0003258923784241136, 0.0003878437011910524, 0.000230785907422811, 9.15525762936709e-05, 2.72391227857311e-05, 6.4834423250407556e-06, 1.285988071666457e-06, 2.1863588210775963e-07, 3.2524751783045145e-08, 4.300847269087669e-09, 5.118427534778355e-10], [6.513371663362012e-05, 7.75154726037719e-05, 4.6125484645571596e-05, 1.829794114923867e-05, 5.444083453112503e-06, 1.2957980093049562e-06, 2.5702099281724376e-07, 4.3697148304020286e-08, 6.500483308200446e-09, 8.59578762362697e-10, 1.0229825265385969e-10], [1.1571375701180314e-05, 1.3771065164271764e-05, 8.194455035250272e-06, 3.2507334532578726e-06, 9.671724298936654e-07, 2.3020589601622149e-07, 4.5661243127089686e-08, 7.763047254622935e-09, 1.154847880423466e-09, 1.527090624968307e-10, 1.817386717989111e-11], [1.8501487138210886e-06, 2.2018573382787082e-06, 1.3102124445226138e-06, 5.197601800196289e-07, 1.546413212586691e-07, 3.68076496198286e-08, 7.3007818970427e-09, 1.2412346003084067e-09, 1.8464877260934e-10, 2.4416671177526132e-11, 2.90582190539376e-12]]",1.0,0.9285505498744624,0.0714494501255376,0.7770065198166424,0.22299348018335763,0.5279186996127502,0.4720813003872498,2.788998744478649,1-1:0.127|2-1:0.094|1-0:0.088|2-0:0.079|0-0:0.071
2026-11-01,15,Cruz Azul,Leon,1,1,2.0133057245787507,1.0715132054792353,0.5832063250057218,0.22906689534656524,0.18771792942643706,-140.0,337.0,433.0,,,"[[0.05414325901481076, 0.040604264471970394, 0.02625700705013441, 0.009378243263526802, 0.002512227875266411, 0.0005383770687042008, 9.614635644062532e-05, 1.4717441512120505e-05, 1.9712416163881787e-06, 2.346901581277965e-07, 2.5147360362994354e-08], [0.08368026736059915, 0.10707546406499699, 0.052863382604340224, 0.018881270848950617, 0.0050578827627201775, 0.001083917634404095, 0.0001935720098193, 2.9630709247505157e-05, 3.96871203080219e-06, 4.7250303886098494e-07, 5.062932457686131e-08], [0.09269784162117163, 0.09932696141650807, 0.053215075408957466, 0.019006885343757083, 0.00509153216021636, 0.0010911287891588108, 0.00019485981774370543, 2.982783827566533e-05, 3.995115325409304e-06, 4.756465365098385e-07, 5.0966154501075255e-08], [0.06220969839733306, 0.06665851334162279, 0.03571273865158132, 0.01275555702299936, 0.003416936948346803, 0.0007322586124887048, 0.0001307707955179247, 2.0017519184068724e-05, 2.6811295183329498e-06, 3.1920729827710445e-07, 3.4203483538926616e-08], [0.03131178547691704, 0.03355099162564954, 0.017975165291903367, 0.006420208993648824, 0.0017198346796578163, 0.0003685651140989005, 6.582039780598874e-05, 1.007534649128763e-05, 1.3494833518991988e-06, 1.6066547023715276e-07, 1.7215517302364003e-08], [0.012608039389491779, 0.013509680701042796, 0.0072379006364876675, 0.002585168703981033, 0.0006925106011768289, 0.00014840685081906745, 2.650331673936957e-05, 4.0569505536047645e-06, 5.433845115204758e-07, 6.469374219411935e-08, 6.9320199072868e-09], [0.004230639646429693, 0.004533186248773418, 0.0024286844642287986, 0.0008674558251211399, 0.0002323725929467968, 4.979806038678882e-05, 8.89321321861609e-06, 1.361313628984233e-06, 1.8233319128193351e-07, 2.170804691730704e-08, 2.3260458937057273e-09], [0.001216795859826675, 0.0013038128321767428, 0.0006985263335753312, 0.0002494933969336536, 6.683386737357058e-05, 1.4322674292805754e-05, 2.5578224404198856e-06, 3.915343603115759e-07, 5.2441779684089894e-08, 6.2435621611483405e-09, 6.690059304900912e-10], [0.00030622275877909585, 0.0003281217298500836, 0.00017579338326952743, 6.278831053639038e-05, 1.681962597236832e-05, 3.60449026812284e-06, 6.437098202191679e-07, 9.853479612307181e-08, 1.319766690563447e-08, 1.571274930100403e-09, 1.6836418370410422e-10], [6.850222591625023e-05, 7.340103967398401e-05, 3.9325091653289586e-05, 1.4045785004393683e-05, 3.762561028382511e-06, 8.063267656666794e-07, 1.439982962238678e-07, 2.2042296567197857e-08, 2.9523264813552696e-09, 3.5149520129535775e-10, 3.766317498505574e-11], [1.3791592358357322e-05, 1.4777873336566379e-05, 7.917343214515184e-06, 2.827845935554813e-06, 7.57518565751941e-07, 1.6233822931977923e-07, 2.8991259411709927e-08, 4.437788186160192e-09, 5.943935805737996e-10, 7.07667300929903e-11, 7.582748580322381e-12]]",1.0,0.9458478907639134,0.0541521092360866,0.8215633589313436,0.17843664106865642,0.5955330461950408,0.40446695380495923,3.084818930057986,1-1:0.107|2-1:0.099|2-0:0.093|1-0:0.084|3-1:0.067
2026-11-06,16,Necaxa,Tijuana,1,1,1.313450758480664,1.7008820047649273,0.2873934482843074,0.25616132086921084,0.45644324650506984,248.0,290.0,119.0,,,"[[0.05841815069780199, 0.07413728013258798, 0.07099214384706912, 0.04024975331638767, 0.017115020278017805, 0.0058221260004134665, 0.0016504582239295436, 0.0004010335275282919, 8.526383878503388e-05, 1.6113747671849146e-05, 2.74075834443709e-06], [0.055122707975136305, 0.11898232318977062, 0.09324468518210134, 0.052866069022069015, 0.022479736365574432, 0.007647075811213063, 0.002167795606060909, 0.0005267377909082113, 0.00011198985372317581, 2.1164614101556295e-05, 3.599851126313105e-06], [0.0423340199304171, 0.07200517268900623, 0.06123615123836087, 0.034718489227463845, 0.014763013389904552, 0.005022028762198468, 0.0014236463915058757, 0.00034592207549440974, 7.354657915742193e-05, 1.3899339222319836e-05, 2.36411359613671e-06], [0.01853455019571396, 0.03152508289430214, 0.026810223096820577, 0.015200342003038382, 0.00646349704481011, 0.0021987291622737625, 0.0006232964775772176, 0.00015145053747777935, 3.2199936725991344e-05, 6.08536588131201e-06, 1.035048931993404e-06], [0.006086054753164609, 0.010351661009671737, 0.008803476965388699, 0.004991225183264064, 0.002122371273985842, 0.000721980621470507, 0.00020466730780803062, 4.9730705830623366e-05, 1.0573257828945678e-05, 1.9982071081104033e-06, 3.3987145119783435e-07], [0.0015987466463397832, 0.002719279400937615, 0.0023125866994913712, 0.0013111457005411966, 0.0005575260319188562, 0.00018965719897575593, 5.376408613533073e-05, 1.3063766658602224e-05, 2.7774907030080675e-06, 5.249093283498133e-07, 8.928088307234401e-08], [0.00034997916587556745, 0.0005952732652803923, 0.0005062447924165392, 0.0002870208858090825, 0.00012204716491608934, 4.151756530767078e-05, 1.1769413285578309e-05, 2.859769037725915e-06, 6.080162117564894e-07, 1.1490709257577295e-07, 1.954434059819894e-08], [6.566862869595624e-05, 0.00011169458882654169, 9.498965808234126e-05, 5.3855400023675865e-05, 2.290042018992172e-05, 7.79018252051866e-06, 2.2083635438307452e-06, 5.365951159543739e-07, 1.1408562207144287e-07, 2.156068684263667e-08, 3.6672184261012574e-09], [1.0781563771136107e-05, 1.8338167801550896e-05, 1.5595529807008766e-05, 8.842052001172085e-06, 3.7598217834973264e-06, 1.2790026425347565e-06, 3.6257209645569264e-07, 8.809890775591157e-08, 1.873073085518439e-08, 3.5398625608531525e-09, 6.020888529096208e-10], [1.5734503458673747e-06, 2.676253378676969e-06, 2.275995605991497e-06, 1.2903999897183278e-06, 5.487045303651874e-07, 1.8665633232622777e-07, 5.291339945485045e-08, 1.2857064134813348e-08, 2.7335436276265685e-09, 5.166039072744311e-10, 8.786822894743272e-11], [2.0666495502111656e-07, 3.515127030109703e-07, 2.989408154988189e-07, 1.694876845238978e-07, 7.206963815899317e-08, 2.4516390126910263e-08, 6.949914464776365e-09, 1.6887120639705128e-09, 3.5903749510461006e-10, 6.785337938436759e-11, 1.154105919573581e-11]]",-1.0,0.941579864960786,0.05842013503921395,0.8123198768530618,0.18768012314693816,0.5800113898858049,0.4199886101141951,3.0143327632455916,1-1:0.119|1-2:0.093|0-1:0.074|2-1:0.072|0-2:0.071
2026-11-06,16,Atlético San Luis,FC Juárez,2,1,2.3510683587387495,1.1824901914697887,0.6268434765011139,0.20145859712161385,0.17166201624221455,-168.0,396.0,483.0,,,"[[0.036116025940280155, 0.027614473322304225, 0.02041550459686905, 0.008047044646568012, 0.0023788878412215365, 0.0005626023077702415, 0.00011087861843942965, 1.8730411249763836e-05, 2.768565948130136e-06, 3.637557864556829e-07, 4.301376495742238e-08], [0.06173791191482888, 0.08809684838805644, 0.04799824688538431, 0.018919152049904096, 0.005592927932484284, 0.0013227164843520145, 0.0002606832114736099, 4.403647723548407e-05, 6.509087799730308e-06, 8.552147198440854e-07, 1.0112830178162137e-07], [0.08070408869743478, 0.09543179329622446, 0.05642357976357889, 0.022240109879348435, 0.006574677947384966, 0.0015548984369710896, 0.00030644202507500314, 5.176638412933291e-05, 7.651655185099176e-06, 1.0053341338765266e-06, 1.1887977524587673e-07], [0.06324694311912815, 0.07478888987881667, 0.044218564356307444, 0.017429339544069722, 0.005152505763664741, 0.0012185575054050222, 0.00024015538298055545, 4.056876925759679e-05, 5.996521465888653e-06, 7.878697573723758e-07, 9.316482602485161e-08], [0.03717447168858292, 0.04395844814482065, 0.025990216881741877, 0.010244392178944099, 0.0030284733172928026, 0.0007162279985653427, 0.0001411554305265926, 2.384498743862728e-05, 3.5245579702371293e-06, 4.630839143413421e-07, 5.4759218653607254e-08], [0.017479944827971362, 0.020669863306509193, 0.01222095530948421, 0.004817053261285239, 0.0014240295583143377, 0.0003367801970139521, 6.637321327504356e-05, 1.1212239096295914e-05, 1.657295344472998e-06, 2.177483876897631e-07, 2.5748533265150556e-08], [0.0068494241995904126, 0.00809937693323147, 0.004788716890281436, 0.0018875369174945025, 0.0005579984727435921, 0.00013196554417488403, 2.600799359979558e-05, 4.393456761652474e-06, 6.49402440912583e-07, 8.532355741062995e-08, 1.0089426973937925e-08], [0.0023004949301766438, 0.002720312690459857, 0.0016083715370997865, 0.0006339611889532283, 0.00018741322192742944, 4.432285933618722e-05, 8.735224403822756e-06, 1.4756167396868492e-06, 2.181127901310406e-07, 2.8657359440451602e-08, 3.388704645175815e-09], [0.000676077604972152, 0.0007994551365519561, 0.0004726739287464143, 0.00018631076150204162, 5.5077662010357816e-05, 1.3025759019267268e-05, 2.56713871278878e-06, 4.3365947828787314e-07, 6.409975993916437e-08, 8.42192637818112e-09, 9.95884533547985e-10], [0.00017661162945576713, 0.0002088415195309414, 0.00012347652420849228, 4.8669926251108024e-05, 1.4387927602873302e-05, 3.4027166531950228e-06, 6.706131777923369e-07, 1.1328478642997486e-07, 1.674476859952436e-08, 2.2000582919298773e-09, 2.6015473508688553e-10], [4.152260137987466e-05, 4.910006885601169e-05, 2.903017491136254e-05, 1.144263236311285e-05, 3.382700133493928e-06, 8.000019457080232e-07, 1.5766574232608065e-07, 2.6634027690199074e-08, 3.936809562874388e-09, 5.172487437537152e-10, 6.116415660388381e-11]]",1.0,0.963848063924662,0.036151936075337954,0.8744956786875289,0.12550432131247113,0.6852792370051687,0.3147207629948313,3.5335585502085385,2-1:0.095|1-1:0.088|2-0:0.081|3-1:0.075|3-0:0.063
2026-11-06,16,Atlante,Santos Laguna,1,1,1.617820259171532,1.058082128935805,0.4938637423719108,0.2678935462750514,0.23824155445736264,102.0,273.0,320.0,,,"[[0.07888314321278181, 0.06280485359871572, 0.03853710811939618, 0.013591808467333339, 0.003595312409800938, 0.0007608271617503001, 0.00013416960384282382, 2.028035143892695e-05, 2.682284678258266e-06, 3.153419425314888e-07, 3.3365767389647e-08], [0.10133984367373378, 0.12788586804933835, 0.062346114245442875, 0.021989103097231042, 0.005816569254626779, 0.0012308815960076116, 0.000217062303261939, 3.2809963421014546e-05, 4.339454493351617e-06, 5.101665831939475e-07, 5.3979814445775756e-08], [0.09009504410311285, 0.09532795607118688, 0.05043240335345017, 0.017787208235855934, 0.00470508178950473, 0.0009956725913312515, 0.00017558389585979993, 2.6540311762597123e-05, 3.5102286965485913e-06, 4.126789169217436e-07, 4.3664818698348075e-08], [0.04858586253365621, 0.05140783286579333, 0.02719685462130733, 0.009592168612690152, 0.0025373255467065993, 0.0005369397632525055, 9.468772796874961e-05, 1.4312484684752712e-05, 1.8929730332005304e-06, 2.2254677077632078e-07, 2.3547276101079814e-08], [0.01965079817906803, 0.02079215837259614, 0.010999905598023477, 0.0038796011777498538, 0.0010262341683938549, 0.00021716800673616735, 3.82969311506915e-05, 5.788756920518803e-06, 7.656225307943007e-07, 9.00101685937837e-08, 9.523815081158141e-09], [0.006358291880597465, 0.006727595009417809, 0.003559174025091347, 0.0012552994765738905, 0.00033205248565632575, 7.026776018833429e-05, 1.2391510215937213e-05, 1.873033644286947e-06, 2.477279282394401e-07, 2.91240548564937e-08, 3.0815641965802033e-09], [0.001714428903026072, 0.001814006583622903, 0.0009596839739516441, 0.00033847482075477644, 8.953353973384467e-05, 1.8946767666548996e-05, 3.341206044845703e-06, 5.050386293062176e-07, 6.67965435113929e-08, 7.852914329343087e-09, 8.309028311941825e-10], [0.00039623397317497194, 0.00041924808589366696, 0.00022179945363731625, 7.822734603379001e-05, 2.0692739208107595e-05, 4.378923510965583e-06, 7.722101184882517e-07, 1.167231037365457e-07, 1.5437828762194875e-08, 1.814943413649952e-09, 1.9203591910127593e-10], [8.012941864681234e-05, 8.478350587220759e-05, 4.4853956195953375e-05, 1.58197231543359e-05, 4.184641588578692e-06, 8.855388961753315e-07, 1.561621467534428e-07, 2.3604625242295487e-08, 3.121954016137479e-09, 3.670315279816037e-10, 3.883495005133368e-11], [1.4403888538050026e-05, 1.5240497049294012e-05, 8.062848781978433e-06, 2.843718734841068e-06, 7.522219932638174e-07, 1.5918252961298315e-07, 2.8071364970381982e-08, 4.243115658570823e-09, 5.611956061676829e-10, 6.597678241370243e-11, 6.980885439662467e-12], [2.3302902687705923e-06, 2.4656384886191777e-06, 1.3044240106121202e-06, 4.600625780611512e-07, 1.216959980096594e-07, 2.5752872131405612e-08, 4.5414422951681985e-09, 6.864598474443826e-10, 9.079136210161246e-11, 1.0673857522383972e-11, 1.1293817891241493e-12]]",1.0,0.9211156998915431,0.07888430010845693,0.7569710026190937,0.24302899738090633,0.5004529823472462,0.4995470176527538,2.675902388107337,1-1:0.128|1-0:0.101|2-1:0.095|2-0:0.090|0-0:0.079
2026-11-07,16,UANL,Cruz Azul,1,1,1.3688768070490385,1.2714098231651183,0.3815002518654478,0.2823444915924237,0.3361549191779886,162.0,254.0,197.0,,,"[[0.08191715864440384, 0.08012707658849726, 0.057660607710514344, 0.024436754350939442, 0.007767282382014332, 0.0019750798239580765, 0.00041852264828592185, 7.601625803540013e-05, 1.2080977148307762e-05, 1.7066525577546446e-06, 2.169854826659128e-07], [0.08708045096543778, 0.13473814436087922, 0.07893026857527605, 0.033450906270555684, 0.01063245270654003, 0.002703640963086709, 0.0005729059464633405, 0.00010405689258331436, 1.6537369424807928e-05, 2.336197104001253e-06, 2.9702639468770923e-07], [0.06684005841166922, 0.08498110684552657, 0.054022907013423466, 0.02289508488426746, 0.007277258956014211, 0.0018504757044785606, 0.0003921188313670724, 7.122053343544607e-05, 1.1318810727610736e-05, 1.5989830161812228e-06, 2.0329627138469944e-07], [0.030498601913845666, 0.03877622206606587, 0.024650234820014078, 0.01044685023116425, 0.0033205570012592514, 0.0008443577579561441, 0.0001789207912885195, 3.2497378801814234e-05, 5.164685829468063e-06, 7.296035885719311e-07, 9.27625169526874e-08], [0.010437207201821187, 0.013269967762805179, 0.008435783683357474, 0.003575112747038907, 0.0011363583663770234, 0.00028895543792952286, 6.1230130373429e-05, 1.1121227032922644e-05, 1.7674546619134143e-06, 2.4968435768396637e-07, 3.1745114505006755e-08], [0.002857450173787642, 0.003632990220158483, 0.00230950972668615, 0.0009787777844013866, 0.0003111069224459281, 7.910887945048434e-05, 1.6763301072155158e-05, 3.044717950258919e-06, 4.838855388407942e-07, 6.835742526330355e-08, 8.69103019660395e-09], [0.000651916211699358, 0.0008288526754351548, 0.0005269057167524725, 0.00022330436805365043, 7.09778417747725e-05, 1.8048385051901053e-05, 3.824482341208914e-06, 6.946406310192204e-07, 1.1039661523093166e-07, 1.5595482338754042e-08, 1.982824944248999e-09], [0.00012748471176207455, 0.00016208531483767532, 0.00010303843073771564, 4.366802433448346e-05, 1.3879988774268914e-05, 3.529430814605414e-06, 7.478921679784981e-07, 1.3583963557658849e-07, 2.1588480880905562e-08, 3.049756295466185e-09, 3.877490112315366e-10], [2.181385814805446e-05, 2.7734353530566904e-05, 1.7630864758948465e-05, 7.472018215140931e-06, 2.374999339399717e-06, 6.039194980246935e-07, 1.2797153036492376e-07, 2.3243465827348187e-08, 3.6939963471616537e-09, 5.218425825019322e-10, 6.634757855388097e-11], [3.317831610125499e-06, 4.218323700721301e-06, 2.6816090951936478e-06, 1.1364747151727101e-06, 3.612312791623406e-07, 9.18545993523002e-08, 1.9464139986568466e-08, 3.535271254054875e-09, 5.618473249948293e-10, 7.937091201305228e-11, 1.0091295720696888e-11], [4.541702740794961e-07, 5.774365478542655e-07, 3.67079249598234e-07, 1.555693879397584e-07, 4.944811200259844e-08, 1.2573763067414533e-08, 2.664400979676934e-09, 4.839350826302885e-10, 7.69099772287965e-11, 1.0864900060899712e-11, 1.3813740665135176e-12]]",1.0,0.9180825039914562,0.08191749600854381,0.7508749764375211,0.2491250235624789,0.4916361659544584,0.5083638340455416,2.640286630214157,1-1:0.135|1-0:0.087|2-1:0.085|0-0:0.082|0-1:0.080
2026-11-07,16,Atlas,Pachuca,1,1,1.1505938492086345,1.300593306270873,0.31687210103952235,0.2942203189139728,0.38890740136322954,216.0,240.0,157.0,,,"[[0.09717807159939834, 0.10111283395531703, 0.07289806114190694, 0.03160357678709634, 0.010275850105878757, 0.002672940372789752, 0.0005794013928185869, 0.00010765222473483922, 1.7501470361912458e-05, 2.5291439114001576e-06, 3.2893876417627777e-07], [0.08818420024482457, 0.13996809604044125, 0.08387606076911311, 0.03636288106422583, 0.011823329927213995, 0.003075468752233324, 0.0006666556787999821, 0.00012386398763353164, 2.013708415052369e-05, 2.9100174282204892e-06, 3.784749188275148e-07], [0.0570528106973777, 0.0742025036969487, 0.04825363980839559, 0.02091945364600168, 0.006801925345708397, 0.001769307714876508, 0.0003835249617836332, 7.125857115479794e-05, 1.1584802582294619e-05, 1.674124077000212e-06, 2.1773545684133784e-07], [0.02188153768948912, 0.02845898144986338, 0.018506780388489626, 0.008023264897964892, 0.0026087511551827988, 0.0006785848580314316, 0.000147093820682075, 2.732989122470211e-05, 4.443134198494831e-06, 6.420789552695088e-07, 8.350835913209181e-08], [0.0062941906691882715, 0.008186182252738854, 0.0053234469209127834, 0.0023078798105424857, 0.0007504032583173116, 0.00019519389095426978, 4.2311311333348305e-05, 7.861401185670816e-06, 1.2780607199991715e-06, 1.8469302415985058e-07, 2.402105109372262e-08], [0.001448411413942881, 0.0018837941897004418, 0.0012250250567581787, 0.0005310864629445946, 0.0001726818746892034, 4.491777806701675e-05, 9.736626914420429e-06, 1.8090559700788616e-06, 2.9410576066924116e-07, 4.2501331518013164e-08, 5.527694727992719e-09], [0.00027775554400104357, 0.00036124700130738224, 0.00023491771590540328, 0.00010184413627700339, 3.311445048120229e-05, 8.613686527338002e-06, 1.8671505066285665e-06, 3.4691477867448317e-07, 5.63993798738093e-08, 8.150295104633843e-09, 1.0600219257219037e-09], [4.565483150159985e-05, 5.9378368249905355e-05, 3.861355414155691e-05, 1.6740176682612292e-05, 5.443040434799322e-06, 1.415836391052341e-06, 3.0690455549623063e-07, 5.702257293463358e-08, 9.27039708314089e-09, 1.3396684880895632e-09, 1.742363868231306e-10], [6.566271039049672e-06, 8.540048160548294e-06, 5.553564736419996e-06, 2.407643040709938e-06, 7.828411056592488e-07, 2.0363158037882177e-07, 4.414031173100911e-08, 8.201227710580017e-09, 1.3333077329479464e-09, 1.9267679029681024e-10, 2.50594143733788e-11], [8.394567855297057e-07, 1.0917918761635994e-06, 7.099886029896475e-07, 3.07802141525648e-07, 1.000813512310244e-07, 2.6033027098722922e-08, 5.643063464427875e-09, 1.0484757955280879e-09, 1.7045507518135752e-10, 2.4632525533419115e-11, 3.2036897825311256e-12], [9.658738141069287e-08, 1.256209017329789e-07, 8.169085196081172e-08, 3.541552508126552e-08, 1.1515298714690536e-08, 2.9953440856072213e-09, 6.492874112864664e-10, 1.2063698013787446e-10, 1.961245610700648e-11, 2.8342032369226595e-12, 3.686145758552851e-13]]",-1.0,0.9028217497173263,0.09717825028267368,0.7135247155171847,0.28647528448281534,0.44360574763745886,0.5563942523625411,2.4511871554795075,1-1:0.140|0-1:0.101|0-0:0.097|1-0:0.088|1-2:0.084
2026-11-07,16,Toluca,Monterrey,2,1,2.4361964971055907,1.1473477442688969,0.6504764514093355,0.19305120737584103,0.1564231882533763,-186.0,418.0,539.0,,,"[[0.03439072632192857, 0.02525631286672687, 0.01828296580229647, 0.006992306523936747, 0.0020056517793688787, 0.0004602360089695566, 8.800845778709008e-05, 1.4425186502657452e-05, 2.0688381493102692e-06, 2.637418648742869e-07, 3.026036337327848e-08], [0.061056761244906915, 0.0842551466892154, 0.04454089724425597, 0.01703463266030327, 0.004886161839312057, 0.0011212253528934911, 0.0002144058965765741, 3.5142588827868934e-05, 5.040096252428091e-06, 6.425270073468338e-07, 7.372019125112334e-08], [0.08242921111442231, 0.09457496943399711, 0.05425518892219823, 0.02074985620825566, 0.005951825178611522, 0.0013657626385925514, 0.0002611674470993167, 4.280712590083818e-05, 6.139332417620165e-06, 7.826610222970474e-07, 8.979843584597046e-08], [0.06693791845871093, 0.07680106974965734, 0.044058767067353774, 0.016850242336665707, 0.004833271883839414, 0.001109088718672287, 0.00021208507326045493, 3.476219005692665e-05, 4.9855400434576795e-06, 6.355720136470488e-07, 7.29222116178381e-08], [0.0407684806181628, 0.046775624274519326, 0.026833953499069602, 0.010262625338991327, 0.0029437000082421297, 0.0006754895128521884, 0.0001291702281413757, 2.1171881412100873e-05, 3.0364387975128127e-06, 3.870945783263217e-07, 4.4413209126142435e-08], [0.019864005934857085, 0.022790922401502257, 0.013074556703585542, 0.005000354380391552, 0.0014342863297218357, 0.0003291250370084128, 6.293681146566992e-05, 1.0315772666659028e-05, 1.479472312435246e-06, 1.8860769115343023e-07, 2.163986089966526e-08], [0.00806543694616391, 0.009253860886724181, 0.0053086982070805816, 0.0020303076376327477, 0.0005823672220524612, 0.00013363554371160707, 2.5554406605276656e-05, 4.1885415392420505e-06, 6.007142108532419e-07, 7.658089941919325e-08, 8.78649222026945e-09], [0.002806998462267218, 0.003220603353848555, 0.0018475759966114916, 0.0007066040506925181, 0.00020268014091333138, 4.65089204970026e-05, 8.893650836769565e-06, 1.457730032268963e-06, 2.0906540803460243e-07, 2.665230270146202e-08, 3.0579459384094225e-09], [0.0008547999776445224, 0.0009807528261515461, 0.000562632271385161, 0.00021517828914221677, 6.17210811657407e-05, 1.4163108649870022e-05, 2.708335126877278e-06, 4.4391459979240855e-07, 6.366555183998121e-08, 8.116280810137457e-09, 9.312196479364132e-10], [0.00023138452347372466, 0.0002654785110663116, 0.000152298085411899, 5.8246288251271374e-05, 1.6707186859283032e-05, 3.83379063121547e-06, 7.331151721207166e-07, 1.2016257700314396e-07, 1.723353270876184e-08, 2.1969838754646886e-09, 2.520704493709545e-10], [5.6369816557113404e-05, 6.467578187165558e-05, 3.710280621963562e-05, 1.4189940340714975e-05, 4.070199010307386e-06, 9.339867306403354e-07, 1.786012614295451e-07, 2.9273964917823994e-08, 4.19842720178402e-09, 5.352284421604536e-10, 6.140931457813512e-11]]",1.0,0.965560120716624,0.034439879283375996,0.8792470466049903,0.12075295339500969,0.6942797229990562,0.30572027700094384,3.5835442413744873,2-1:0.095|1-1:0.084|2-0:0.082|3-1:0.077|3-0:0.067
2026-11-07,16,UNAM,America,1,1,1.5231974443154732,1.6279270220903344,0.3504506267250329,0.25405885544297296,0.3954886693991471,185.0,294.0,153.0,,,"[[0.05184509529178092, 0.0606406093186747, 0.056718390847614625, 0.030777800370104323, 0.012526003225748674, 0.004078283825997393, 0.0011065247406825186, 0.0002573345037097958, 5.236522403817279e-05, 9.471862581061764e-06, 1.541950104523672e-06], [0.05615776780498986, 0.11518016997968143, 0.08639330798477272, 0.046880666865394736, 0.019079576100947758, 0.00621203150095236, 0.0016854556570794542, 0.00039197125838495164, 7.976257542595199e-05, 1.4427516876380642e-05, 2.3486944584724344e-06], [0.04965539506121864, 0.08083535941272876, 0.06579703296418268, 0.035704255978587174, 0.014530980777793101, 0.004731075253128924, 0.0012836408746852404, 0.00029852480950853913, 6.074707552041511e-05, 1.0987978416960676e-05, 1.788762698311563e-06], [0.025211656951241126, 0.04104273762259705, 0.033407290818194664, 0.01812821048592314, 0.007377850928043904, 0.002402120578143385, 0.0006517461665798121, 0.0001515707423027234, 3.0843263394111774e-05, 5.578953547636026e-06, 9.082129235183406e-07], [0.00960058285877223, 0.015629048263612586, 0.01272147499894447, 0.006903210970542773, 0.0028094809195342543, 0.0009147259813914026, 0.0002481845238191941, 5.7718041827126864e-05, 1.174509499406501e-05, 2.1244619464284843e-06, 3.4584690099935517e-07], [0.0029247166548841607, 0.004761225274443576, 0.0038754636412630817, 0.002102990661580258, 0.0008558788312975325, 0.0002786616554208696, 7.560680648000984e-05, 1.7583194760394648e-05, 3.578019735640457e-06, 6.471950014690686e-07, 1.0535862314532888e-07], [0.0007424868223444088, 0.0012087143616404488, 0.0009838493856515773, 0.0005338783335230592, 0.0002172787414126859, 7.074278689429793e-05, 1.919401573386759e-05, 4.463779553655724e-06, 9.083384195063114e-07, 1.6430096203523904e-07, 2.6746997585260333e-08], [0.00016156486146184576, 0.00026301580379402, 0.00021408526711654726, 0.00011617173045681822, 4.727977480341225e-05, 1.539360460016411e-05, 4.176610815996871e-06, 9.713168011594376e-07, 1.9765410845222425e-07, 3.575182935294996e-08, 5.820136909282953e-09], [3.0761898008733366e-05, 5.00781250192039e-05, 4.076176646719003e-05, 2.2119060366691442e-05, 9.00205401854608e-06, 2.93093739822161e-06, 7.952253651033497e-07, 1.84938408643342e-07, 3.763327910661017e-08, 6.807136887502036e-09, 1.108152208223244e-09], [5.206271603243993e-06, 8.475430227262466e-06, 6.898690945400893e-06, 3.7435218023560113e-06, 1.5235450749599148e-06, 4.960440393799779e-07, 1.3458724930891801e-07, 3.129974571125659e-08, 6.369212728488838e-09, 1.1520681677942994e-09, 1.8754829016424382e-10], [7.930179600473458e-07, 1.2909753661640275e-06, 1.0508068417156917e-06, 5.70212284208792e-07, 2.3206599644783642e-07, 7.55573013051505e-08, 2.0500295418479297e-08, 4.767569267511014e-09, 9.701568550335761e-10, 1.7548272888614832e-10, 2.8567307626391247e-11]]",-1.0,0.9481530562753719,0.05184694372462806,0.8313546791517074,0.16864532084829265,0.6098007232631927,0.3901992767368073,3.1511244664058076,1-1:0.115|1-2:0.086|2-1:0.081|2-2:0.066|0-1:0.061
2026-11-08,16,Querétaro,Puebla,1,0,1.447793601927536,0.61182258826097,0.5654818009154812,0.28729856096471157,0.14721924623882252,-130.0,248.0,579.0,,,"[[0.13712344119503916, 0.06838860885110379, 0.023863880849853965, 0.004866820449169683, 0.0007444076709531033, 9.108908559276966e-05, 9.288393351615552e-06, 8.118355515959156e-07, 6.208741605246062e-08, 4.22072039862802e-09, 2.5823320786144687e-10], [0.17497733520908906, 0.12256169596672825, 0.03454997401157962, 0.007046151508037965, 0.0010777486632316813, 0.00013187819532664162, 1.3447676466655258e-05, 1.1753703174178788e-06, 8.988976372096547e-08, 6.110731988658687e-09, 3.738683861470263e-10], [0.1336298140990934, 0.08175773873093958, 0.02501061566036381, 0.005100686535774712, 0.0007801788095563914, 9.54662037138308e-05, 9.734729974607488e-06, 8.508468127265709e-07, 6.507091239699587e-08, 4.423539338136988e-09, 2.7064212871331904e-10], [0.06448946329314449, 0.03945611034757248, 0.01207006977778112, 0.0024615804439775185, 0.0003765126296117284, 4.607178631239834e-05, 4.697959924576309e-06, 4.106168572286553e-07, 3.140308354665261e-08, 2.1347906505431657e-09, 1.30611314121064e-10], [0.023341858086888816, 0.014281076029540568, 0.004368742449772605, 0.0008909651043551485, 0.00013627814404919308, 1.667560936311573e-05, 1.7004190802283868e-06, 1.4862211468480987e-07, 1.1366295859909877e-08, 7.726840613277793e-10, 4.727455623095601e-11], [0.006758838559059629, 0.004135210100841907, 0.0012650074734500015, 0.00025798671552521675, 3.946052500739618e-05, 4.828568108832374e-06, 4.923711729900329e-07, 4.303482934912165e-08, 3.2912100847185924e-09, 2.2373740806034856e-10, 1.368876000902833e-11], [0.0016309005370446095, 0.000997821787770839, 0.0003052449544085716, 6.225191935328469e-05, 9.521782605734953e-06, 1.165128335739809e-06, 1.1880863900475427e-07, 1.0384258431950278e-08, 7.941654838758269e-10, 5.398759798360383e-11, 3.3030831932321225e-12], [0.00033731533755905236, 0.00020637714288550222, 6.313309885905601e-05, 1.287541864962778e-05, 1.969367990789708e-06, 2.409807642726532e-07, 2.4572912486400202e-08, 2.1477518455056675e-09, 1.642553866324439e-10, 1.1166128420585359e-11, 6.831689591136913e-13], [6.104537344375285e-05, 3.734893838171435e-05, 1.142546207474998e-05, 2.330118592883695e-06, 3.5640479711327803e-07, 4.3611301087694346e-08, 4.447063184816931e-09, 3.886876725563951e-10, 2.972598723107323e-11, 2.0207811607030867e-12, 1.23635956005037e-13], [9.820122344349188e-06, 6.008172669759104e-06, 1.837967876765419e-06, 3.7483675450104605e-07, 5.733339832854296e-08, 7.015573631833268e-09, 7.153810695939399e-10, 6.252661394169502e-11, 4.781899347125283e-12, 3.250748928179595e-13, 1.9888816230254144e-14], [1.4217510300294366e-06, 8.6985939505531e-07, 2.6609981325293075e-07, 5.4268625493389615e-08, 8.300692727682726e-09, 1.0157102618019715e-09, 1.0357241354981819e-10, 9.052563161497898e-12, 6.923203279829436e-13, 4.7064134996912055e-14, 2.879490088807444e-15]]",1.0,0.8628761669239761,0.13712383307602394,0.6195102228637832,0.3804897771362168,0.33945483194810777,0.6605451680518922,2.059616190188506,1-0:0.175|0-0:0.137|2-0:0.134|1-1:0.123|2-1:0.082
2026-11-08,16,Leon,Guadalajara,1,1,1.0928980766061573,1.591924505350014,0.250934204295281,0.2699516501683558,0.4791131444615072,299.0,270.0,109.0,,,"[[0.07834550469306391, 0.09851005439427285, 0.08645921903602245, 0.045878849832289514, 0.018258916331323757, 0.005813363269793976, 0.0015424059079477848, 0.0003507705374369594, 6.980002678758624e-05, 1.2346263679694019e-05, 1.9654319701217737e-06], [0.06445983500220234, 0.12882526536145458, 0.09449111418933939, 0.05014090673861193, 0.019955134539416487, 0.006353413536170718, 0.0016856924501421078, 0.00038335644569496103, 7.628431502321126e-05, 1.349320782881005e-05, 2.1480168198463364e-06], [0.04074982006382604, 0.06487063714820834, 0.0516345784769509, 0.02739945026695885, 0.010904464078272688, 0.003471816716782251, 0.0009211450182549152, 0.00020948476107729785, 4.168549058204289e-05, 7.373350441676825e-06, 1.173781725463868e-06], [0.014845133323267496, 0.023632331522497618, 0.018810443834609784, 0.009981602165608465, 0.00397248927252172, 0.0012647806040334759, 0.00033557253957538027, 7.631516415322644e-05, 1.5185997493166258e-05, 2.686106838617255e-06, 4.276079300383061e-07], [0.004056054413990254, 0.0064569324166641765, 0.005139474471738295, 0.002727218452060336, 0.0010853814713193948, 0.00034556907236923983, 9.168664576594417e-05, 2.085117402973608e-05, 4.149186862906832e-06, 7.339102493708609e-07, 1.1683297107010125e-07], [0.0008865708135319732, 0.001411353803789646, 0.0011233843529858463, 0.000596114360148313, 0.0002372422644777857, 7.553435490538329e-05, 2.00408317616141e-05, 4.557641598415767e-06, 9.06927668390083e-07, 1.604178199877919e-07, 2.553730587333931e-08], [0.00016148858948070814, 0.00025707764292874776, 0.00020462409977794717, 0.00010858203960723348, 4.3213602422910175e-05, 1.3758558532296698e-05, 3.650431080975937e-06, 8.301729561281334e-07, 1.6519658406740463e-07, 2.9220054486335068e-08, 4.6516120784459385e-09], [2.5212938405329613e-05, 4.013709449932472e-05, 3.1947612153512137e-05, 1.69527288915313e-05, 6.74686613874596e-06, 2.148100308117186e-06, 5.699355867402769e-07, 1.2961348957184072e-07, 2.5791861284167704e-08, 4.5620773352061035e-09, 7.262482705216482e-10], [3.4443964860967754e-06, 5.483219172358935e-06, 4.3644354843416055e-06, 2.3159505998475196e-06, 9.217046282693323e-07, 2.934568368872953e-07, 7.786018831723115e-08, 1.7706791681909586e-08, 3.5234844486949564e-09, 6.232356931219106e-10, 9.921441724895702e-11], [4.182638105249087e-07, 6.658444096756772e-07, 5.299870162565123e-07, 2.8123310623202607e-07, 1.1192546838161645e-07, 3.56353791778947e-08, 9.454805561788362e-09, 2.1501909524472137e-09, 4.278677085478256e-10, 7.568145447613805e-11, 1.2047916198109562e-11], [4.5711971403663464e-08, 7.277000746535095e-08, 5.792217906929782e-08, 3.073591208789562e-08, 1.2232312911751181e-08, 3.89458373626522e-09, 1.0333138813163694e-09, 2.3499395562655196e-10, 4.676157957138022e-11, 8.271211603172768e-12, 1.3167144440026099e-12]]",-1.0,0.9216534942320801,0.0783465057679199,0.7586836048356047,0.2413163951643953,0.5026493003743018,0.4973506996256982,2.6848225819561713,1-1:0.129|0-1:0.099|1-2:0.094|0-2:0.086|0-0:0.078
2026-11-20,17,Tijuana,Atlante,1,1,1.8003780785641847,1.1162712309742502,0.524599292575715,0.24990339224168437,0.22549415475471032,-110.0,300.0,343.0,,,"[[0.06337865450614824, 0.05114273989615233, 0.0337151244952978, 0.012545074507605388, 0.0035009264408170874, 0.0007815966935282381, 0.00014541231720169493, 2.3188512331650607e-05, 3.2355836506141465e-06, 4.013098827323576e-07, 4.479706767997799e-08], [0.08816298047755193, 0.11801882753095316, 0.06069997105739654, 0.022585877137447127, 0.006302991218712818, 0.0014071695533064894, 0.0002617971482431533, 4.174808927641903e-05, 5.825273875926387e-06, 7.225095155825004e-07, 8.065165863498854e-08], [0.08770265406064075, 0.09789994960798026, 0.0546414486306086, 0.020331559041701905, 0.005673883609776557, 0.0012667186082979797, 0.00023566692336379568, 3.758117237760267e-05, 5.243847693925246e-06, 6.50395146704381e-07, 7.26017391031376e-08], [0.052632645267558585, 0.05875230772224867, 0.03279175543184624, 0.012201497733904516, 0.0034050452237887785, 0.0007601908046963381, 0.00014142985422228112, 2.2553439638459232e-05, 3.146969478490788e-06, 3.9031905484370143e-07, 4.357019318230836e-08], [0.023689665189139366, 0.026444091722048445, 0.014759389409283499, 0.005491827261443066, 0.001532592194357249, 0.0003421577150753387, 6.365680229908081e-05, 1.0151179580325638e-05, 1.4164337157463448e-06, 1.7568046749662296e-07, 1.961070517105867e-08], [0.00853007077901032, 0.009521872608783332, 0.005314496229093283, 0.001977473082552656, 0.0005518490780198745, 0.00012320264992665006, 2.292126228215187e-05, 3.6551922375973334e-06, 5.100232423137868e-07, 6.325825250256557e-08, 7.061336739031868e-09], [0.0025595587398551814, 0.002857161785289044, 0.001594683751578594, 0.0005933665314630907, 0.00016558949712380632, 3.6968558358159664e-05, 6.877823024301045e-06, 1.0967879962513677e-06, 1.5303911083666174e-07, 1.8981461848982828e-08, 2.1188459783854785e-09], [0.0006583104922903771, 0.0007348530635922439, 0.0004101476669406566, 0.0001526120136856878, 4.258910009459545e-05, 9.508197437735922e-06, 1.7689545430279475e-06, 2.8209043789761437e-07, 3.936118004475436e-08, 4.881972544573013e-09, 5.449605501913e-10], [0.00014815097240104887, 0.00016537666833215097, 9.230260856677525e-05, 3.434491549565619e-05, 9.58456027451068e-06, 2.139793779194987e-06, 3.980983726555049e-07, 6.348368007042951e-08, 8.858125712374216e-09, 1.0986745436751825e-09, 1.2264187853083663e-10], [2.963641811431288e-05, 3.30822809301316e-05, 1.8464399228656984e-05, 6.870425885390975e-06, 1.917314690100684e-06, 4.280486458567406e-07, 7.963639813789408e-08, 1.2699402882820366e-08, 1.7719972610804768e-09, 2.1978106265658973e-10, 2.4533527735649974e-11], [5.335675750017145e-06, 5.9560613375510935e-06, 3.3242899605131496e-06, 1.2369364154457848e-06, 3.451891337766356e-07, 7.706493985595602e-08, 1.4337562546327423e-08, 2.286372656108461e-09, 3.1902650241250685e-10, 3.956890072904659e-11, 4.4169625525110655e-12]]",1.0,0.9366181850659616,0.06338181493403838,0.7973124646922573,0.20268753530774275,0.5578758586053654,0.44212414139463463,2.916649309538435,1-1:0.118|2-1:0.098|1-0:0.088|2-0:0.088|0-0:0.063
2026-11-20,17,Puebla,Atlético San Luis,1,1,1.2693686042438312,1.2577401997208661,0.35772515716168796,0.2900660196304039,0.3522086157536581,180.0,245.0,184.0,,,"[[0.09075433725658608, 0.08961576731231397, 0.06318914508066627, 0.026491842651315992, 0.00832996386680998, 0.002095386083501837, 0.0004392418851926539, 7.892173948685411e-05, 1.2407880548064246e-05, 1.7339877954038898e-06, 2.180906156104829e-07], [0.09054475663537073, 0.13841139124856783, 0.08021031689440629, 0.03362791333014818, 0.010573794607014134, 0.002659817308166675, 0.0005575598587324283, 0.00010018077829692327, 1.5750174012920498e-05, 2.201069667627674e-06, 2.768373803361566e-07], [0.06436297362920922, 0.08095189930703042, 0.050908229001103956, 0.02134310870376136, 0.006711021450933241, 0.0016881442920055583, 0.0003538744898307851, 6.35831673594131e-05, 9.996388201689177e-06, 1.396984365919987e-06, 1.757043395399129e-07], [0.027233446000230598, 0.03425259981141745, 0.021540435863885547, 0.009030757368505973, 0.0028395866440738453, 0.0007142924545684285, 0.00014973238907800047, 2.6903492134806702e-05, 4.229700446352563e-06, 5.91096031572769e-07, 7.434452408045445e-08], [0.008642320334515617, 0.010869793703585373, 0.006835688251836042, 0.002865839969031281, 0.0009011205337543606, 0.00022667510401935663, 4.751639843350894e-05, 8.53761206511112e-06, 1.342262237989016e-06, 1.8757968614289836e-07, 2.3592651191294595e-08], [0.0021940580200904346, 0.0027595549723877107, 0.0017354016110558146, 0.0007275614562950844, 0.00022877082283744582, 5.7546852081175204e-05, 1.2063164871647406e-05, 2.1674753421330796e-06, 3.407651087130637e-07, 4.7621552876741375e-08, 5.989554142621038e-09], [0.00046417806109869635, 0.0005838154072723186, 0.0003671440534714025, 0.0001539239450464834, 4.8399083346146894e-05, 1.2174694550817928e-05, 2.5521004593143803e-06, 4.5855419162939794e-07, 7.209275507034985e-08, 1.00748840178455e-08, 1.267158663676954e-09], [8.417329393392281e-05, 0.00010586813552361524, 6.657730495877378e-05, 2.7912317611908385e-05, 8.776610981968473e-06, 2.207739289866675e-06, 4.6279374256141905e-07, 8.315347059982383e-08, 1.3073182839963188e-08, 1.8269630662358597e-09, 2.2978448918101318e-10], [1.3355867079438667e-05, 1.6798210927938528e-05, 1.0563892583729322e-05, 4.428877456029832e-06, 1.3925943040215501e-06, 3.50304367614041e-07, 7.343198088099592e-08, 1.3194050614166103e-08, 2.0743359818235598e-09, 2.898861946741054e-10, 3.6460152038573054e-11], [1.8837242614548021e-06, 2.3692357288212037e-06, 1.4899415093766965e-06, 6.246531105252851e-07, 1.96412831997083e-07, 4.9407262908750426e-08, 1.0356916786418849e-08, 1.860901512491835e-09, 2.9256632999779256e-10, 4.088582603589169e-11, 5.142374700413491e-12], [2.391140436543118e-07, 3.00743345021838e-07, 1.8912849741624398e-07, 7.929150470440468e-08, 2.4932028240771475e-08, 6.271602835798838e-09, 1.3146745005445966e-09, 2.3621699555469893e-10, 3.7137451395803715e-11, 5.1899183928535804e-12, 6.527568995962647e-13]]",1.0,0.9092454552891639,0.0907545447108361,0.7290849313414792,0.2709150686585208,0.4631214213830358,0.5368785786169642,2.5271088039646976,1-1:0.138|0-0:0.091|1-0:0.091|0-1:0.090|2-1:0.081
2026-11-20,17,FC Juárez,Atlas,1,1,1.3489875653643475,1.760525585177852,0.28606725097379004,0.25089230738578444,0.4630377078786028,250.0,299.0,116.0,,,"[[0.05364987933495793, 0.069532155516041, 0.06915288185811218, 0.04058180593332927, 0.017861326909587135, 0.006289064601910761, 0.0018453431897500427, 0.00046411055699837933, 0.00010213481374334884, 1.997899474806004e-05, 3.5173531420093606e-06], [0.05116822838152318, 0.11500280490875203, 0.0932863777357031, 0.05474435158409027, 0.024094707901940654, 0.008483869945750696, 0.0024893450168025893, 0.000626079370345135, 0.00013777859373058124, 2.6951415483612596e-05, 4.744865651565845e-06], [0.04060144539792125, 0.07147988341824191, 0.06292108179167251, 0.0369247247804359, 0.016251730675402015, 0.0057223175314929965, 0.0016790477367841978, 0.00042228664276336365, 9.293080485797017e-05, 1.817856217818077e-05, 3.200382381643364e-06], [0.01825694832587176, 0.03214182463496718, 0.02829325231207976, 0.01660366486110294, 0.00730779419892255, 0.0025731117316834867, 0.000755004839525011, 0.00018988647670241133, 4.178750006423415e-05, 8.174218111522829e-06, 1.4390920124160113e-06], [0.006157099068275111, 0.010839730440173048, 0.009541811388177918, 0.005599534359276206, 0.0024645308761470585, 0.0008677739325835368, 0.0002546230350772861, 6.403862397559993e-05, 1.4092704493578437e-05, 2.7567296472550843e-06, 4.853293075410886e-07], [0.001661170016363907, 0.0029245323151389693, 0.0025743569827407866, 0.001510740444498804, 0.0006649243012757765, 0.00023412324892050214, 6.869666163491781e-05, 1.7277461489225497e-05, 3.8021766248383154e-06, 7.437588030436705e-07, 1.3094064019596356e-07], [0.00037348294933849997, 0.0006575262879381127, 0.0005787959264210334, 0.00033966167902031556, 0.00014949576905493324, 5.2638225259409866e-05, 1.5445157054591024e-05, 3.884513451671095e-06, 8.548481647043117e-07, 1.6722022948936367e-07, 2.9439549237533644e-08], [7.197483636189121e-05, 0.00012671354090409867, 0.00011154121537507302, 6.545705448988309e-05, 2.8809704789954996e-05, 1.0144044476827337e-05, 2.9764749731061e-06, 7.48594334827835e-07, 1.6473993492294987e-07, 3.2225430036932e-08, 5.673369407337758e-09], [1.2136644908915628e-05, 2.1366873880364483e-05, 1.8808464070825025e-05, 1.103759407152861e-05, 4.857991690433375e-06, 1.710523732717872e-06, 5.019034659172891e-07, 1.2623055614811813e-07, 2.777901546624892e-08, 5.4339630510425055e-09, 9.566630980271424e-10], [1.8191314519299686e-06, 3.2026274639244435e-06, 2.8191537950161214e-06, 1.6543974615590394e-06, 7.281522647819953e-07, 2.563861384107801e-07, 7.522905939285472e-08, 1.8920383401426407e-08, 4.163727382448193e-09, 8.144831762784068e-10, 1.4339184705350563e-10], [2.453985708416717e-07, 4.320304625328426e-07, 3.8030034143264553e-07, 2.2317616038134835e-07, 9.822683508827989e-08, 3.458617126479246e-08, 1.0148306567501691e-08, 2.55233619404502e-09, 5.616816464489651e-10, 1.0987276769980277e-10, 1.934338186498053e-11]]",-1.0,0.9463473869032194,0.0536526130967806,0.8256470030056552,0.1743529969943448,0.6008898708408699,0.39911012915913013,3.1095131505422,1-1:0.115|1-2:0.093|2-1:0.071|0-1:0.070|0-2:0.069
2026-11-21,17,Santos Laguna,Leon,1,1,1.262283061507932,1.2495899084739934,0.3574751068774503,0.29108707310989973,0.35143762452385596,180.0,244.0,185.0,,,"[[0.0920149792441743, 0.09046313533258239, 0.06333043232012041, 0.026379023042172565, 0.008240740247225443, 0.00205950917025768, 0.0004289236459272738, 7.656837992237048e-05, 1.1959884357399623e-05, 1.6605500888358392e-06, 2.0750066335248548e-07], [0.0914927552757295, 0.1388462778504141, 0.07994093199566246, 0.03329779396526186, 0.010402146828359363, 0.002599683540636525, 0.0005414230529342233, 9.665096902311226e-05, 1.5096759441939219e-05, 2.0960842499229712e-06, 2.619245726015021e-07], [0.06462356957239318, 0.08075296038722955, 0.0504540421896411, 0.02101562065396554, 0.00656522687237824, 0.0016407682493132262, 0.00034171457441439123, 6.1000440538101216e-05, 9.528191863609907e-06, 1.3229258220856625e-06, 1.653114756937903e-07], [0.027191079081803765, 0.033977698021140285, 0.02122909428019684, 0.008842553992858982, 0.0027623915586532494, 0.0006903713229893696, 0.0001437801730512259, 2.5666607611922315e-05, 4.009091732077493e-06, 5.566356189500625e-07, 6.955662521371722e-08], [0.008580709637270884, 0.01072236817027924, 0.006699281530261847, 0.0027904515314138055, 0.0008717300184351228, 0.00021786100679007566, 4.537281925581042e-05, 8.099631008725021e-06, 1.2651521463582287e-06, 1.7565792830816186e-07, 2.1950037455732697e-08], [0.0021662568861689816, 0.0027069327441190563, 0.0016912779199844937, 0.0007044679404125031, 0.00022007400729573057, 5.500045172683541e-05, 1.1454668239894084e-05, 2.0448054053556e-06, 3.1939602491567924e-07, 4.434600550459348e-08, 5.541432095967209e-09], [0.0004557382290476702, 0.0005694858919237781, 0.0003558119117831322, 0.00014820632475968026, 4.6299281947928944e-05, 1.1571023098344834e-05, 2.409838949068529e-06, 4.3018720454337226e-07, 6.719469869400454e-08, 9.329535265664307e-09, 1.1658093118726337e-09], [8.218152100121375e-05, 0.00010269319930616027, 6.41621927609432e-05, 2.6725476193212574e-05, 8.348971337550097e-06, 2.086558065908245e-06, 4.3455698376732573e-07, 7.757400308179241e-08, 1.2116961426367296e-08, 1.682359191084137e-09, 2.102259067607205e-10], [1.296704274109881e-05, 1.6203485752028025e-05, 1.0123856138918178e-05, 4.2168894886782136e-06, 1.3173456375505885e-06, 3.29228362931091e-07, 6.856673998368407e-08, 1.2240043762938833e-08, 1.9118793956810535e-09, 2.654516887847115e-10, 3.3170575149275413e-11], [1.818675378882048e-06, 2.2725984002411238e-06, 1.4199080134777248e-06, 5.914342415343734e-07, 1.847625649368308e-07, 4.617548732176695e-08, 9.616737162691461e-09, 1.716711101563724e-09, 2.6814810853491306e-10, 3.723057448906853e-11, 4.652295016822927e-12], [2.295683125144327e-07, 2.8686624662343913e-07, 1.7923258343123066e-07, 7.465574250846297e-08, 2.3322265612052062e-08, 5.828653550314063e-09, 1.2139044427439269e-09, 2.1669753450065096e-10, 3.384788153790109e-11, 4.699552354776049e-12, 5.872513196873334e-13]]",1.0,0.9079848252670318,0.09201517473296816,0.72602893465872,0.27397106534128,0.4592286549157923,0.5407713450842078,2.5118729699819253,1-1:0.139|0-0:0.092|1-0:0.091|0-1:0.090|2-1:0.081
2026-11-21,17,Pachuca,Toluca,1,1,1.3534611421244918,1.3027586458354987,0.3709481078137076,0.2816369282264135,0.34741462057863937,170.0,255.0,188.0,,,"[[0.08075884503458396, 0.08092507306507238, 0.059582172681203485, 0.025873730199367166, 0.008426806429310155, 0.0021956189865131935, 0.00047672693627343976, 8.872287684755603e-05, 1.4448061862068956e-05, 2.091370834041833e-06, 2.724551435696195e-07], [0.08448505459950859, 0.13434784585481505, 0.08064215548736035, 0.035019088426656436, 0.011405355054276131, 0.002971684981156366, 0.0006452313836501595, 0.00012008296623066379, 1.955489030932116e-05, 2.8305891576481102e-06, 3.6875744979342956e-07], [0.0643102193794743, 0.08378069431218776, 0.05457301193465181, 0.0236984877090505, 0.007718352439047961, 0.002011030074315047, 0.0004366478027248556, 8.126381431212551e-05, 1.3233392086086489e-05, 1.9155462170978077e-06, 2.495494395821651e-07], [0.0290137943238733, 0.03779797140391885, 0.024620817020749117, 0.010691660747104906, 0.003482163369157736, 0.0009072836870763816, 0.00019699527792737758, 3.6662471644094e-05, 5.970293989005276e-06, 8.64205790261816e-07, 1.12585156504468e-07], [0.009817260800738662, 0.012789521386584223, 0.008330829781235307, 0.0036176868414960505, 0.0011782432026710744, 0.00030699330383532987, 6.665636346418004e-05, 1.2405307686130566e-05, 2.020140230294517e-06, 2.924172389795891e-07, 3.8094908627200477e-08], [0.00265745620318035, 0.0034620240446223785, 0.002255090878111093, 0.0009792797128679977, 0.0003189412781575222, 8.310070152670732e-05, 1.8043359564818868e-05, 3.3580203818552013e-06, 5.468362606692101e-07, 7.915507404924102e-08, 1.0311995707939781e-08], [0.0005994606179837154, 0.0007809525029161763, 0.0005086963125804606, 0.00022090283977294414, 7.194577110095422e-05, 1.8745595066613966e-05, 4.0701643407271035e-06, 7.574916835505106e-07, 1.2335360498673925e-07, 1.7855552821272413e-08, 2.3261475814085056e-09], [0.00011590666466784183, 0.00015099840950598685, 9.835724174566677e-05, 4.271191568823321e-05, 1.3910829360760673e-05, 3.6244906440946527e-06, 7.869727538906975e-07, 1.4646222273829683e-07, 2.3850615870075062e-08, 3.4523995592490775e-09, 4.4976433746903986e-10], [1.960939584264722e-05, 2.5546309973619346e-05, 1.664033809366312e-05, 7.2261147737151426e-06, 2.3534708743142577e-06, 6.132009058469857e-07, 1.3314213028772006e-07, 2.477886590818338e-08, 4.035110224485542e-09, 5.840860813164188e-10, 7.609231923471404e-11], [2.9489505881733986e-06, 3.841770874884574e-06, 2.5024501112874438e-06, 1.0866961727505743e-06, 3.539257086117894e-07, 9.221595537549277e-08, 2.0022522191567294e-08, 3.72635912807106e-09, 6.068183214478246e-10, 8.783753496861551e-11, 1.1443110810924176e-11], [3.9912900311378547e-07, 5.199687596101877e-07, 3.386968985732661e-07, 1.4708010431133045e-07, 4.790246938049319e-08, 1.2481071228461545e-08, 2.7099705753611616e-09, 5.043482281445075e-10, 8.213050184088386e-11, 1.1888469040002219e-11, 1.5487805827610535e-12]]",1.0,0.9192408115841764,0.08075918841582364,0.7538306839195956,0.24616931608040438,0.49559044600410274,0.5044095539958973,2.6562197879599907,1-1:0.134|1-0:0.084|2-1:0.084|0-1:0.081|0-0:0.081
2026-11-21,17,UNAM,Monterrey,1,1,1.9357663269857044,1.2880260309902052,0.5168190068018125,0.23791051196682966,0.24526420758714018,-107.0,320.0,308.0,,,"[[0.04825757809430792, 0.042814601242365316, 0.033017489839149, 0.014175795463592832, 0.004564698391775108, 0.0011758900704450929, 0.0002524295033860309, 4.644796733587689e-05, 7.478273876899019e-06, 1.0702457133688886e-06, 1.3785043383748081e-07], [0.06859714025262384, 0.10769731783251149, 0.06391414503221728, 0.02744102751665971, 0.008836189439644053, 0.002276248402604459, 0.0004886445325924026, 8.991241112572239e-05, 1.447619075487796e-05, 2.071745613540289e-06, 2.6684622798296613e-07], [0.07457626595439257, 0.09605617184330621, 0.0618614248857234, 0.026559708522319002, 0.008552398988064817, 0.002203142504808355, 0.00047295081602902065, 8.70247089176341e-05, 1.4011261303157257e-05, 2.0052076983858143e-06, 2.5827597130628807e-07], [0.04812074147561452, 0.061980767651141515, 0.039916421077712955, 0.017137796470686792, 0.005518481992014163, 0.0014215896914529847, 0.000305174087996463, 5.615316704616288e-05, 9.040842609749887e-06, 1.293871180382589e-06, 1.666539761080795e-07], [0.023287627744519732, 0.029995070734951133, 0.019317215954004784, 0.008293692331672481, 0.0026706229040545015, 0.0006879663638761711, 0.0001476864308530313, 2.7174852480391346e-05, 4.3752396728828455e-06, 6.261580656104653e-07, 8.065078880207507e-08], [0.009015881124643873, 0.011612689580854554, 0.007478723234974701, 0.0032109300684062298, 0.001033940377949096, 0.00026634842425805736, 5.717728395960014e-05, 1.0520832874469107e-05, 1.693888326251713e-06, 2.424191397558489e-07, 3.122421624157854e-08], [0.002908773181531935, 0.0037465755760593294, 0.00241284343451827, 0.0010359350507877804, 0.00033357782795745536, 8.593138515407495e-05, 1.8446976826248963e-05, 3.394312335040252e-06, 5.464953306053734e-07, 7.821113462603563e-08, 1.007379773116131e-08], [0.0008043864539497987, 0.0010360706916632445, 0.0006672430104041428, 0.00028647545546560133, 9.224696096986744e-05, 2.3763297401785344e-05, 5.101290939276904e-06, 9.386565030633047e-07, 1.5112675126297157e-07, 2.1628354400632185e-08, 2.7857883475495763e-09], [0.00019463802642993212, 0.00025069884466231214, 0.00016145331893211394, 6.931869252477547e-05, 2.232107010152924e-05, 5.750023866065368e-06, 1.2343634030511884e-06, 2.2712745640451234e-07, 3.6568259525200575e-08, 5.233430019607107e-09, 6.740794096619522e-10], [4.1863748612668555e-05, 5.3921597967947186e-05, 3.472621090765226e-05, 1.4909421202237369e-05, 4.800930653869752e-06, 1.2367447310326136e-06, 2.65493234543331e-07, 4.88517424490855e-08, 7.865289491706409e-09, 1.125633067399066e-09, 1.4498446921533467e-10], [8.103843488579822e-06, 1.0437961364361286e-05, 6.722182973883686e-06, 2.886115551813779e-06, 9.293479897954519e-07, 2.3940488054099233e-07, 5.139328634714975e-08, 9.456555804751778e-09, 1.5225362550039758e-09, 2.17896258841274e-10, 2.806560534429401e-11]]",1.0,0.9517361482614745,0.04826385173852554,0.840324406766485,0.159675593233515,0.6250333331404321,0.3749666668595679,3.22379235797591,1-1:0.108|2-1:0.096|2-0:0.075|1-0:0.069|1-2:0.064
2026-11-21,17,UANL,America,1,1,1.251108214910342,1.359631918545637,0.3325764500273173,0.284113251623196,0.3833099916855678,201.0,252.0,161.0,,,"[[0.08412729415244875, 0.08925878608581432, 0.06791765360414748, 0.03078100322430834, 0.010462708617156445, 0.002845086518065676, 0.0006447117401643266, 0.00012522438002693134, 2.128238300808809e-05, 3.2151341378344337e-06, 4.371398996205398e-07], [0.08128444930965294, 0.1356403000275417, 0.0849723343615839, 0.03851036599711389, 0.013089980701137652, 0.0035595111148826286, 0.000806604154368731, 0.00015666925055874835, 2.6626564214287282e-05, 4.02248073188334e-06, 5.469093194803396e-07], [0.057508193074538215, 0.0781899748820273, 0.05315479277994298, 0.024090317629096546, 0.008188491194105578, 0.0022266667984471634, 0.0005045745418557645, 9.800509319894839e-05, 1.6656356611666278e-05, 2.516279343988906e-06, 3.4212137120643886e-07], [0.02398299092673493, 0.03260803996617922, 0.022167465969614532, 0.010046531428520708, 0.0034148962002221615, 0.0009286003744684524, 0.00021042578478345638, 4.0871659068086004e-05, 6.946301529110623e-06, 1.0493792527579088e-06, 1.4267695267092205e-07], [0.0075013292416395635, 0.010199046668452887, 0.006933474694582544, 0.003142324500394296, 0.001068101172291014, 0.000290444889216575, 6.581635699288444e-05, 1.2783717104274287e-05, 2.172643726578642e-06, 3.282217509204738e-07, 4.462607689124114e-08], [0.0018769949273924865, 0.002552022214231075, 0.0017349054296530405, 0.0007862775992714688, 0.0002672620302017311, 7.26755973755163e-05, 1.646867698185391e-05, 3.198762697249485e-06, 5.436424828791921e-07, 8.212818577777224e-08, 1.1166410279570484e-08], [0.0003913872955009633, 0.0005321426594763628, 0.00036175907252191243, 0.000163953060608086, 5.572895358650026e-05, 1.5154172816670817e-05, 3.4340161767837125e-06, 6.669997146795987e-07, 1.1335926271740197e-07, 1.7125207983708922e-08, 2.328397938638319e-09], [6.995255151611382e-05, 9.510972182501634e-05, 6.465710677864441e-05, 2.9303288712352803e-05, 9.960421662918237e-06, 2.708501443015408e-06, 6.13760835558444e-07, 1.192126889112143e-07, 2.0260672117417325e-08, 3.0607840557809154e-09, 4.161539698015297e-10], [1.093977648196861e-05, 1.487406928663942e-05, 1.0111629680387144e-05, 4.58269815398926e-06, 1.5576956708059913e-06, 4.2357855068163644e-07, 9.598515291967557e-08, 1.8643496802296402e-08, 3.1685366657132152e-09, 4.786715095317621e-10, 6.508170628578051e-11], [1.5207604695415452e-06, 2.0676744748511348e-06, 1.4056381065848454e-06, 6.3705014521227e-07, 2.1653842778618378e-07, 5.8882511601956965e-08, 1.3343090369692408e-08, 2.591670222667528e-09, 4.4046469463538145e-10, 6.654109531319138e-11, 9.047139708280238e-12], [1.9026359163543344e-07, 2.5868845212466794e-07, 1.7586053823393174e-07, 7.970186699848965e-08, 2.7091300584706414e-08, 7.366839397976181e-09, 1.6693649973813228e-09, 3.2424599059178565e-10, 5.510689978363004e-11, 8.325011097546572e-12, 1.131895081047095e-12]]",-1.0,0.9158723991836324,0.08412760081636761,0.7453291637881649,0.25467083621183506,0.4842630170819377,0.5157369829180622,2.610740133455979,1-1:0.136|0-1:0.089|1-2:0.085|0-0:0.084|1-0:0.081
2026-11-22,17,Guadalajara,Cruz Azul,1,1,1.9061264980820893,1.2154397106532195,0.5263078620236177,0.24044468583489384,0.2332420519553354,-111.0,316.0,329.0,,,"[[0.05278875068698288, 0.044885695308717825, 0.03256550879551726, 0.01319380419589946, 0.004009068388569818, 0.0009745561844384536, 0.00019741904780486315, 3.427870719162531e-05, 5.2079627438194315e-06, 7.033294144934056e-07, 8.548545000457613e-08], [0.07533673804947193, 0.11084311164842117, 0.06207397923866079, 0.02514905978831061, 0.00764179148807619, 0.0018576273670279117, 0.0003763056782469843, 6.533955209795407e-05, 9.92703578701852e-06, 1.340634833846441e-06, 1.629460814541942e-07], [0.08009298181566361, 0.09734819064338376, 0.05916042833410441, 0.0239686446321748, 0.007283110624120095, 0.001770436373927183, 0.0003586431123426649, 6.227272581336272e-05, 9.461092980522597e-06, 1.2777097905232904e-06, 1.5529792180924106e-07], [0.05088911831641445, 0.061852655241900235, 0.03758908669517429, 0.01522908955216714, 0.0046275100496994985, 0.0011248918951703246, 0.00022787304659699508, 3.956656426021707e-05, 6.011346676997524e-06, 8.118254961917865e-07, 9.867249461922492e-08], [0.024250274221738036, 0.02947474628333051, 0.01791238854709415, 0.0072571427842627175, 0.002205154881468344, 0.0005360465622154837, 0.0001085887130793067, 1.8854719143616872e-05, 2.864596797545673e-06, 3.86860522527451e-07, 4.702056415639173e-08], [0.009244818055962379, 0.011236518982980575, 0.00682865569071166, 0.00276660643228968, 0.0008406608303883761, 0.00020435451128894859, 4.139676467861994e-05, 7.187895954708753e-06, 1.0920567724245805e-06, 1.474810186102915e-07, 1.792542865865344e-08], [0.002936965444402941, 0.003569704429943615, 0.002169380259724092, 0.0008789169717252854, 0.00026706764745049617, 6.492092482841342e-05, 1.3151245014797696e-05, 2.2835064907879027e-06, 3.469330585547492e-07, 4.685291292286908e-08, 5.6946890926232364e-09], [0.0007997468082182682, 0.0009720440291766479, 0.0005907304567823274, 0.00023933241848851872, 7.27235313694051e-05, 1.767821358506201e-05, 3.581133800782262e-06, 6.218074615190372e-07, 9.447118513883882e-08, 1.2758225547801914e-08, 1.5506853968268838e-09], [0.00019055232286267708, 0.00023160486016451112, 0.0001407508721121164, 5.702473309137969e-05, 1.7327531272165897e-05, 4.212113919155186e-06, 8.532617538560624e-07, 1.4815545988832455e-07, 2.2509253662294957e-08, 3.03984897314664e-09, 3.694753156350831e-10], [4.035742576440471e-05, 4.905201789379685e-05, 2.9809885217896498e-05, 1.2077372754615268e-05, 3.669829611580164e-06, 8.920913282491222e-07, 1.807138709805598e-07, 3.1378116436519285e-08, 4.7672760953057485e-09, 6.438151864313823e-10, 7.825185439103062e-11], [7.692635864391247e-06, 9.349935109176276e-06, 5.682141211861797e-06, 2.3021000234786788e-06, 6.995159466079237e-07, 1.7004389194848953e-07, 3.444634980470322e-08, 5.981065919955442e-09, 9.087031288935583e-10, 1.2271931867245157e-10, 1.4915793317880443e-11]]",1.0,0.947205849126864,0.05279415087313599,0.8269834157686743,0.1730165842313257,0.6034818135090723,0.39651818649092774,3.1215662087353087,1-1:0.111|2-1:0.097|2-0:0.080|1-0:0.075|1-2:0.062
2026-11-22,17,Querétaro,Necaxa,2,0,1.8833265562416694,0.7541291200536265,0.632842903840581,0.23277182168516197,0.13438050788336273,-172.0,330.0,644.0,,,"[[0.0801984501698646, 0.04529732682384798, 0.020343654892347473, 0.005113914187546885, 0.0009641379015711224, 0.00014541689346443616, 1.8277185651544534e-05, 1.9690511332080055e-06, 1.8561484980334354e-07, 1.5553062594564623e-08, 1.1729017408577994e-09], [0.12608357454852764, 0.1102659549599136, 0.038313745509773754, 0.009631170395748088, 0.0018157865139080114, 0.00027386749718773826, 3.4421909110913016e-05, 3.7083662897683893e-06, 3.4957337586744563e-07, 2.929149581523251e-08, 2.208956996419578e-09], [0.12687872870637462, 0.0956829440328611, 0.036078647193820965, 0.009069319487000481, 0.0017098594810542205, 0.00025789096517255406, 3.241384777255977e-05, 3.4920323568960984e-06, 3.2918041106310554e-07, 2.7582725970434558e-08, 2.080093686476413e-09], [0.07965135973163251, 0.06006740982549089, 0.022649291457799002, 0.005693496745636027, 0.0010734079227036712, 0.00016189763444142218, 2.0348620100012234e-05, 2.1922124243325364e-06, 2.0665140331656524e-07, 1.731576010455206e-08, 1.3058318930705538e-09], [0.03750238025583546, 0.02828163702224969, 0.010664003020632612, 0.0026806784047329626, 0.0005053944116270073, 7.622652858405908e-05, 9.580774154306513e-06, 1.0321629689170993e-06, 9.729801893767377e-08, 8.152807711603228e-09, 6.148269705517764e-10], [0.014125845731617634, 0.010652711611598083, 0.004016760016919756, 0.0010097185656754285, 0.00019036454335865524, 2.871188911449463e-05, 3.608745278831856e-06, 3.8877998594616356e-07, 3.664878858700517e-08, 3.070879854238847e-09, 2.315839922267551e-10], [0.004433930065954753, 0.0033437557790177764, 0.001260811801652452, 0.0003169382981777971, 5.975309997902901e-05, 9.012310541532308e-06, 1.13274096972263e-06, 1.2203327867794545e-07, 1.150360613333224e-08, 9.639115967525943e-10, 7.269138042685202e-11], [0.0011929340345329944, 0.0008996262937443895, 0.0003392171926392809, 8.52711876640408e-05, 1.607637142975269e-05, 2.4247319679949324e-06, 3.0476016423165276e-07, 3.2832644925630695e-08, 3.095006703349878e-09, 2.593371868619245e-10, 1.955737245253661e-11], [0.00028083554338506297, 0.0002117862612127596, 7.985709340391293e-05, 2.0074186526244375e-05, 3.78463215520726e-06, 5.708202633866224e-07, 7.174536382275548e-08, 7.729324012511692e-09, 7.286135395206005e-10, 6.10520763797588e-11, 4.60411486377143e-12], [5.8767226310405456e-05, 4.43180766654584e-05, 1.671077607909565e-05, 4.200694286647198e-06, 7.919664715008871e-07, 1.1944899565298795e-07, 1.501332766384621e-08, 1.6174267971733004e-09, 1.5246858091293194e-10, 1.2775666306632734e-11, 9.63450198991971e-13], [1.1067787794705058e-05, 8.346541070561193e-06, 3.147184836516883e-06, 7.911279104695312e-07, 1.4915314874306298e-07, 2.249614656296676e-08, 2.827499868687923e-09, 3.0461428398933807e-10, 2.8714812742580605e-11, 2.406075162896332e-12, 1.8144913453778972e-13]]",1.0,0.919796783239241,0.08020321676075903,0.7484158818668654,0.25158411813313464,0.49092754330822974,0.5090724566917703,2.637455676295296,2-0:0.127|1-0:0.126|1-1:0.110|2-1:0.096|0-0:0.080
